id,sales
1,7280
2,870
3,5400
4,5201
5,5744
6,6275
7,476
8,4436
9,5588
10,8332
11,1695
12,779
13,6959
14,2443
15,5321
16,5061
17,6430
18,1194
19,4565
20,3395
21,6406
22,8676
23,9284
24,2568
25,7859
26,2057
27,2757
28,9177
29,199
30,2744
31,3015
32,4668
33,1909
34,7744
35,1277
36,1538
37,3566
38,3900
39,8848
40,5403
41,8802
42,8443
43,7523
44,2622
45,7051
46,9565
47,6245
48,5496
49,7109
50,9680
51,785
52,8236
53,3162
54,1595
55,3953
56,7565
57,3083
58,1031
59,3853
60,7999
61,9702
62,6883
63,5685
64,171
65,4307
66,1005
67,7639
68,9477
69,1026
70,7879
71,6449
72,7902
73,6873
74,7926
75,8539
76,888
77,9278
78,4897
79,4869
80,6341
81,8581
82,8694
83,7218
84,5286
85,2072
86,74
87,8016
88,2578
89,5473
90,2037
91,2705
92,9697
93,5268
94,5628
95,6746
96,401
97,5902
98,3571
99,6194
100,3109
101,6288
102,8402
103,3114
104,7225
105,2464
106,9006
107,2741
108,8164
109,9772
110,5066
111,8120
112,3850
113,1038
114,7395
115,512
116,6920
117,9072
118,6948
119,4498
120,216
121,5144
122,5987
123,7731
124,7045
125,1494
126,7868
127,873
128,2800
129,7418
130,8765
131,5126
132,6029
133,1767
134,7584
135,6384
136,6902
137,1688
138,3252
139,4646
140,1069
141,6678
142,9924
143,3167
144,5925
145,9799
146,2703
147,3637
148,9565
149,5460
150,1673
151,9731
152,5602
153,7402
154,1316
155,6786
156,5874
157,9484
158,7536
159,8911
160,5585
161,5540
162,4423
163,3758
164,673
165,2008
166,8004
167,1505
168,3314
169,3773
170,5242
171,1863
172,6595
173,1301
174,3591
175,7564
176,7290
177,1646
178,3706
179,708
180,4747
181,864
182,8174
183,5865
184,7402
185,6538
186,5259
187,5182
188,1717
189,5801
190,9935
191,5545
192,4941
193,3520
194,212
195,4228
196,8968
197,4399
198,2337
199,8014
200,2941
201,7787
202,207
203,7135
204,1940
205,6297
206,8810
207,9349
208,4292
209,2521
210,9996
211,669
212,2821
213,7108
214,6556
215,9571
216,1996
217,8348
218,2921
219,1744
220,1853
221,8690
222,2986
223,1969
224,5769
225,6704
226,2395
227,4746
228,1812
229,8165
230,8130
231,6626
232,5544
233,4071
234,272
235,6297
236,8825
237,9218
238,2059
239,5433
240,4558
241,3118
242,7168
243,7410
244,3180
245,9884
246,2265
247,1164
248,4509
249,6305
250,6207
251,9898
252,1658
253,5549
254,9647
255,4209
256,8455
257,2567
258,5602
259,108
260,2210
261,2971
262,4983
263,4443
264,2879
265,966
266,8362
267,5709
268,6954
269,4503
270,9502
271,4921
272,3997
273,9729
274,6025
275,1228
276,4506
277,4745
278,4565
279,9156
280,8060
281,3456
282,1055
283,6903
284,1703
285,3446
286,8764
287,5905
288,3364
289,235
290,4903
291,7032
292,9161
293,5610
294,8006
295,9017
296,7693
297,4652
298,7689
299,8218
300,7349
301,9445
302,2215
303,1079
304,3454
305,1070
306,2337
307,3430
308,311
309,616
310,3180
311,709
312,5098
313,9341
314,200
315,990
316,2985
317,6112
318,1194
319,3337
320,3404
321,8329
322,1826
323,5864
324,6719
325,579
326,5452
327,1905
328,2743
329,3873
330,7465
331,4024
332,1696
333,3019
334,7816
335,164
336,1419
337,794
338,8106
339,7570
340,7353
341,7216
342,5606
343,5811
344,2816
345,547
346,5996
347,1851
348,8726
349,6981
350,5635
351,2960
352,8002
353,4790
354,2378
355,6665
356,8183
357,4505
358,9173
359,6012
360,6624
361,9368
362,5929
363,863
364,4156
365,3779
366,584
367,1158
368,6303
369,6467
370,7519
371,9917
372,4787
373,3864
374,2501
375,3134
376,5701
377,3061
378,14
379,5232
380,5325
381,4879
382,886
383,9193
384,7037
385,4152
386,6976
387,7089
388,7997
389,6809
390,4475
391,645
392,1703
393,9884
394,4762
395,8321
396,840
397,5187
398,9571
399,8942
400,8318
401,5959
402,2848
403,1160
404,7570
405,1941
406,9214
407,1674
408,1091
409,522
410,7815
411,5247
412,569
413,3682
414,7414
415,3353
416,4080
417,9672
418,590
419,7014
420,8140
421,3157
422,4259
423,1689
424,3516
425,7263
426,2754
427,9445
428,5198
429,2151
430,6627
431,2489
432,6494
433,9837
434,7431
435,9959
436,4462
437,5891
438,6675
439,2859
440,7400
441,6915
442,2499
443,9833
444,9217
445,9550
446,4621
447,2849
448,8537
449,5888
450,9097
451,6313
452,861
453,1697
454,6843
455,2437
456,9770
457,4010
458,5062
459,2748
460,5742
461,5397
462,8012
463,5546
464,3923
465,1076
466,7733
467,4390
468,4117
469,5736
470,3383
471,8955
472,2092
473,8977
474,6758
475,9827
476,427
477,8316
478,8818
479,3984
480,3277
481,835
482,7678
483,5755
484,9718
485,422
486,7553
487,7597
488,738
489,7174
490,8877
491,5998
492,2514
493,2977
494,2796
495,1132
496,4089
497,1581
498,5083
499,5114
500,2153
501,9889
502,6816
503,7367
504,3450
505,3776
506,5654
507,2924
508,4978
509,5927
510,8797
511,738
512,1375
513,4502
514,708
515,7196
516,405
517,7410
518,8092
519,4181
520,4370
521,2512
522,727
523,2792
524,4956
525,5496
526,8345
527,4990
528,7276
529,4501
530,7202
531,5598
532,7661
533,3646
534,1177
535,1072
536,2166
537,7870
538,5171
539,5315
540,6551
541,4739
542,9358
543,7340
544,5344
545,8934
546,4340
547,8020
548,6811
549,4856
550,6741
551,7251
552,963
553,2549
554,7066
555,1552
556,5303
557,1201
558,6323
559,6948
560,2691
561,9419
562,1550
563,6182
564,5551
565,9590
566,1375
567,8701
568,9882
569,8712
570,7504
571,4322
572,1334
573,9357
574,3151
575,7429
576,3496
577,1820
578,6598
579,2933
580,5311
581,4196
582,8915
583,5987
584,4278
585,4758
586,4859
587,9445
588,3719
589,9283
590,6629
591,8657
592,9096
593,9586
594,3082
595,6540
596,514
597,1224
598,1541
599,7586
600,833
601,938
602,5039
603,143
604,2115
605,3637
606,6326
607,1862
608,4920
609,4185
610,5358
611,9452
612,6200
613,1266
614,3386
615,5655
616,3496
617,3594
618,9598
619,8063
620,3340
621,2713
622,8672
623,8130
624,7124
625,1363
626,5073
627,8559
628,7585
629,677
630,4478
631,9347
632,6829
633,3729
634,2755
635,7493
636,549
637,4974
638,4845
639,3785
640,6052
641,7112
642,7322
643,5330
644,6142
645,7901
646,2789
647,934
648,1591
649,7724
650,3334
651,5723
652,7036
653,265
654,4814
655,1848
656,19
657,2881
658,8999
659,7419
660,7428
661,5134
662,1025
663,2203
664,8425
665,7459
666,4168
667,3935
668,6980
669,6948
670,4794
671,4010
672,1643
673,7276
674,8712
675,394
676,414
677,8185
678,2010
679,9870
680,5999
681,1470
682,7200
683,7150
684,3646
685,4819
686,4188
687,7255
688,6610
689,6007
690,2058
691,4790
692,726
693,7949
694,5575
695,4554
696,4986
697,3429
698,7249
699,9776
700,259
701,8875
702,780
703,4373
704,1087
705,8437
706,8590
707,7911
708,4868
709,6554
710,4729
711,2824
712,3384
713,1262
714,7006
715,4683
716,4540
717,6891
718,6959
719,9531
720,6251
721,8027
722,6951
723,9560
724,7012
725,1341
726,4271
727,7658
728,9560
729,5125
730,4647
731,4864
732,3187
733,7740
734,2190
735,4902
736,7053
737,147
738,6337
739,3482
740,5459
741,2842
742,3589
743,5981
744,4174
745,7951
746,5579
747,4310
748,6279
749,3828
750,1916
751,6264
752,770
753,7840
754,7360
755,6248
756,6100
757,6041
758,7697
759,9101
760,9921
761,8482
762,1897
763,3276
764,676
765,4198
766,681
767,6787
768,7580
769,7966
770,5134
771,5595
772,4787
773,3910
774,6687
775,6991
776,6386
777,533
778,2403
779,2603
780,9955
781,7250
782,6947
783,6200
784,5250
785,6503
786,2888
787,4153
788,3654
789,4442
790,1286
791,5821
792,312
793,648
794,65
795,8727
796,8160
797,2135
798,374
799,6819
800,4631
801,5136
802,5132
803,1656
804,928
805,2807
806,6516
807,5880
808,1541
809,8182
810,3355
811,7683
812,6959
813,6892
814,1916
815,3096
816,8162
817,5760
818,8915
819,1072
820,1986
821,1306
822,6239
823,7651
824,135
825,4642
826,6298
827,3606
828,6178
829,9805
830,7571
831,8268
832,242
833,9371
834,6381
835,4216
836,9695
837,7953
838,6901
839,6748
840,2482
841,2749
842,5411
843,1771
844,886
845,3822
846,9514
847,1470
848,1743
849,1615
850,5632
851,6777
852,6996
853,3527
854,3745
855,9362
856,8444
857,2600
858,1073
859,4334
860,9121
861,5352
862,15
863,7499
864,8669
865,8205
866,5976
867,8847
868,127
869,2561
870,5570
871,4299
872,856
873,6326
874,6479
875,9343
876,8925
877,234
878,4218
879,6293
880,2058
881,6243
882,9775
883,1838
884,1927
885,4244
886,6998
887,2036
888,3754
889,9103
890,19
891,270
892,6048
893,9875
894,2229
895,7051
896,2070
897,5297
898,1629
899,8522
900,1352
901,2842
902,2834
903,2004
904,3500
905,9320
906,7994
907,1614
908,245
909,1918
910,8577
911,3540
912,5266
913,2645
914,8172
915,9772
916,2570
917,5425
918,3401
919,5961
920,5478
921,8017
922,9074
923,9454
924,6423
925,6951
926,9516
927,4830
928,2908
929,7556
930,87
931,7587
932,4237
933,610
934,1075
935,2146
936,9520
937,6953
938,7814
939,6575
940,5994
941,5152
942,4680
943,2200
944,9194
945,2722
946,2202
947,1258
948,4043
949,2007
950,3697
951,4028
952,1980
953,8399
954,5775
955,1212
956,8145
957,5577
958,7677
959,5752
960,5798
961,5418
962,8679
963,9456
964,932
965,429
966,2214
967,1130
968,960
969,2346
970,5383
971,2253
972,2655
973,4622
974,1875
975,6038
976,7336
977,6381
978,6369
979,7873
980,3238
981,3729
982,2381
983,2901
984,3766
985,4235
986,104
987,2684
988,6908
989,803
990,2126
991,5789
992,6176
993,824
994,355
995,8564
996,2453
997,7793
998,994
999,7800
1000,9841
1001,837
1002,3541
1003,7157
1004,4461
1005,3886
1006,5969
1007,136
1008,3187
1009,8805
1010,6034
1011,5119
1012,4156
1013,7206
1014,3378
1015,3807
1016,1802
1017,5742
1018,3486
1019,3427
1020,1655
1021,9407
1022,3040
1023,2882
1024,3082
1025,1864
1026,4031
1027,4672
1028,6524
1029,5041
1030,2718
1031,7122
1032,9534
1033,8403
1034,3517
1035,6466
1036,4222
1037,7980
1038,8776
1039,546
1040,1635
1041,7983
1042,8587
1043,8080
1044,8676
1045,8619
1046,6500
1047,3610
1048,6793
1049,9156
1050,4981
1051,1215
1052,2000
1053,5309
1054,3582
1055,5985
1056,6330
1057,4390
1058,4767
1059,2723
1060,5598
1061,976
1062,4954
1063,3442
1064,698
1065,4253
1066,3711
1067,8543
1068,5192
1069,9926
1070,6714
1071,4432
1072,9994
1073,1769
1074,9191
1075,2492
1076,8068
1077,961
1078,8924
1079,2089
1080,2727
1081,4534
1082,9702
1083,8487
1084,7321
1085,7196
1086,2075
1087,778
1088,5500
1089,6655
1090,5093
1091,5242
1092,5807
1093,9148
1094,4936
1095,6026
1096,3345
1097,8048
1098,4883
1099,1491
1100,6315
1101,3461
1102,64
1103,7653
1104,3472
1105,842
1106,5964
1107,8529
1108,7231
1109,3320
1110,3310
1111,6732
1112,7228
1113,7786
1114,3685
1115,3064
1116,7980
1117,2153
1118,5217
1119,9513
1120,2548
1121,4557
1122,5629
1123,8366
1124,6622
1125,5015
1126,832
1127,953
1128,6160
1129,4435
1130,8976
1131,2208
1132,4252
1133,3705
1134,3462
1135,9116
1136,1318
1137,4187
1138,8715
1139,6862
1140,6045
1141,3604
1142,4851
1143,1419
1144,4576
1145,4501
1146,1565
1147,814
1148,1289
1149,7093
1150,5996
1151,5629
1152,1397
1153,2689
1154,2116
1155,8183
1156,4233
1157,4841
1158,2778
1159,3196
1160,2583
1161,2609
1162,4043
1163,8438
1164,1314
1165,7378
1166,5887
1167,1311
1168,2551
1169,2061
1170,6819
1171,8643
1172,9006
1173,84
1174,6991
1175,5485
1176,8242
1177,7194
1178,5806
1179,7151
1180,1632
1181,8051
1182,351
1183,2084
1184,8002
1185,655
1186,4273
1187,8811
1188,6146
1189,8656
1190,9910
1191,2979
1192,3038
1193,7653
1194,2691
1195,3639
1196,4235
1197,3077
1198,5951
1199,1396
1200,2876
1201,4798
1202,5500
1203,4134
1204,8350
1205,3860
1206,5425
1207,7689
1208,6829
1209,9338
1210,8388
1211,9452
1212,1343
1213,4160
1214,6776
1215,2721
1216,4863
1217,6222
1218,7489
1219,5418
1220,9987
1221,7725
1222,8952
1223,1772
1224,7111
1225,7684
1226,6132
1227,491
1228,163
1229,7627
1230,1534
1231,2130
1232,2353
1233,5146
1234,5770
1235,1250
1236,70
1237,9140
1238,1649
1239,6195
1240,7980
1241,1262
1242,4213
1243,8373
1244,9660
1245,3559
1246,4207
1247,7019
1248,6677
1249,2332
1250,9838
1251,4100
1252,6970
1253,3014
1254,5146
1255,339
1256,3650
1257,7992
1258,4117
1259,1351
1260,8417
1261,348
1262,5905
1263,2718
1264,1760
1265,5614
1266,2431
1267,7129
1268,8911
1269,5329
1270,6619
1271,5397
1272,4003
1273,8690
1274,8054
1275,8248
1276,4883
1277,4816
1278,8602
1279,5923
1280,7134
1281,3167
1282,400
1283,4440
1284,8830
1285,7696
1286,4242
1287,8017
1288,1531
1289,9028
1290,1510
1291,6747
1292,3304
1293,5095
1294,2429
1295,9136
1296,3052
1297,4507
1298,1476
1299,3571
1300,624
1301,5402
1302,7703
1303,9384
1304,3233
1305,7148
1306,2677
1307,7990
1308,140
1309,2993
1310,4288
1311,7136
1312,8240
1313,7704
1314,6650
1315,5478
1316,930
1317,7574
1318,8694
1319,9333
1320,8512
1321,8940
1322,3251
1323,555
1324,4356
1325,3820
1326,7216
1327,9015
1328,2042
1329,8446
1330,281
1331,3521
1332,1781
1333,9464
1334,4371
1335,7079
1336,930
1337,8200
1338,3440
1339,4445
1340,3770
1341,2060
1342,1175
1343,8577
1344,2043
1345,6477
1346,155
1347,4398
1348,7842
1349,8633
1350,8906
1351,8183
1352,2642
1353,4504
1354,8066
1355,7521
1356,9165
1357,1838
1358,9140
1359,4815
1360,816
1361,9665
1362,7496
1363,8212
1364,1878
1365,7888
1366,5700
1367,7837
1368,5439
1369,9086
1370,3574
1371,1399
1372,7284
1373,834
1374,2275
1375,946
1376,6412
1377,3855
1378,1806
1379,8255
1380,7224
1381,736
1382,2746
1383,1923
1384,9798
1385,7667
1386,2476
1387,9051
1388,7322
1389,8204
1390,7916
1391,4886
1392,7297
1393,902
1394,4685
1395,1943
1396,1390
1397,1300
1398,1650
1399,7500
1400,9189
1401,1228
1402,5026
1403,6891
1404,9557
1405,9762
1406,9620
1407,964
1408,9185
1409,7301
1410,984
1411,4143
1412,5380
1413,3982
1414,5305
1415,9115
1416,8238
1417,9913
1418,3030
1419,8997
1420,4046
1421,5078
1422,5243
1423,9526
1424,327
1425,2406
1426,2172
1427,2755
1428,1601
1429,6193
1430,3940
1431,1322
1432,9487
1433,4321
1434,7324
1435,2393
1436,3249
1437,2149
1438,1714
1439,6934
1440,372
1441,2614
1442,9918
1443,4296
1444,3748
1445,2479
1446,4805
1447,6160
1448,566
1449,9027
1450,2818
1451,5160
1452,7571
1453,2729
1454,6516
1455,3751
1456,9776
1457,4008
1458,2413
1459,8790
1460,9749
1461,304
1462,5353
1463,9892
1464,1146
1465,2074
1466,7019
1467,4553
1468,1017
1469,5455
1470,5362
1471,9449
1472,1445
1473,581
1474,2392
1475,9447
1476,5094
1477,287
1478,7069
1479,1897
1480,1275
1481,7501
1482,1050
1483,9119
1484,8083
1485,9087
1486,2762
1487,8223
1488,4579
1489,6363
1490,2363
1491,7447
1492,4809
1493,696
1494,8486
1495,4821
1496,8964
1497,5356
1498,5053
1499,2438
1500,5136
1501,8230
1502,9108
1503,7823
1504,9655
1505,3366
1506,8717
1507,7276
1508,6550
1509,48
1510,3352
1511,9088
1512,2854
1513,1108
1514,7037
1515,1833
1516,3165
1517,3103
1518,5668
1519,3788
1520,2906
1521,998
1522,4126
1523,6456
1524,4189
1525,1692
1526,5636
1527,7434
1528,943
1529,3608
1530,1990
1531,3066
1532,8994
1533,801
1534,5400
1535,6645
1536,2265
1537,3620
1538,1617
1539,5189
1540,6583
1541,994
1542,5786
1543,3686
1544,3390
1545,8721
1546,8792
1547,1060
1548,3643
1549,6352
1550,969
1551,6069
1552,8894
1553,5665
1554,4483
1555,2956
1556,7735
1557,536
1558,3234
1559,1885
1560,1773
1561,8722
1562,5807
1563,9218
1564,7109
1565,5119
1566,6654
1567,126
1568,2443
1569,5473
1570,593
1571,8596
1572,3798
1573,4177
1574,8475
1575,1399
1576,8367
1577,9769
1578,6164
1579,5430
1580,8930
1581,2053
1582,4207
1583,3506
1584,788
1585,223
1586,3772
1587,9778
1588,6741
1589,3127
1590,5801
1591,8793
1592,2730
1593,8915
1594,9137
1595,6057
1596,8042
1597,11
1598,6378
1599,1959
1600,6742
1601,7843
1602,927
1603,3184
1604,7024
1605,99
1606,1719
1607,3051
1608,115
1609,9088
1610,8629
1611,1905
1612,6100
1613,8518
1614,6092
1615,644
1616,1935
1617,2066
1618,6927
1619,3154
1620,9641
1621,562
1622,8917
1623,5393
1624,3921
1625,9915
1626,3399
1627,9309
1628,8452
1629,2440
1630,468
1631,217
1632,909
1633,31
1634,8611
1635,904
1636,524
1637,7304
1638,4914
1639,7877
1640,4119
1641,7189
1642,1570
1643,1276
1644,3648
1645,8951
1646,3437
1647,4790
1648,1937
1649,2366
1650,4800
1651,316
1652,7989
1653,3675
1654,7067
1655,671
1656,4654
1657,8513
1658,2930
1659,9284
1660,8956
1661,6246
1662,6088
1663,362
1664,9104
1665,7015
1666,168
1667,966
1668,2081
1669,8605
1670,9589
1671,3463
1672,6685
1673,965
1674,6305
1675,1722
1676,4713
1677,6573
1678,9475
1679,5641
1680,9643
1681,9999
1682,1404
1683,9471
1684,4742
1685,3724
1686,539
1687,2968
1688,7914
1689,3601
1690,6905
1691,9141
1692,535
1693,6487
1694,11
1695,384
1696,4658
1697,2375
1698,1535
1699,1656
1700,23
1701,4609
1702,2288
1703,3165
1704,8331
1705,3824
1706,3226
1707,8229
1708,2123
1709,9454
1710,4366
1711,5553
1712,4565
1713,7072
1714,3384
1715,6440
1716,3476
1717,3091
1718,639
1719,279
1720,5734
1721,5907
1722,3442
1723,9482
1724,6286
1725,5905
1726,7125
1727,6666
1728,585
1729,7039
1730,6109
1731,9509
1732,3202
1733,3188
1734,6062
1735,2744
1736,6126
1737,3578
1738,9857
1739,9781
1740,2213
1741,1400
1742,1752
1743,1935
1744,629
1745,1284
1746,966
1747,1949
1748,3963
1749,978
1750,9518
1751,9245
1752,291
1753,6272
1754,1068
1755,4303
1756,5188
1757,6990
1758,9210
1759,1239
1760,9237
1761,4595
1762,8477
1763,2750
1764,2299
1765,1249
1766,5380
1767,135
1768,7483
1769,9410
1770,5352
1771,7361
1772,6648
1773,6580
1774,3259
1775,9120
1776,7605
1777,6304
1778,6537
1779,5767
1780,1979
1781,901
1782,4480
1783,7185
1784,9566
1785,8330
1786,9216
1787,6822
1788,7529
1789,4622
1790,9720
1791,1208
1792,5248
1793,6099
1794,6267
1795,7715
1796,3729
1797,312
1798,996
1799,4450
1800,4919
1801,3082
1802,3134
1803,9529
1804,8135
1805,3301
1806,4043
1807,5115
1808,713
1809,8143
1810,584
1811,5714
1812,7858
1813,5218
1814,6934
1815,3838
1816,3240
1817,498
1818,7124
1819,9549
1820,3183
1821,1677
1822,9839
1823,4124
1824,3563
1825,7771
1826,1010
1827,9052
1828,1398
1829,5460
1830,3722
1831,1377
1832,8199
1833,9023
1834,464
1835,9826
1836,2782
1837,3736
1838,7242
1839,4816
1840,2200
1841,9118
1842,2885
1843,5602
1844,1450
1845,8937
1846,6069
1847,7020
1848,7127
1849,9163
1850,2999
1851,9228
1852,6238
1853,6481
1854,2873
1855,1187
1856,4770
1857,21
1858,5262
1859,4409
1860,8244
1861,9145
1862,5455
1863,6580
1864,9206
1865,8222
1866,416
1867,9216
1868,4441
1869,5253
1870,6552
1871,6946
1872,8916
1873,4156
1874,150
1875,4892
1876,6022
1877,973
1878,7161
1879,8574
1880,3620
1881,9894
1882,6904
1883,7321
1884,115
1885,5549
1886,9883
1887,6797
1888,2147
1889,4455
1890,3540
1891,1296
1892,7062
1893,3664
1894,7112
1895,2369
1896,8115
1897,8646
1898,6451
1899,5057
1900,8237
1901,5213
1902,9677
1903,1808
1904,9610
1905,5301
1906,5505
1907,9910
1908,6294
1909,7295
1910,1310
1911,6879
1912,9445
1913,3107
1914,4626
1915,19
1916,5762
1917,9862
1918,6305
1919,4825
1920,1082
1921,3235
1922,1326
1923,5709
1924,6817
1925,6684
1926,3693
1927,7237
1928,3283
1929,7010
1930,155
1931,5020
1932,3050
1933,9664
1934,9786
1935,492
1936,3189
1937,1259
1938,640
1939,8863
1940,2862
1941,997
1942,7632
1943,7337
1944,9748
1945,8851
1946,9170
1947,1110
1948,6662
1949,8642
1950,7431
1951,5026
1952,779
1953,1353
1954,4368
1955,9779
1956,6790
1957,6612
1958,2359
1959,5709
1960,1251
1961,1135
1962,9392
1963,6774
1964,5111
1965,7853
1966,82
1967,5482
1968,5199
1969,2482
1970,717
1971,1814
1972,6714
1973,3723
1974,5061
1975,2485
1976,3620
1977,4265
1978,7407
1979,1745
1980,9787
1981,8268
1982,7989
1983,2438
1984,7436
1985,8543
1986,5259
1987,5301
1988,2827
1989,9434
1990,3884
1991,9696
1992,4221
1993,671
1994,3384
1995,9218
1996,217
1997,2675
1998,2503
1999,6823
2000,642
2001,3093
2002,3729
2003,7133
2004,1689
2005,246
2006,7456
2007,4453
2008,6780
2009,9742
2010,6109
2011,8565
2012,2378
2013,295
2014,158
2015,4047
2016,6559
2017,7131
2018,9968
2019,4905
2020,5290
2021,1022
2022,9725
2023,2795
2024,3735
2025,4586
2026,5792
2027,6267
2028,9803
2029,2418
2030,350
2031,2827
2032,2506
2033,5972
2034,5309
2035,9927
2036,7584
2037,1699
2038,3277
2039,4416
2040,8463
2041,1452
2042,8607
2043,4447
2044,5445
2045,8445
2046,4117
2047,570
2048,8795
2049,5558
2050,1836
2051,7639
2052,8335
2053,3148
2054,7703
2055,8274
2056,7852
2057,6731
2058,7012
2059,4235
2060,2988
2061,7383
2062,5917
2063,6107
2064,5666
2065,8994
2066,4269
2067,8296
2068,5911
2069,9335
2070,4927
2071,8439
2072,2540
2073,1970
2074,7055
2075,1058
2076,5782
2077,2539
2078,2974
2079,7147
2080,973
2081,546
2082,7350
2083,7189
2084,7977
2085,8744
2086,855
2087,5787
2088,3046
2089,5957
2090,2504
2091,2729
2092,1894
2093,4359
2094,5189
2095,6620
2096,6440
2097,7164
2098,6498
2099,4747
2100,6535
2101,3860
2102,699
2103,5185
2104,8658
2105,5088
2106,5458
2107,1189
2108,9084
2109,6416
2110,8601
2111,6917
2112,8810
2113,1648
2114,5681
2115,6938
2116,1392
2117,1413
2118,9021
2119,3302
2120,9021
2121,429
2122,4527
2123,3312
2124,7867
2125,9710
2126,7880
2127,5703
2128,777
2129,2054
2130,1559
2131,9966
2132,6150
2133,3726
2134,4491
2135,7908
2136,6558
2137,2303
2138,4847
2139,7768
2140,6803
2141,7648
2142,8003
2143,6017
2144,5552
2145,9102
2146,6366
2147,8443
2148,7390
2149,2395
2150,4278
2151,681
2152,173
2153,8666
2154,4602
2155,4805
2156,4808
2157,6046
2158,2365
2159,5897
2160,7971
2161,5837
2162,8747
2163,4729
2164,603
2165,4849
2166,7404
2167,9661
2168,3503
2169,6174
2170,2682
2171,4210
2172,26
2173,3201
2174,402
2175,8626
2176,6282
2177,581
2178,3641
2179,6182
2180,9322
2181,7187
2182,8443
2183,3907
2184,8133
2185,2289
2186,8990
2187,7461
2188,8916
2189,785
2190,6879
2191,2257
2192,7098
2193,88
2194,8090
2195,7109
2196,3936
2197,9057
2198,7350
2199,7093
2200,6240
2201,9233
2202,4950
2203,3281
2204,3466
2205,7798
2206,8609
2207,7660
2208,2721
2209,1678
2210,157
2211,6430
2212,375
2213,9876
2214,4541
2215,5340
2216,5520
2217,8764
2218,8974
2219,6503
2220,5449
2221,9775
2222,6521
2223,7514
2224,1256
2225,3849
2226,8561
2227,2386
2228,3019
2229,9164
2230,1837
2231,6989
2232,9815
2233,9842
2234,8579
2235,4295
2236,6920
2237,8571
2238,2206
2239,3757
2240,8853
2241,5988
2242,5617
2243,779
2244,790
2245,9918
2246,6313
2247,3993
2248,9513
2249,8724
2250,531
2251,9137
2252,7579
2253,5794
2254,4593
2255,5956
2256,4951
2257,6277
2258,7138
2259,2471
2260,695
2261,2170
2262,7041
2263,9769
2264,5351
2265,48
2266,4885
2267,1266
2268,7707
2269,2206
2270,7175
2271,311
2272,7537
2273,6391
2274,656
2275,9961
2276,8799
2277,8863
2278,4340
2279,9570
2280,7013
2281,3547
2282,4568
2283,6589
2284,8484
2285,9688
2286,4092
2287,4193
2288,8662
2289,3764
2290,1734
2291,1386
2292,8716
2293,8904
2294,1663
2295,2076
2296,32
2297,2470
2298,5936
2299,6261
2300,9506
2301,7305
2302,3310
2303,6289
2304,8563
2305,7363
2306,3737
2307,6282
2308,6005
2309,9486
2310,524
2311,458
2312,6029
2313,5353
2314,8043
2315,2530
2316,3091
2317,1438
2318,3977
2319,6455
2320,9124
2321,2169
2322,5142
2323,2557
2324,2989
2325,2659
2326,8515
2327,3093
2328,1047
2329,3499
2330,7614
2331,7554
2332,2644
2333,3993
2334,1788
2335,7912
2336,5120
2337,5199
2338,7388
2339,1134
2340,707
2341,2189
2342,9606
2343,5261
2344,9245
2345,1939
2346,1023
2347,236
2348,7331
2349,1838
2350,7919
2351,5598
2352,2033
2353,4976
2354,5901
2355,1090
2356,5046
2357,2573
2358,3302
2359,3596
2360,4441
2361,6851
2362,6653
2363,3969
2364,171
2365,603
2366,3400
2367,6007
2368,6364
2369,673
2370,9334
2371,551
2372,5443
2373,5103
2374,877
2375,8633
2376,5479
2377,6266
2378,9408
2379,1179
2380,840
2381,1661
2382,1146
2383,2820
2384,8677
2385,9528
2386,1029
2387,5247
2388,1293
2389,669
2390,2020
2391,8600
2392,1743
2393,2135
2394,2181
2395,8276
2396,3481
2397,9038
2398,5634
2399,8701
2400,8339
2401,2107
2402,5078
2403,6407
2404,2767
2405,3930
2406,8196
2407,1910
2408,2620
2409,6910
2410,1459
2411,8748
2412,5027
2413,8009
2414,6062
2415,2106
2416,8905
2417,6414
2418,9827
2419,3341
2420,7472
2421,5115
2422,2988
2423,2849
2424,3394
2425,695
2426,7541
2427,4293
2428,7746
2429,7720
2430,1629
2431,6878
2432,1441
2433,9077
2434,4723
2435,9567
2436,9445
2437,5008
2438,172
2439,1984
2440,3301
2441,8471
2442,641
2443,915
2444,2024
2445,9843
2446,7906
2447,214
2448,591
2449,5685
2450,9042
2451,5357
2452,9921
2453,2653
2454,8027
2455,2307
2456,884
2457,5570
2458,699
2459,4010
2460,9624
2461,681
2462,7937
2463,1181
2464,5601
2465,9145
2466,6352
2467,1459
2468,2549
2469,3969
2470,6295
2471,5442
2472,4270
2473,2371
2474,6174
2475,3680
2476,1763
2477,8110
2478,1948
2479,8572
2480,5986
2481,6598
2482,8626
2483,6314
2484,7355
2485,7885
2486,9096
2487,6643
2488,607
2489,3072
2490,2346
2491,9889
2492,582
2493,7531
2494,6181
2495,7107
2496,2100
2497,6576
2498,4634
2499,1643
2500,1527
2501,3658
2502,1547
2503,3147
2504,6995
2505,107
2506,3760
2507,8545
2508,8184
2509,8113
2510,5423
2511,4676
2512,620
2513,1737
2514,1864
2515,5065
2516,2334
2517,9379
2518,9293
2519,5784
2520,6529
2521,1759
2522,791
2523,7558
2524,6833
2525,2115
2526,3877
2527,7203
2528,4986
2529,2123
2530,5889
2531,3980
2532,9269
2533,7274
2534,1587
2535,9213
2536,2284
2537,4879
2538,6754
2539,2436
2540,5556
2541,6862
2542,2561
2543,6421
2544,17
2545,8097
2546,2565
2547,485
2548,5426
2549,8686
2550,7249
2551,6720
2552,5010
2553,4664
2554,8088
2555,6073
2556,2295
2557,5233
2558,6981
2559,3535
2560,2832
2561,4953
2562,6540
2563,268
2564,292
2565,1908
2566,4145
2567,6639
2568,3210
2569,5120
2570,7177
2571,622
2572,697
2573,3700
2574,8814
2575,2317
2576,7143
2577,6519
2578,9983
2579,5916
2580,2601
2581,7193
2582,5258
2583,8776
2584,5118
2585,3614
2586,679
2587,4374
2588,7339
2589,1293
2590,933
2591,1135
2592,1539
2593,9796
2594,8448
2595,3721
2596,8014
2597,9762
2598,6284
2599,3874
2600,7843
2601,6798
2602,236
2603,274
2604,9597
2605,655
2606,7554
2607,5579
2608,3000
2609,2514
2610,9356
2611,597
2612,9187
2613,4089
2614,3358
2615,6309
2616,3841
2617,9443
2618,8391
2619,9182
2620,9900
2621,1725
2622,6460
2623,5443
2624,1108
2625,7106
2626,2336
2627,9097
2628,6426
2629,6990
2630,6773
2631,1684
2632,7960
2633,9132
2634,8925
2635,6059
2636,1099
2637,4588
2638,9137
2639,165
2640,9272
2641,1968
2642,6354
2643,5789
2644,6154
2645,5073
2646,3840
2647,9056
2648,8841
2649,9804
2650,6669
2651,451
2652,6050
2653,5935
2654,7368
2655,4638
2656,6380
2657,9538
2658,958
2659,8189
2660,6125
2661,469
2662,7578
2663,4656
2664,402
2665,1797
2666,7384
2667,1148
2668,4751
2669,7428
2670,6372
2671,2464
2672,9668
2673,3684
2674,1387
2675,6711
2676,2607
2677,151
2678,2669
2679,4606
2680,9041
2681,5671
2682,6152
2683,5636
2684,8797
2685,8482
2686,433
2687,7009
2688,4259
2689,1760
2690,4767
2691,1977
2692,4098
2693,4188
2694,7799
2695,2956
2696,9651
2697,5404
2698,7890
2699,5085
2700,7240
2701,1541
2702,3000
2703,7165
2704,4503
2705,9345
2706,943
2707,1470
2708,2733
2709,295
2710,274
2711,6826
2712,1772
2713,50
2714,5837
2715,8269
2716,997
2717,7814
2718,7799
2719,5727
2720,3208
2721,5384
2722,4800
2723,7193
2724,2534
2725,9287
2726,2489
2727,9895
2728,5164
2729,788
2730,9787
2731,1502
2732,670
2733,1358
2734,9501
2735,7861
2736,7166
2737,2054
2738,7378
2739,3526
2740,9260
2741,9178
2742,4587
2743,737
2744,7478
2745,352
2746,1457
2747,6591
2748,6327
2749,536
2750,6758
2751,415
2752,7996
2753,9775
2754,3750
2755,1856
2756,1488
2757,781
2758,5535
2759,8780
2760,203
2761,2017
2762,1195
2763,2404
2764,9994
2765,9312
2766,4015
2767,7439
2768,2271
2769,3746
2770,6726
2771,4885
2772,8931
2773,4388
2774,7825
2775,3461
2776,7626
2777,9846
2778,2810
2779,8343
2780,5420
2781,1465
2782,6902
2783,5818
2784,6806
2785,4806
2786,5103
2787,1335
2788,4986
2789,9415
2790,1169
2791,4660
2792,4997
2793,4707
2794,350
2795,3838
2796,1978
2797,713
2798,5492
2799,6386
2800,1810
2801,5473
2802,4922
2803,4658
2804,865
2805,2876
2806,192
2807,3122
2808,5680
2809,4502
2810,5833
2811,1527
2812,5012
2813,1366
2814,3639
2815,3638
2816,8220
2817,6142
2818,9334
2819,6598
2820,3321
2821,6058
2822,6256
2823,997
2824,3331
2825,4625
2826,8375
2827,3751
2828,3062
2829,6584
2830,736
2831,3770
2832,5816
2833,1885
2834,7003
2835,4043
2836,5453
2837,999
2838,3754
2839,8621
2840,603
2841,1784
2842,945
2843,3818
2844,341
2845,7932
2846,2712
2847,5899
2848,5064
2849,3878
2850,4210
2851,211
2852,2507
2853,1852
2854,9111
2855,4668
2856,7554
2857,7728
2858,780
2859,3165
2860,1638
2861,396
2862,6041
2863,6449
2864,6411
2865,4018
2866,2476
2867,2292
2868,1866
2869,7990
2870,2008
2871,5486
2872,9438
2873,4679
2874,9352
2875,4328
2876,7074
2877,7456
2878,1441
2879,5634
2880,7471
2881,1829
2882,1140
2883,6573
2884,2668
2885,3510
2886,8576
2887,2130
2888,4030
2889,3269
2890,1833
2891,1484
2892,2252
2893,3253
2894,7000
2895,5170
2896,3144
2897,2080
2898,369
2899,1151
2900,1645
2901,4010
2902,3371
2903,6593
2904,7845
2905,16
2906,3277
2907,6574
2908,9793
2909,4938
2910,2616
2911,5916
2912,3283
2913,7621
2914,923
2915,2021
2916,1452
2917,5556
2918,1839
2919,8777
2920,6478
2921,939
2922,3709
2923,9665
2924,1064
2925,5754
2926,1910
2927,9659
2928,6990
2929,7079
2930,9601
2931,3425
2932,452
2933,6228
2934,4662
2935,7949
2936,7843
2937,9380
2938,7607
2939,4468
2940,6601
2941,9459
2942,2319
2943,6278
2944,920
2945,4350
2946,4019
2947,6638
2948,2179
2949,2182
2950,5678
2951,6323
2952,8325
2953,8046
2954,6799
2955,795
2956,6149
2957,6354
2958,2426
2959,8998
2960,4164
2961,5629
2962,1946
2963,3817
2964,7161
2965,9503
2966,3246
2967,2362
2968,1942
2969,8566
2970,4926
2971,5508
2972,956
2973,9579
2974,1449
2975,7740
2976,4867
2977,350
2978,392
2979,9758
2980,8501
2981,148
2982,368
2983,4941
2984,9724
2985,3466
2986,1637
2987,9505
2988,6636
2989,5014
2990,9336
2991,6662
2992,6426
2993,3180
2994,3845
2995,8027
2996,2161
2997,9439
2998,6915
2999,2844
3000,9200
3001,2577
3002,1317
3003,8858
3004,2670
3005,3740
3006,6217
3007,3172
3008,1150
3009,8468
3010,1718
3011,3640
3012,3221
3013,6548
3014,9712
3015,485
3016,7694
3017,9178
3018,1217
3019,1970
3020,567
3021,892
3022,4771
3023,5877
3024,6973
3025,7176
3026,7939
3027,5357
3028,7279
3029,9812
3030,8135
3031,2464
3032,4504
3033,1956
3034,2818
3035,6652
3036,3835
3037,3546
3038,6078
3039,3812
3040,4709
3041,1980
3042,5816
3043,6152
3044,2829
3045,9104
3046,374
3047,4268
3048,3129
3049,1873
3050,125
3051,7094
3052,8026
3053,2394
3054,3945
3055,7752
3056,5452
3057,2500
3058,6990
3059,9144
3060,7671
3061,1734
3062,8192
3063,2777
3064,1147
3065,4127
3066,3430
3067,5855
3068,4788
3069,3916
3070,3647
3071,2963
3072,5939
3073,286
3074,2009
3075,1237
3076,6347
3077,3745
3078,705
3079,9511
3080,4162
3081,7911
3082,7480
3083,7547
3084,2851
3085,4218
3086,8743
3087,1098
3088,3373
3089,34
3090,9774
3091,6154
3092,5678
3093,4246
3094,9969
3095,8078
3096,2245
3097,7305
3098,8402
3099,8458
3100,3757
3101,3185
3102,4907
3103,5047
3104,7437
3105,8615
3106,2024
3107,1391
3108,1108
3109,3436
3110,3665
3111,7948
3112,9111
3113,197
3114,5419
3115,2102
3116,2140
3117,5252
3118,8559
3119,5657
3120,5195
3121,5786
3122,7923
3123,7557
3124,7833
3125,7365
3126,6475
3127,1507
3128,2565
3129,5419
3130,2961
3131,1248
3132,9175
3133,4737
3134,3975
3135,5696
3136,9252
3137,3711
3138,2790
3139,7408
3140,1598
3141,2378
3142,5799
3143,446
3144,2838
3145,1566
3146,7580
3147,7490
3148,9506
3149,192
3150,7200
3151,6697
3152,5575
3153,7251
3154,7661
3155,5585
3156,1599
3157,9789
3158,8861
3159,169
3160,6565
3161,9213
3162,8254
3163,6856
3164,2317
3165,1238
3166,7236
3167,5600
3168,6929
3169,5595
3170,9237
3171,6056
3172,4955
3173,7937
3174,7026
3175,7768
3176,5096
3177,9466
3178,7171
3179,1894
3180,1819
3181,3177
3182,6362
3183,9019
3184,6066
3185,2447
3186,6478
3187,9090
3188,5961
3189,5286
3190,8869
3191,7828
3192,4738
3193,2634
3194,5748
3195,4242
3196,5803
3197,4533
3198,5581
3199,9020
3200,9308
3201,2234
3202,8399
3203,6101
3204,8672
3205,6371
3206,1958
3207,7104
3208,6328
3209,3806
3210,244
3211,9130
3212,3617
3213,8053
3214,532
3215,5914
3216,4898
3217,9831
3218,5842
3219,7132
3220,5852
3221,1326
3222,1134
3223,5631
3224,5433
3225,2597
3226,9225
3227,5682
3228,1388
3229,3384
3230,1529
3231,5787
3232,7945
3233,6103
3234,8428
3235,5365
3236,4978
3237,9093
3238,5584
3239,4082
3240,2267
3241,8598
3242,4434
3243,3247
3244,3903
3245,2015
3246,2026
3247,9398
3248,1782
3249,8363
3250,3986
3251,1761
3252,8977
3253,7440
3254,7180
3255,6479
3256,9141
3257,3230
3258,549
3259,1471
3260,5194
3261,8557
3262,244
3263,1558
3264,7490
3265,4223
3266,1683
3267,6718
3268,7992
3269,2110
3270,3758
3271,3183
3272,1825
3273,3851
3274,8026
3275,7021
3276,4503
3277,684
3278,8098
3279,8588
3280,2168
3281,2671
3282,2074
3283,3263
3284,4989
3285,7713
3286,8941
3287,1411
3288,3269
3289,3933
3290,4224
3291,3237
3292,2755
3293,6101
3294,3876
3295,5828
3296,2232
3297,2802
3298,9899
3299,4073
3300,1534
3301,8234
3302,6208
3303,4035
3304,2576
3305,2813
3306,3719
3307,6165
3308,729
3309,6526
3310,4589
3311,982
3312,3728
3313,7405
3314,4412
3315,4562
3316,2217
3317,4436
3318,6929
3319,8845
3320,8396
3321,8690
3322,2214
3323,5355
3324,3286
3325,1112
3326,5253
3327,6624
3328,9443
3329,8717
3330,5233
3331,8594
3332,640
3333,9181
3334,6693
3335,287
3336,242
3337,9754
3338,5700
3339,7669
3340,35
3341,7478
3342,6420
3343,8662
3344,3774
3345,6609
3346,5112
3347,7016
3348,3493
3349,2004
3350,8692
3351,1082
3352,6717
3353,225
3354,7615
3355,9925
3356,9794
3357,2616
3358,8360
3359,4791
3360,3323
3361,9978
3362,7773
3363,5949
3364,2305
3365,5695
3366,1706
3367,1956
3368,2793
3369,3654
3370,5251
3371,6430
3372,7567
3373,2655
3374,6599
3375,6363
3376,1942
3377,1767
3378,5095
3379,5647
3380,1126
3381,502
3382,8821
3383,7898
3384,6484
3385,9748
3386,4968
3387,9807
3388,9477
3389,2753
3390,7876
3391,7170
3392,5461
3393,5268
3394,8558
3395,7196
3396,6112
3397,9071
3398,9087
3399,9485
3400,629
3401,892
3402,8998
3403,3652
3404,1306
3405,8446
3406,2905
3407,6603
3408,939
3409,5376
3410,8721
3411,3222
3412,2419
3413,8209
3414,3433
3415,6986
3416,7604
3417,5168
3418,3677
3419,5983
3420,6246
3421,8287
3422,2478
3423,6227
3424,3629
3425,1646
3426,8165
3427,3593
3428,4019
3429,3336
3430,8158
3431,2227
3432,4977
3433,2379
3434,3648
3435,9145
3436,5732
3437,4454
3438,7628
3439,3957
3440,1686
3441,1206
3442,2797
3443,7442
3444,9663
3445,7937
3446,3328
3447,8868
3448,6699
3449,2186
3450,3753
3451,8802
3452,4432
3453,3834
3454,9181
3455,2461
3456,638
3457,9831
3458,7788
3459,3706
3460,3684
3461,3939
3462,2775
3463,4379
3464,8317
3465,4966
3466,702
3467,3172
3468,1115
3469,3018
3470,2171
3471,8355
3472,3709
3473,3796
3474,9266
3475,4210
3476,1923
3477,9418
3478,5530
3479,1782
3480,2790
3481,7433
3482,2881
3483,670
3484,6252
3485,1142
3486,709
3487,7480
3488,6307
3489,7822
3490,4567
3491,2189
3492,9075
3493,8285
3494,1432
3495,3190
3496,4326
3497,6706
3498,9593
3499,624
3500,4580
3501,280
3502,2478
3503,9592
3504,3617
3505,3085
3506,299
3507,8130
3508,6624
3509,3262
3510,7425
3511,6781
3512,288
3513,590
3514,4968
3515,8455
3516,4286
3517,8007
3518,4786
3519,834
3520,3842
3521,8901
3522,5455
3523,1390
3524,9875
3525,6544
3526,3166
3527,4317
3528,5644
3529,8585
3530,5820
3531,8543
3532,5944
3533,3119
3534,4092
3535,3250
3536,6038
3537,1859
3538,8507
3539,2759
3540,6690
3541,9337
3542,215
3543,7362
3544,4601
3545,3460
3546,7224
3547,3821
3548,5151
3549,8511
3550,2718
3551,2001
3552,8473
3553,3283
3554,4548
3555,8722
3556,9178
3557,3732
3558,3561
3559,2842
3560,5689
3561,6589
3562,162
3563,5764
3564,2810
3565,5320
3566,9954
3567,2620
3568,1114
3569,7371
3570,4209
3571,3864
3572,7273
3573,1924
3574,7375
3575,3082
3576,9208
3577,416
3578,176
3579,518
3580,1671
3581,3674
3582,3499
3583,690
3584,2534
3585,2130
3586,5270
3587,4367
3588,1373
3589,9533
3590,2302
3591,1548
3592,3418
3593,7752
3594,8762
3595,9301
3596,1913
3597,184
3598,2240
3599,4297
3600,4170
3601,7116
3602,9699
3603,3181
3604,1577
3605,1161
3606,7629
3607,6043
3608,8570
3609,4956
3610,8244
3611,1917
3612,3500
3613,2545
3614,4183
3615,1303
3616,4779
3617,4806
3618,6881
3619,2982
3620,3932
3621,5007
3622,7042
3623,1002
3624,8122
3625,5297
3626,2250
3627,1486
3628,6436
3629,399
3630,1009
3631,1865
3632,8135
3633,8860
3634,2773
3635,3673
3636,4996
3637,1491
3638,7266
3639,3741
3640,7272
3641,461
3642,9739
3643,3103
3644,892
3645,4418
3646,4078
3647,3287
3648,8576
3649,7961
3650,4700
3651,4605
3652,4569
3653,7301
3654,8170
3655,122
3656,5141
3657,3207
3658,149
3659,1434
3660,2959
3661,3178
3662,8718
3663,6053
3664,6999
3665,7246
3666,6271
3667,897
3668,3114
3669,59
3670,3961
3671,3570
3672,28
3673,4831
3674,6350
3675,8068
3676,9675
3677,2616
3678,7856
3679,8653
3680,6442
3681,3775
3682,2448
3683,9751
3684,6368
3685,8329
3686,5951
3687,7654
3688,4865
3689,6557
3690,7206
3691,5921
3692,6491
3693,2771
3694,4466
3695,9617
3696,6371
3697,5703
3698,5798
3699,211
3700,6170
3701,527
3702,7747
3703,9543
3704,1998
3705,3812
3706,5818
3707,7172
3708,6251
3709,8409
3710,5643
3711,5765
3712,6319
3713,4127
3714,8355
3715,1528
3716,6173
3717,2610
3718,2205
3719,3564
3720,2859
3721,1752
3722,1316
3723,3859
3724,7529
3725,4205
3726,5188
3727,2565
3728,2315
3729,7629
3730,9290
3731,2652
3732,9379
3733,6419
3734,4767
3735,3004
3736,8761
3737,1281
3738,1823
3739,8811
3740,2471
3741,4130
3742,6134
3743,8485
3744,4406
3745,9293
3746,826
3747,7314
3748,7341
3749,92
3750,1930
3751,7827
3752,2103
3753,7081
3754,7977
3755,8377
3756,5295
3757,4947
3758,379
3759,1828
3760,2111
3761,3500
3762,1789
3763,7684
3764,1374
3765,7304
3766,3686
3767,2436
3768,8274
3769,8099
3770,2972
3771,869
3772,4148
3773,2434
3774,9266
3775,4027
3776,8570
3777,8352
3778,1144
3779,5176
3780,5129
3781,5704
3782,6146
3783,5495
3784,4174
3785,2356
3786,5049
3787,4907
3788,8262
3789,5051
3790,3911
3791,1347
3792,1194
3793,4436
3794,1561
3795,1639
3796,9529
3797,1536
3798,9875
3799,1371
3800,9775
3801,4380
3802,5293
3803,7620
3804,2003
3805,879
3806,1024
3807,612
3808,700
3809,8695
3810,499
3811,6874
3812,7250
3813,7796
3814,8034
3815,304
3816,5498
3817,4037
3818,2922
3819,9919
3820,4754
3821,1883
3822,3268
3823,2827
3824,8646
3825,3651
3826,4468
3827,5317
3828,8943
3829,2051
3830,689
3831,5748
3832,5678
3833,9560
3834,7707
3835,8043
3836,72
3837,7839
3838,7362
3839,6925
3840,8336
3841,3654
3842,4980
3843,8013
3844,3288
3845,7306
3846,9024
3847,3084
3848,8322
3849,7562
3850,1647
3851,5113
3852,9126
3853,654
3854,2042
3855,2771
3856,2078
3857,251
3858,2678
3859,812
3860,5069
3861,205
3862,2197
3863,2340
3864,4851
3865,3616
3866,8478
3867,70
3868,3937
3869,6306
3870,2601
3871,8768
3872,9773
3873,6131
3874,1210
3875,2864
3876,7034
3877,9438
3878,6982
3879,146
3880,1039
3881,2604
3882,7216
3883,671
3884,2482
3885,96
3886,6229
3887,8153
3888,6978
3889,2783
3890,1710
3891,2710
3892,6825
3893,1657
3894,6048
3895,5174
3896,5530
3897,3697
3898,606
3899,4555
3900,8686
3901,8847
3902,4767
3903,4394
3904,8922
3905,4743
3906,7091
3907,8700
3908,7127
3909,4739
3910,1683
3911,8316
3912,9938
3913,7188
3914,2304
3915,3640
3916,156
3917,3463
3918,4517
3919,5793
3920,7761
3921,5638
3922,8338
3923,3370
3924,3015
3925,3562
3926,28
3927,2252
3928,6328
3929,5107
3930,8650
3931,1958
3932,9147
3933,5628
3934,4246
3935,6911
3936,1930
3937,4198
3938,248
3939,214
3940,5562
3941,4937
3942,4400
3943,2697
3944,4961
3945,6170
3946,5398
3947,9550
3948,5136
3949,826
3950,9022
3951,202
3952,1786
3953,3655
3954,6324
3955,8452
3956,1798
3957,7384
3958,3710
3959,9369
3960,3903
3961,6821
3962,9298
3963,2689
3964,3914
3965,7270
3966,514
3967,9823
3968,9589
3969,6783
3970,3826
3971,727
3972,4444
3973,668
3974,5067
3975,4018
3976,5004
3977,4244
3978,3774
3979,4647
3980,2114
3981,9457
3982,6811
3983,8585
3984,2617
3985,8395
3986,3729
3987,2591
3988,2575
3989,2773
3990,6338
3991,6001
3992,3416
3993,8933
3994,4790
3995,4187
3996,6486
3997,2614
3998,8191
3999,2392
4000,541
4001,6089
4002,644
4003,9971
4004,12
4005,8407
4006,5961
4007,5636
4008,7749
4009,6013
4010,2900
4011,6249
4012,8036
4013,3316
4014,907
4015,9287
4016,9481
4017,680
4018,7301
4019,1515
4020,6470
4021,5177
4022,5265
4023,259
4024,6467
4025,1902
4026,3449
4027,2864
4028,9705
4029,3802
4030,5340
4031,7881
4032,8245
4033,3622
4034,2628
4035,4688
4036,3173
4037,9490
4038,2952
4039,8421
4040,1935
4041,2982
4042,1000
4043,1822
4044,9005
4045,499
4046,5886
4047,9695
4048,3655
4049,7091
4050,2901
4051,9907
4052,3526
4053,3350
4054,6420
4055,63
4056,2585
4057,625
4058,5954
4059,7414
4060,964
4061,1639
4062,6869
4063,8851
4064,3288
4065,5465
4066,3811
4067,2571
4068,6549
4069,380
4070,867
4071,4896
4072,7495
4073,393
4074,4344
4075,4300
4076,2735
4077,6214
4078,6121
4079,4261
4080,932
4081,2925
4082,7967
4083,3056
4084,9176
4085,1240
4086,7657
4087,4943
4088,9565
4089,3950
4090,6493
4091,213
4092,170
4093,8970
4094,3758
4095,6728
4096,2591
4097,1103
4098,4510
4099,8809
4100,5720
4101,9742
4102,2885
4103,3201
4104,1847
4105,699
4106,3769
4107,2113
4108,375
4109,8102
4110,4182
4111,6043
4112,2388
4113,1215
4114,4998
4115,5679
4116,2745
4117,9877
4118,8500
4119,966
4120,9316
4121,6633
4122,1484
4123,4470
4124,7012
4125,6406
4126,2838
4127,2860
4128,2974
4129,4604
4130,9151
4131,6654
4132,2860
4133,175
4134,929
4135,8315
4136,3514
4137,1001
4138,6057
4139,3849
4140,1268
4141,7619
4142,8716
4143,4814
4144,77
4145,9798
4146,5670
4147,4488
4148,8220
4149,3531
4150,582
4151,7092
4152,7842
4153,5405
4154,2268
4155,6049
4156,660
4157,5751
4158,6848
4159,2597
4160,7886
4161,3272
4162,1348
4163,5006
4164,5790
4165,2837
4166,5242
4167,2227
4168,3549
4169,7855
4170,9239
4171,4393
4172,2971
4173,3236
4174,6847
4175,7041
4176,9300
4177,9141
4178,3726
4179,3424
4180,1458
4181,580
4182,2914
4183,2515
4184,927
4185,6992
4186,7437
4187,6346
4188,1688
4189,625
4190,9951
4191,7096
4192,4759
4193,3515
4194,4539
4195,1145
4196,8576
4197,7236
4198,5172
4199,216
4200,4885
4201,1329
4202,1151
4203,4637
4204,7399
4205,2700
4206,7333
4207,3265
4208,8291
4209,5223
4210,4118
4211,3030
4212,1867
4213,9006
4214,9146
4215,2799
4216,3885
4217,7615
4218,9812
4219,8145
4220,6065
4221,3892
4222,7185
4223,7139
4224,5031
4225,4745
4226,2397
4227,6592
4228,9143
4229,5876
4230,2576
4231,985
4232,7222
4233,9156
4234,1272
4235,5057
4236,9145
4237,7392
4238,6241
4239,3337
4240,5640
4241,2269
4242,1267
4243,474
4244,3304
4245,6784
4246,7441
4247,1240
4248,9086
4249,3815
4250,6429
4251,5760
4252,3866
4253,3145
4254,6963
4255,9126
4256,6044
4257,4599
4258,1556
4259,6075
4260,1104
4261,2421
4262,2627
4263,8964
4264,4155
4265,2785
4266,6638
4267,3165
4268,3980
4269,7982
4270,8785
4271,5425
4272,4341
4273,1952
4274,6036
4275,8311
4276,201
4277,9105
4278,871
4279,6721
4280,9285
4281,659
4282,4144
4283,7597
4284,8838
4285,1046
4286,4141
4287,2158
4288,5467
4289,6089
4290,2440
4291,1889
4292,7552
4293,2021
4294,3383
4295,7367
4296,1299
4297,1457
4298,3209
4299,6391
4300,7532
4301,6069
4302,3193
4303,5472
4304,3226
4305,3146
4306,3328
4307,2792
4308,9192
4309,7667
4310,4930
4311,6334
4312,6337
4313,8427
4314,786
4315,5218
4316,697
4317,539
4318,5077
4319,8090
4320,5528
4321,2163
4322,9496
4323,6104
4324,6984
4325,9728
4326,4784
4327,7702
4328,3113
4329,2450
4330,4145
4331,7134
4332,5211
4333,854
4334,456
4335,3925
4336,3119
4337,1244
4338,6597
4339,236
4340,4153
4341,7195
4342,5568
4343,196
4344,2545
4345,1942
4346,9050
4347,2042
4348,1262
4349,5519
4350,5084
4351,1891
4352,279
4353,1640
4354,4415
4355,6149
4356,1584
4357,1705
4358,3268
4359,3272
4360,1455
4361,6273
4362,8421
4363,62
4364,9959
4365,5580
4366,7589
4367,1676
4368,6911
4369,2795
4370,729
4371,8607
4372,6865
4373,2304
4374,8273
4375,9431
4376,9769
4377,4492
4378,708
4379,7253
4380,9028
4381,5928
4382,358
4383,5384
4384,7879
4385,317
4386,3426
4387,4830
4388,3568
4389,4488
4390,6541
4391,4630
4392,2995
4393,8122
4394,8477
4395,2557
4396,346
4397,2989
4398,3978
4399,920
4400,2006
4401,3139
4402,5457
4403,6139
4404,5860
4405,4214
4406,7456
4407,8529
4408,324
4409,1144
4410,4886
4411,8112
4412,9722
4413,8357
4414,5602
4415,1734
4416,3353
4417,896
4418,731
4419,7688
4420,9114
4421,3367
4422,880
4423,6761
4424,507
4425,1766
4426,1127
4427,2838
4428,1657
4429,7002
4430,6781
4431,152
4432,2771
4433,3445
4434,6632
4435,7079
4436,4522
4437,1858
4438,2706
4439,1727
4440,3082
4441,9269
4442,2796
4443,3801
4444,9490
4445,3881
4446,1816
4447,1514
4448,3318
4449,7127
4450,5058
4451,8273
4452,1700
4453,9546
4454,3313
4455,3123
4456,9084
4457,7860
4458,6426
4459,1514
4460,8934
4461,9950
4462,3934
4463,8625
4464,9793
4465,4495
4466,8110
4467,8694
4468,201
4469,8700
4470,4927
4471,5841
4472,9458
4473,4332
4474,7009
4475,9018
4476,7292
4477,9675
4478,9288
4479,1884
4480,9072
4481,4773
4482,8474
4483,9231
4484,1061
4485,9775
4486,7548
4487,7421
4488,6330
4489,2115
4490,317
4491,7747
4492,3369
4493,3186
4494,1261
4495,5376
4496,1527
4497,6236
4498,5315
4499,9580
4500,5879
4501,8049
4502,4901
4503,5002
4504,1971
4505,2873
4506,6613
4507,4577
4508,6523
4509,4015
4510,9124
4511,193
4512,7765
4513,3368
4514,6625
4515,9600
4516,6807
4517,8738
4518,7688
4519,5708
4520,1283
4521,6663
4522,1106
4523,9507
4524,9117
4525,8012
4526,4257
4527,9230
4528,5324
4529,3364
4530,280
4531,1196
4532,6315
4533,2408
4534,7005
4535,7309
4536,4192
4537,9913
4538,2240
4539,6521
4540,138
4541,9471
4542,3682
4543,9803
4544,4775
4545,3980
4546,7555
4547,5562
4548,637
4549,6599
4550,2054
4551,2351
4552,5894
4553,8195
4554,259
4555,2935
4556,5053
4557,984
4558,9527
4559,7202
4560,9185
4561,9090
4562,2682
4563,7289
4564,7541
4565,9528
4566,8672
4567,1997
4568,100
4569,8731
4570,4069
4571,2783
4572,9888
4573,8393
4574,7419
4575,4450
4576,7357
4577,1018
4578,3793
4579,6656
4580,4308
4581,4678
4582,4297
4583,2062
4584,6019
4585,1726
4586,320
4587,4548
4588,1270
4589,3942
4590,594
4591,7626
4592,8561
4593,2876
4594,5908
4595,2021
4596,6261
4597,4949
4598,4016
4599,1635
4600,900
4601,6088
4602,7046
4603,8933
4604,3971
4605,2514
4606,8816
4607,3816
4608,6110
4609,1729
4610,6696
4611,1597
4612,7010
4613,9813
4614,906
4615,5568
4616,8479
4617,4657
4618,9838
4619,2442
4620,3914
4621,6847
4622,1459
4623,4510
4624,5464
4625,9434
4626,4127
4627,8879
4628,2038
4629,6855
4630,3768
4631,5914
4632,4634
4633,8858
4634,175
4635,4601
4636,599
4637,4534
4638,2831
4639,6519
4640,7703
4641,9464
4642,81
4643,3590
4644,7972
4645,278
4646,9978
4647,2472
4648,9470
4649,1025
4650,9285
4651,7994
4652,416
4653,7394
4654,6059
4655,6179
4656,7992
4657,995
4658,4495
4659,8911
4660,2628
4661,6299
4662,9613
4663,6938
4664,5378
4665,4631
4666,9687
4667,7576
4668,4680
4669,7668
4670,1013
4671,7514
4672,2476
4673,1949
4674,1645
4675,9900
4676,8105
4677,6275
4678,1905
4679,6534
4680,1083
4681,5194
4682,2412
4683,4905
4684,7341
4685,9353
4686,1966
4687,7033
4688,3917
4689,817
4690,8388
4691,4837
4692,4534
4693,9509
4694,2294
4695,5323
4696,767
4697,4897
4698,3864
4699,3568
4700,9782
4701,971
4702,3857
4703,6736
4704,3585
4705,9077
4706,2428
4707,4208
4708,1011
4709,5254
4710,7129
4711,4076
4712,2855
4713,9683
4714,8859
4715,5326
4716,432
4717,6725
4718,4276
4719,7559
4720,6326
4721,2720
4722,8654
4723,8079
4724,1667
4725,2551
4726,6773
4727,3085
4728,3174
4729,2063
4730,8489
4731,5747
4732,3227
4733,1457
4734,6019
4735,617
4736,4562
4737,1774
4738,9427
4739,9437
4740,9231
4741,2681
4742,6529
4743,3972
4744,3187
4745,3732
4746,4916
4747,7273
4748,5064
4749,9677
4750,818
4751,9180
4752,735
4753,7711
4754,1226
4755,4061
4756,2207
4757,2816
4758,8980
4759,982
4760,5644
4761,7493
4762,2133
4763,8800
4764,234
4765,9042
4766,1824
4767,1116
4768,134
4769,3256
4770,2941
4771,2981
4772,2027
4773,7425
4774,2425
4775,3106
4776,1619
4777,727
4778,3571
4779,9218
4780,6792
4781,1058
4782,9559
4783,8317
4784,7915
4785,5588
4786,1630
4787,6558
4788,7391
4789,4790
4790,3802
4791,2951
4792,5705
4793,6411
4794,9179
4795,6207
4796,5460
4797,8985
4798,8442
4799,5884
4800,1563
4801,1022
4802,8388
4803,1891
4804,6809
4805,4596
4806,8632
4807,8440
4808,6457
4809,2355
4810,85
4811,9558
4812,5887
4813,6795
4814,4932
4815,8100
4816,2340
4817,4696
4818,1912
4819,4680
4820,7153
4821,2069
4822,150
4823,1799
4824,26
4825,474
4826,4481
4827,1837
4828,8721
4829,5966
4830,99
4831,4825
4832,2861
4833,2853
4834,9127
4835,6553
4836,5911
4837,979
4838,1104
4839,6134
4840,7357
4841,3205
4842,1414
4843,6950
4844,4300
4845,3992
4846,5565
4847,7964
4848,4723
4849,3102
4850,4169
4851,6318
4852,7488
4853,8486
4854,4943
4855,4936
4856,9389
4857,3979
4858,2975
4859,4329
4860,8985
4861,7118
4862,9151
4863,3949
4864,54
4865,1820
4866,4576
4867,9031
4868,1919
4869,6374
4870,2591
4871,701
4872,941
4873,7920
4874,6392
4875,3416
4876,8349
4877,1042
4878,1321
4879,8589
4880,3131
4881,1883
4882,9117
4883,6791
4884,3758
4885,287
4886,1869
4887,5939
4888,6802
4889,4723
4890,4685
4891,1180
4892,8691
4893,9384
4894,5318
4895,2472
4896,9832
4897,297
4898,5963
4899,4292
4900,1917
4901,1171
4902,139
4903,6347
4904,2373
4905,8161
4906,5993
4907,153
4908,8217
4909,7479
4910,254
4911,936
4912,3188
4913,2186
4914,5012
4915,896
4916,8542
4917,3408
4918,8507
4919,9109
4920,2664
4921,7402
4922,1381
4923,7145
4924,330
4925,4664
4926,5310
4927,6771
4928,6864
4929,5515
4930,9333
4931,6563
4932,4052
4933,9019
4934,7508
4935,6646
4936,7372
4937,21
4938,204
4939,2547
4940,2852
4941,2239
4942,3019
4943,7994
4944,2087
4945,7855
4946,3877
4947,4883
4948,8645
4949,307
4950,5866
4951,9046
4952,1025
4953,1394
4954,9599
4955,8755
4956,2360
4957,1279
4958,1270
4959,7711
4960,8386
4961,4573
4962,6907
4963,5682
4964,5603
4965,6165
4966,5553
4967,7250
4968,4693
4969,1891
4970,8723
4971,3819
4972,5817
4973,4893
4974,7216
4975,4165
4976,4683
4977,1419
4978,9896
4979,5207
4980,7462
4981,8728
4982,2182
4983,289
4984,3987
4985,2679
4986,7835
4987,9953
4988,3991
4989,4779
4990,5257
4991,4437
4992,6145
4993,5583
4994,4141
4995,9910
4996,7199
4997,4545
4998,2786
4999,9321
5000,7707
5001,8396
5002,672
5003,8681
5004,8054
5005,4228
5006,9625
5007,5070
5008,5884
5009,5591
5010,2024
5011,3799
5012,9113
5013,7158
5014,7776
5015,2374
5016,3639
5017,5929
5018,5685
5019,8882
5020,6648
5021,4661
5022,619
5023,7950
5024,3876
5025,381
5026,7008
5027,625
5028,6921
5029,6020
5030,2263
5031,4952
5032,874
5033,1278
5034,7464
5035,8986
5036,4581
5037,5239
5038,2247
5039,4064
5040,945
5041,6404
5042,7901
5043,335
5044,9736
5045,7784
5046,3871
5047,1995
5048,4942
5049,4613
5050,2788
5051,9472
5052,8842
5053,7764
5054,4088
5055,1377
5056,4052
5057,2585
5058,6764
5059,1591
5060,1996
5061,2250
5062,3976
5063,7614
5064,8330
5065,5978
5066,9053
5067,7503
5068,4113
5069,2086
5070,5241
5071,3004
5072,3754
5073,5604
5074,7541
5075,7381
5076,1654
5077,3154
5078,252
5079,4095
5080,7964
5081,7279
5082,7140
5083,6838
5084,8372
5085,8854
5086,6341
5087,3522
5088,1509
5089,2168
5090,5172
5091,4049
5092,2045
5093,7987
5094,867
5095,3833
5096,6780
5097,9251
5098,308
5099,7254
5100,933
5101,4242
5102,4316
5103,2809
5104,6588
5105,4885
5106,5336
5107,6592
5108,1812
5109,2667
5110,3356
5111,9673
5112,2959
5113,951
5114,1917
5115,4847
5116,8115
5117,1253
5118,5706
5119,1476
5120,3967
5121,1976
5122,385
5123,272
5124,4372
5125,6512
5126,7843
5127,1903
5128,8116
5129,1662
5130,5550
5131,3902
5132,609
5133,4825
5134,1922
5135,9494
5136,8802
5137,8582
5138,4223
5139,3647
5140,9300
5141,5609
5142,6458
5143,8567
5144,7392
5145,8992
5146,3579
5147,7717
5148,756
5149,8514
5150,4643
5151,930
5152,9279
5153,7018
5154,2391
5155,3628
5156,8999
5157,4453
5158,282
5159,1783
5160,2557
5161,3174
5162,4790
5163,956
5164,516
5165,6729
5166,8445
5167,8707
5168,6370
5169,7667
5170,3600
5171,1202
5172,1474
5173,400
5174,5625
5175,6116
5176,8874
5177,2570
5178,5877
5179,1221
5180,9131
5181,1549
5182,9114
5183,653
5184,8703
5185,8931
5186,1293
5187,7690
5188,7355
5189,4396
5190,929
5191,2349
5192,8957
5193,5940
5194,5412
5195,5673
5196,5285
5197,517
5198,1446
5199,8760
5200,7364
5201,4526
5202,3632
5203,4409
5204,5047
5205,8121
5206,3725
5207,7847
5208,1311
5209,7380
5210,5195
5211,2165
5212,6421
5213,6375
5214,702
5215,1488
5216,6406
5217,8458
5218,451
5219,2656
5220,5219
5221,6543
5222,4687
5223,7221
5224,9937
5225,2655
5226,8220
5227,9326
5228,7943
5229,5486
5230,7938
5231,2090
5232,6099
5233,7406
5234,9749
5235,7807
5236,871
5237,8356
5238,3504
5239,914
5240,1279
5241,414
5242,9045
5243,9984
5244,9766
5245,1194
5246,8948
5247,1735
5248,8472
5249,5821
5250,5616
5251,3966
5252,181
5253,8475
5254,2316
5255,9360
5256,9908
5257,9973
5258,431
5259,5550
5260,9411
5261,4685
5262,9092
5263,6758
5264,6113
5265,1483
5266,3253
5267,2191
5268,9651
5269,3106
5270,6656
5271,9792
5272,5892
5273,5992
5274,5808
5275,9637
5276,8425
5277,8421
5278,9856
5279,8466
5280,9155
5281,4534
5282,6569
5283,7630
5284,2784
5285,5683
5286,3134
5287,8681
5288,1363
5289,9091
5290,3864
5291,8144
5292,934
5293,2180
5294,5516
5295,2405
5296,8230
5297,8236
5298,5525
5299,2680
5300,3375
5301,598
5302,3148
5303,9105
5304,6673
5305,4096
5306,8541
5307,4280
5308,6029
5309,9916
5310,566
5311,8032
5312,5462
5313,3577
5314,3909
5315,6487
5316,7510
5317,1026
5318,6480
5319,2072
5320,9040
5321,9839
5322,4331
5323,3506
5324,1823
5325,6266
5326,9653
5327,2323
5328,9716
5329,1241
5330,9847
5331,5841
5332,3009
5333,3450
5334,4066
5335,315
5336,9925
5337,1699
5338,9719
5339,3927
5340,7090
5341,8621
5342,2946
5343,3872
5344,9652
5345,5659
5346,3271
5347,9366
5348,1829
5349,1352
5350,5570
5351,2236
5352,1089
5353,4216
5354,6290
5355,7245
5356,823
5357,5099
5358,2041
5359,8524
5360,9105
5361,9743
5362,5921
5363,2663
5364,3350
5365,7886
5366,1151
5367,9051
5368,8568
5369,2907
5370,9291
5371,4051
5372,2048
5373,4280
5374,4693
5375,504
5376,7126
5377,1794
5378,3520
5379,3796
5380,5276
5381,9200
5382,5438
5383,6691
5384,6903
5385,9653
5386,9953
5387,4668
5388,7092
5389,6879
5390,7617
5391,7679
5392,6229
5393,4544
5394,5989
5395,8900
5396,1322
5397,2972
5398,2948
5399,3207
5400,5306
5401,7214
5402,5740
5403,136
5404,5612
5405,1201
5406,2649
5407,1376
5408,9221
5409,6463
5410,6681
5411,6693
5412,4549
5413,8886
5414,2897
5415,9664
5416,4096
5417,2271
5418,4190
5419,2851
5420,9969
5421,6050
5422,3570
5423,4768
5424,636
5425,5024
5426,1385
5427,1191
5428,5718
5429,500
5430,3739
5431,5984
5432,3544
5433,3306
5434,1950
5435,5024
5436,1892
5437,4918
5438,2997
5439,5595
5440,3169
5441,4540
5442,691
5443,5264
5444,1083
5445,2397
5446,2703
5447,9572
5448,4350
5449,2166
5450,7976
5451,2590
5452,7267
5453,2169
5454,6782
5455,1637
5456,8229
5457,7090
5458,1995
5459,9723
5460,8498
5461,2191
5462,2306
5463,7174
5464,2607
5465,911
5466,6070
5467,9300
5468,1687
5469,2891
5470,5632
5471,8062
5472,1388
5473,1258
5474,5660
5475,6089
5476,9466
5477,7046
5478,6497
5479,1068
5480,2058
5481,6125
5482,4258
5483,2486
5484,4613
5485,3563
5486,9963
5487,230
5488,4828
5489,7202
5490,4633
5491,7359
5492,5628
5493,9866
5494,7219
5495,4586
5496,1881
5497,7925
5498,1472
5499,5531
5500,8546
5501,8246
5502,7823
5503,2078
5504,5763
5505,7247
5506,7026
5507,6201
5508,1524
5509,2608
5510,1011
5511,1043
5512,6909
5513,8475
5514,5061
5515,9981
5516,4486
5517,488
5518,525
5519,1201
5520,6307
5521,9613
5522,281
5523,8344
5524,7788
5525,6018
5526,7997
5527,3342
5528,797
5529,6232
5530,9883
5531,632
5532,3851
5533,3686
5534,2582
5535,6925
5536,5043
5537,7798
5538,5224
5539,4722
5540,76
5541,7543
5542,4626
5543,1150
5544,5740
5545,7475
5546,9389
5547,4481
5548,3349
5549,558
5550,7685
5551,8274
5552,208
5553,9983
5554,581
5555,800
5556,9840
5557,1184
5558,188
5559,2254
5560,4096
5561,744
5562,6242
5563,808
5564,7611
5565,8989
5566,2805
5567,4598
5568,7307
5569,3094
5570,741
5571,1139
5572,1615
5573,2943
5574,9417
5575,8526
5576,5084
5577,7109
5578,1500
5579,903
5580,1400
5581,3399
5582,4249
5583,4489
5584,2273
5585,3442
5586,2381
5587,4322
5588,1525
5589,6336
5590,7098
5591,5596
5592,2927
5593,5741
5594,7696
5595,1177
5596,8312
5597,5119
5598,4337
5599,5820
5600,3665
5601,3803
5602,9957
5603,6748
5604,1587
5605,9498
5606,2230
5607,9174
5608,1040
5609,6701
5610,4002
5611,923
5612,6368
5613,2191
5614,3207
5615,6050
5616,1472
5617,7047
5618,9509
5619,5004
5620,9391
5621,5318
5622,6231
5623,7100
5624,7779
5625,697
5626,4671
5627,9409
5628,1904
5629,7399
5630,4932
5631,6332
5632,3193
5633,3807
5634,5188
5635,9846
5636,3978
5637,2726
5638,200
5639,1345
5640,8191
5641,388
5642,3839
5643,6390
5644,625
5645,2340
5646,1764
5647,473
5648,9168
5649,4277
5650,3168
5651,3634
5652,4948
5653,5427
5654,6014
5655,8891
5656,5613
5657,2222
5658,6130
5659,5828
5660,392
5661,2266
5662,1422
5663,9785
5664,6156
5665,381
5666,5816
5667,5575
5668,8812
5669,8317
5670,7447
5671,456
5672,1401
5673,1350
5674,2949
5675,5979
5676,9275
5677,4823
5678,3579
5679,5464
5680,3160
5681,9807
5682,6424
5683,4667
5684,6957
5685,7953
5686,3672
5687,4492
5688,4807
5689,5078
5690,5490
5691,8043
5692,993
5693,5617
5694,8553
5695,9926
5696,9481
5697,1917
5698,6934
5699,9226
5700,8747
5701,4184
5702,9090
5703,7275
5704,9307
5705,2000
5706,5606
5707,4008
5708,3785
5709,9122
5710,4655
5711,2071
5712,4497
5713,4445
5714,2654
5715,1055
5716,7961
5717,6459
5718,2691
5719,3209
5720,6778
5721,9140
5722,7450
5723,8643
5724,2560
5725,4235
5726,606
5727,6064
5728,1515
5729,9063
5730,6478
5731,7246
5732,1561
5733,9938
5734,6862
5735,1459
5736,5963
5737,8466
5738,8052
5739,2669
5740,7519
5741,7903
5742,7455
5743,2731
5744,9664
5745,9647
5746,2935
5747,9834
5748,7114
5749,6250
5750,522
5751,225
5752,7309
5753,3163
5754,7460
5755,1716
5756,1577
5757,1138
5758,3520
5759,7877
5760,2375
5761,5593
5762,4907
5763,5728
5764,6011
5765,4577
5766,9281
5767,2751
5768,3030
5769,6266
5770,238
5771,8372
5772,304
5773,4294
5774,8627
5775,6811
5776,928
5777,508
5778,2819
5779,4971
5780,9027
5781,3789
5782,2128
5783,6401
5784,155
5785,7952
5786,4575
5787,202
5788,5197
5789,6647
5790,8253
5791,2420
5792,1830
5793,2974
5794,2531
5795,2578
5796,5892
5797,1877
5798,7475
5799,7612
5800,3209
5801,6113
5802,250
5803,3450
5804,4641
5805,9609
5806,8284
5807,5087
5808,3778
5809,9152
5810,8005
5811,8812
5812,6439
5813,3615
5814,2183
5815,9724
5816,6578
5817,2611
5818,2667
5819,6090
5820,7335
5821,2169
5822,3840
5823,8323
5824,4378
5825,1327
5826,4503
5827,1240
5828,1143
5829,7617
5830,1311
5831,1920
5832,8092
5833,8117
5834,9707
5835,7980
5836,1926
5837,7006
5838,2767
5839,6474
5840,188
5841,9098
5842,6372
5843,9753
5844,8693
5845,70
5846,9279
5847,6691
5848,2905
5849,595
5850,5833
5851,544
5852,3472
5853,4021
5854,3408
5855,2165
5856,5976
5857,7339
5858,6967
5859,9206
5860,5335
5861,8528
5862,4713
5863,2716
5864,11
5865,9235
5866,8326
5867,1114
5868,1871
5869,5279
5870,6953
5871,8330
5872,447
5873,4856
5874,3139
5875,9423
5876,8091
5877,911
5878,5408
5879,6688
5880,5539
5881,6614
5882,3928
5883,1077
5884,36
5885,6947
5886,7274
5887,7128
5888,557
5889,8768
5890,8905
5891,5348
5892,3150
5893,8006
5894,1600
5895,7786
5896,4953
5897,9007
5898,7808
5899,3801
5900,1367
5901,8102
5902,3235
5903,2470
5904,8747
5905,2738
5906,6736
5907,7491
5908,6440
5909,3124
5910,626
5911,3654
5912,6423
5913,1213
5914,9961
5915,2575
5916,3184
5917,3091
5918,2640
5919,3171
5920,4331
5921,8871
5922,6279
5923,7109
5924,7386
5925,4088
5926,5811
5927,4161
5928,8921
5929,2610
5930,6185
5931,676
5932,293
5933,5850
5934,3575
5935,4603
5936,1475
5937,8331
5938,4744
5939,6267
5940,7376
5941,3682
5942,7392
5943,6597
5944,1002
5945,6868
5946,2131
5947,2233
5948,4532
5949,3198
5950,3247
5951,4146
5952,353
5953,4714
5954,4833
5955,4930
5956,3211
5957,5481
5958,898
5959,9543
5960,7137
5961,3730
5962,2893
5963,4222
5964,6971
5965,2425
5966,9319
5967,3011
5968,1748
5969,1374
5970,2718
5971,934
5972,161
5973,8787
5974,8054
5975,922
5976,2331
5977,505
5978,2158
5979,566
5980,1562
5981,2130
5982,3095
5983,3514
5984,166
5985,8936
5986,7515
5987,7172
5988,5533
5989,7553
5990,8065
5991,4664
5992,6260
5993,7256
5994,164
5995,7960
5996,1006
5997,4636
5998,2915
5999,9379
6000,163
6001,7863
6002,6491
6003,5609
6004,1726
6005,796
6006,4378
6007,8106
6008,4282
6009,3777
6010,8844
6011,6004
6012,7226
6013,8867
6014,3436
6015,3793
6016,5437
6017,7021
6018,8062
6019,3711
6020,9271
6021,2359
6022,7021
6023,7065
6024,1222
6025,6975
6026,9354
6027,6714
6028,7443
6029,2521
6030,153
6031,7377
6032,3238
6033,4592
6034,6041
6035,4253
6036,9559
6037,2723
6038,4195
6039,9559
6040,7338
6041,4643
6042,3202
6043,310
6044,733
6045,5704
6046,3020
6047,5565
6048,77
6049,2516
6050,1547
6051,407
6052,5690
6053,9365
6054,4835
6055,8757
6056,6058
6057,3671
6058,9953
6059,2951
6060,7077
6061,5101
6062,1611
6063,1490
6064,6240
6065,9304
6066,3286
6067,6457
6068,5509
6069,6283
6070,1309
6071,5828
6072,6711
6073,5004
6074,7499
6075,9737
6076,8279
6077,2841
6078,2731
6079,1542
6080,8439
6081,5263
6082,2006
6083,5321
6084,287
6085,3099
6086,533
6087,4285
6088,5375
6089,3132
6090,8177
6091,5200
6092,4585
6093,7737
6094,1807
6095,2141
6096,7332
6097,6510
6098,825
6099,8644
6100,6676
6101,152
6102,1420
6103,544
6104,9918
6105,3374
6106,1042
6107,3352
6108,9612
6109,6095
6110,4510
6111,1182
6112,9090
6113,4527
6114,8017
6115,1651
6116,481
6117,2950
6118,8748
6119,4736
6120,7680
6121,3733
6122,373
6123,3319
6124,555
6125,3250
6126,6675
6127,1946
6128,9164
6129,892
6130,3850
6131,6933
6132,9072
6133,4621
6134,9067
6135,5214
6136,7298
6137,3213
6138,2254
6139,28
6140,651
6141,3093
6142,5210
6143,8531
6144,875
6145,783
6146,4742
6147,3528
6148,6805
6149,6994
6150,2577
6151,1684
6152,749
6153,1555
6154,9337
6155,5137
6156,6957
6157,6630
6158,9075
6159,4565
6160,5655
6161,8953
6162,7134
6163,9055
6164,3742
6165,2293
6166,9531
6167,8679
6168,7008
6169,5423
6170,1279
6171,7878
6172,2613
6173,5971
6174,9671
6175,8579
6176,7567
6177,1690
6178,8443
6179,9121
6180,5692
6181,8094
6182,5377
6183,79
6184,3934
6185,6210
6186,2017
6187,9002
6188,8129
6189,2789
6190,4930
6191,765
6192,6505
6193,5945
6194,9523
6195,2340
6196,5715
6197,8311
6198,1026
6199,7357
6200,8226
6201,4948
6202,2848
6203,747
6204,6210
6205,8381
6206,241
6207,1927
6208,8544
6209,5928
6210,2633
6211,8656
6212,6411
6213,7082
6214,2286
6215,7403
6216,8797
6217,3884
6218,4540
6219,7174
6220,4507
6221,7943
6222,2145
6223,6737
6224,1575
6225,318
6226,8544
6227,8637
6228,8378
6229,148
6230,203
6231,3267
6232,3245
6233,952
6234,4630
6235,5730
6236,6363
6237,4967
6238,9155
6239,9504
6240,3391
6241,5849
6242,2890
6243,4897
6244,555
6245,1937
6246,4162
6247,14
6248,5543
6249,9564
6250,5388
6251,6243
6252,2673
6253,9475
6254,3336
6255,3669
6256,1141
6257,4773
6258,6747
6259,5102
6260,6032
6261,3169
6262,6169
6263,7328
6264,8455
6265,5317
6266,8530
6267,3054
6268,9622
6269,5646
6270,2902
6271,5298
6272,5822
6273,664
6274,5491
6275,769
6276,6792
6277,1808
6278,5169
6279,8456
6280,5272
6281,3833
6282,1886
6283,6164
6284,7797
6285,4526
6286,3744
6287,9446
6288,5982
6289,6649
6290,5366
6291,6390
6292,1018
6293,4324
6294,9712
6295,2518
6296,4768
6297,2692
6298,7321
6299,999
6300,8456
6301,4721
6302,6489
6303,6974
6304,8085
6305,4462
6306,8457
6307,1017
6308,6506
6309,9957
6310,7698
6311,3918
6312,2813
6313,4389
6314,108
6315,8398
6316,887
6317,1878
6318,2675
6319,1398
6320,2425
6321,8771
6322,2647
6323,7252
6324,9267
6325,8623
6326,2893
6327,1214
6328,554
6329,1233
6330,3182
6331,8969
6332,6460
6333,6530
6334,664
6335,6831
6336,2456
6337,5902
6338,8422
6339,3676
6340,4287
6341,4412
6342,2579
6343,5525
6344,9215
6345,3995
6346,8177
6347,7458
6348,4320
6349,3029
6350,3691
6351,9645
6352,4206
6353,582
6354,9534
6355,4763
6356,7092
6357,4012
6358,5639
6359,8427
6360,4210
6361,2007
6362,8973
6363,7432
6364,4534
6365,8635
6366,3417
6367,6741
6368,7805
6369,9067
6370,2803
6371,7344
6372,2921
6373,7962
6374,2425
6375,260
6376,4961
6377,8108
6378,5299
6379,8112
6380,7267
6381,5575
6382,6447
6383,9120
6384,1183
6385,8634
6386,845
6387,2272
6388,9099
6389,4577
6390,3825
6391,256
6392,2439
6393,9192
6394,9128
6395,5297
6396,2617
6397,9276
6398,5940
6399,4032
6400,4794
6401,6627
6402,3161
6403,5590
6404,7064
6405,7716
6406,7629
6407,4583
6408,3501
6409,716
6410,7007
6411,5243
6412,8955
6413,5765
6414,6970
6415,8789
6416,1344
6417,5598
6418,1857
6419,6861
6420,7221
6421,7875
6422,3327
6423,6821
6424,174
6425,7070
6426,3067
6427,4438
6428,412
6429,8615
6430,8246
6431,6359
6432,4167
6433,877
6434,8220
6435,374
6436,7477
6437,6581
6438,589
6439,7684
6440,8747
6441,6478
6442,4160
6443,3049
6444,4147
6445,462
6446,6547
6447,1391
6448,8164
6449,1477
6450,2748
6451,7582
6452,9418
6453,6757
6454,890
6455,3159
6456,8286
6457,7902
6458,4154
6459,1178
6460,3139
6461,3655
6462,2536
6463,3526
6464,3377
6465,7348
6466,3565
6467,5121
6468,6762
6469,455
6470,6374
6471,3636
6472,4026
6473,3885
6474,5507
6475,6248
6476,271
6477,5002
6478,4035
6479,8293
6480,4232
6481,4185
6482,9184
6483,3453
6484,5021
6485,703
6486,8357
6487,1822
6488,5734
6489,1417
6490,8042
6491,9418
6492,1420
6493,3507
6494,4382
6495,7404
6496,561
6497,9378
6498,4342
6499,1007
6500,4086
6501,6109
6502,5565
6503,4062
6504,5313
6505,8128
6506,6112
6507,5500
6508,8574
6509,5626
6510,2258
6511,858
6512,6364
6513,8705
6514,8080
6515,8904
6516,3635
6517,324
6518,2386
6519,9242
6520,4388
6521,8459
6522,584
6523,9754
6524,5595
6525,5502
6526,8959
6527,2820
6528,8144
6529,9306
6530,5680
6531,7725
6532,6577
6533,3469
6534,6127
6535,4002
6536,7847
6537,213
6538,2785
6539,2002
6540,2253
6541,8508
6542,1697
6543,4119
6544,1870
6545,5186
6546,732
6547,8981
6548,8730
6549,4903
6550,353
6551,5408
6552,8410
6553,4746
6554,3416
6555,9513
6556,929
6557,5829
6558,2054
6559,428
6560,1759
6561,7388
6562,1109
6563,3402
6564,2782
6565,6794
6566,1555
6567,1080
6568,6532
6569,1860
6570,5063
6571,2949
6572,7204
6573,5861
6574,6683
6575,688
6576,998
6577,9809
6578,1512
6579,1799
6580,5291
6581,5037
6582,1435
6583,6664
6584,2450
6585,6866
6586,7377
6587,9480
6588,2604
6589,4699
6590,2446
6591,5527
6592,9229
6593,6320
6594,3549
6595,3493
6596,7381
6597,2251
6598,6388
6599,2775
6600,9375
6601,4921
6602,413
6603,3392
6604,4173
6605,7640
6606,97
6607,9360
6608,5826
6609,5480
6610,6286
6611,5749
6612,4283
6613,9583
6614,6533
6615,5013
6616,8048
6617,6616
6618,2074
6619,5325
6620,327
6621,1512
6622,6140
6623,7429
6624,2052
6625,4608
6626,128
6627,719
6628,3567
6629,3260
6630,8071
6631,8619
6632,2613
6633,1111
6634,4431
6635,7867
6636,8187
6637,6092
6638,6668
6639,2271
6640,8031
6641,518
6642,2389
6643,8889
6644,4762
6645,9494
6646,5505
6647,3219
6648,7408
6649,6753
6650,5658
6651,5181
6652,7900
6653,334
6654,3567
6655,3597
6656,161
6657,964
6658,4364
6659,7170
6660,9393
6661,697
6662,8511
6663,9704
6664,3137
6665,6773
6666,3405
6667,9015
6668,855
6669,1174
6670,5914
6671,9969
6672,5370
6673,364
6674,1882
6675,2034
6676,2827
6677,3842
6678,8267
6679,2591
6680,9592
6681,9332
6682,2496
6683,9036
6684,8428
6685,2453
6686,8929
6687,1046
6688,8694
6689,7445
6690,1558
6691,9345
6692,5075
6693,6506
6694,6193
6695,3967
6696,3417
6697,649
6698,182
6699,5676
6700,4364
6701,3969
6702,8718
6703,8724
6704,2896
6705,2174
6706,3955
6707,5245
6708,7756
6709,2600
6710,7764
6711,4944
6712,4086
6713,5195
6714,1103
6715,3890
6716,6569
6717,2795
6718,6075
6719,6549
6720,1584
6721,5686
6722,8070
6723,4000
6724,5220
6725,4855
6726,9295
6727,1199
6728,2699
6729,4105
6730,1885
6731,7778
6732,3416
6733,9989
6734,3942
6735,9809
6736,8250
6737,5418
6738,3871
6739,7416
6740,2843
6741,5295
6742,9599
6743,7655
6744,9033
6745,4787
6746,2745
6747,8283
6748,8288
6749,6378
6750,831
6751,7535
6752,172
6753,7787
6754,1942
6755,3545
6756,5966
6757,3456
6758,2800
6759,2717
6760,7969
6761,3943
6762,3395
6763,6646
6764,932
6765,8099
6766,9784
6767,574
6768,3268
6769,2510
6770,4576
6771,9189
6772,6891
6773,3646
6774,6040
6775,233
6776,6307
6777,360
6778,7324
6779,1938
6780,7753
6781,8550
6782,4742
6783,1027
6784,2236
6785,7216
6786,7180
6787,6217
6788,2429
6789,6250
6790,1903
6791,5332
6792,7728
6793,6888
6794,1135
6795,3127
6796,4171
6797,4052
6798,4443
6799,8648
6800,2668
6801,3493
6802,2954
6803,7220
6804,7663
6805,8797
6806,1996
6807,1084
6808,4315
6809,3017
6810,979
6811,8782
6812,2834
6813,1221
6814,239
6815,4294
6816,3195
6817,511
6818,58
6819,3576
6820,3065
6821,8890
6822,396
6823,979
6824,9207
6825,5830
6826,3062
6827,7407
6828,2312
6829,2293
6830,9809
6831,4376
6832,132
6833,6809
6834,9482
6835,3737
6836,8460
6837,9149
6838,4968
6839,534
6840,9089
6841,8409
6842,158
6843,8011
6844,447
6845,3759
6846,8196
6847,4463
6848,5346
6849,4561
6850,2833
6851,5738
6852,8687
6853,8401
6854,1992
6855,7006
6856,9673
6857,2321
6858,7235
6859,9723
6860,614
6861,8185
6862,5795
6863,9619
6864,4607
6865,7769
6866,7542
6867,8750
6868,848
6869,3825
6870,857
6871,4719
6872,4517
6873,6585
6874,4783
6875,4478
6876,5202
6877,3330
6878,4708
6879,4321
6880,3683
6881,1574
6882,1850
6883,6068
6884,7141
6885,736
6886,9446
6887,6707
6888,9267
6889,292
6890,1091
6891,3895
6892,2891
6893,2980
6894,9354
6895,6995
6896,957
6897,4770
6898,9919
6899,76
6900,8838
6901,8515
6902,574
6903,9803
6904,9027
6905,3680
6906,9227
6907,2261
6908,814
6909,4641
6910,9593
6911,1245
6912,6730
6913,6916
6914,6026
6915,3559
6916,7948
6917,4151
6918,6976
6919,9556
6920,5345
6921,5087
6922,5621
6923,8099
6924,2902
6925,5587
6926,3628
6927,1569
6928,6693
6929,1517
6930,2073
6931,3652
6932,2010
6933,1304
6934,4075
6935,8024
6936,9955
6937,1613
6938,1332
6939,5966
6940,2451
6941,1108
6942,5083
6943,9707
6944,9328
6945,8498
6946,3797
6947,2106
6948,2218
6949,5998
6950,185
6951,7179
6952,6024
6953,1677
6954,8877
6955,1833
6956,5157
6957,1366
6958,3082
6959,3269
6960,6209
6961,556
6962,5241
6963,7975
6964,2093
6965,2050
6966,4544
6967,1762
6968,9817
6969,1859
6970,2652
6971,1610
6972,4412
6973,3809
6974,628
6975,1142
6976,5501
6977,5805
6978,7643
6979,1497
6980,7858
6981,5019
6982,9759
6983,2123
6984,1054
6985,2441
6986,7989
6987,1592
6988,1318
6989,4927
6990,8803
6991,1630
6992,7513
6993,4776
6994,5372
6995,5202
6996,6632
6997,6103
6998,6714
6999,110
7000,6667
7001,5885
7002,4281
7003,247
7004,7236
7005,8042
7006,5228
7007,4035
7008,6083
7009,2552
7010,1547
7011,764
7012,7406
7013,7833
7014,5517
7015,4245
7016,550
7017,5520
7018,8471
7019,7936
7020,5141
7021,8707
7022,1139
7023,3155
7024,8563
7025,3730
7026,9658
7027,4077
7028,4205
7029,9883
7030,9254
7031,7291
7032,2519
7033,5026
7034,6543
7035,4737
7036,691
7037,3942
7038,5570
7039,4026
7040,7349
7041,729
7042,84
7043,9495
7044,4167
7045,8521
7046,2159
7047,9654
7048,9757
7049,6723
7050,4217
7051,7151
7052,8662
7053,9088
7054,3946
7055,9317
7056,1085
7057,3886
7058,4625
7059,7275
7060,6389
7061,9128
7062,4662
7063,6802
7064,9257
7065,7466
7066,4684
7067,551
7068,2171
7069,2261
7070,9254
7071,4579
7072,2754
7073,6051
7074,4685
7075,1570
7076,1174
7077,5429
7078,2732
7079,480
7080,9618
7081,1478
7082,7935
7083,818
7084,8373
7085,6729
7086,5083
7087,8022
7088,1655
7089,8259
7090,1139
7091,1363
7092,777
7093,3905
7094,8884
7095,3464
7096,7339
7097,1800
7098,9679
7099,895
7100,7744
7101,3916
7102,4502
7103,9740
7104,2083
7105,322
7106,6279
7107,5327
7108,820
7109,6851
7110,2042
7111,9709
7112,7139
7113,2715
7114,8798
7115,2157
7116,625
7117,957
7118,5687
7119,4661
7120,7876
7121,2023
7122,3707
7123,500
7124,4360
7125,2438
7126,4997
7127,8743
7128,9489
7129,9835
7130,4930
7131,2936
7132,9554
7133,7292
7134,4386
7135,9500
7136,4878
7137,6996
7138,6872
7139,4433
7140,6880
7141,8169
7142,2083
7143,6180
7144,711
7145,8123
7146,6835
7147,7877
7148,4274
7149,7978
7150,8156
7151,7786
7152,8568
7153,8729
7154,4896
7155,3945
7156,4629
7157,5201
7158,6885
7159,7866
7160,5411
7161,3032
7162,5748
7163,5994
7164,1780
7165,9979
7166,8999
7167,3225
7168,6704
7169,2986
7170,3747
7171,9913
7172,762
7173,1402
7174,6799
7175,687
7176,115
7177,4763
7178,1956
7179,5554
7180,1105
7181,6995
7182,1792
7183,4551
7184,3267
7185,6223
7186,4879
7187,1571
7188,4016
7189,9877
7190,9324
7191,3991
7192,9503
7193,5692
7194,5792
7195,953
7196,4560
7197,9147
7198,610
7199,6386
7200,9619
7201,1534
7202,3776
7203,260
7204,9746
7205,88
7206,3133
7207,9099
7208,7074
7209,8427
7210,1219
7211,5163
7212,4908
7213,2188
7214,7620
7215,8905
7216,2554
7217,5532
7218,2380
7219,3291
7220,4720
7221,338
7222,5589
7223,4238
7224,6804
7225,130
7226,6759
7227,974
7228,4234
7229,3685
7230,5704
7231,2086
7232,6875
7233,5653
7234,8534
7235,5259
7236,1326
7237,1206
7238,3180
7239,9631
7240,365
7241,9728
7242,38
7243,1023
7244,9029
7245,2034
7246,8500
7247,5849
7248,5801
7249,764
7250,8971
7251,3745
7252,1248
7253,1916
7254,7409
7255,7971
7256,9766
7257,9420
7258,4611
7259,9559
7260,1470
7261,7679
7262,1426
7263,7776
7264,1438
7265,4388
7266,7539
7267,4484
7268,3081
7269,565
7270,8557
7271,1573
7272,1050
7273,2696
7274,2563
7275,1789
7276,85
7277,4336
7278,5845
7279,5067
7280,2359
7281,2783
7282,2272
7283,3239
7284,402
7285,1118
7286,4372
7287,5198
7288,8812
7289,5067
7290,4008
7291,8874
7292,6576
7293,3687
7294,5806
7295,6373
7296,8133
7297,8232
7298,7700
7299,1410
7300,4081
7301,8818
7302,2796
7303,7179
7304,880
7305,4206
7306,9614
7307,2749
7308,950
7309,350
7310,7432
7311,4143
7312,669
7313,9762
7314,3467
7315,9858
7316,2985
7317,9251
7318,463
7319,9906
7320,8194
7321,5452
7322,828
7323,4878
7324,22
7325,7737
7326,930
7327,4930
7328,2428
7329,9516
7330,6485
7331,2027
7332,7967
7333,9430
7334,4802
7335,6840
7336,2444
7337,2878
7338,1448
7339,3553
7340,1791
7341,6353
7342,2273
7343,221
7344,8709
7345,6169
7346,7037
7347,341
7348,6870
7349,8054
7350,8179
7351,8752
7352,5730
7353,9143
7354,737
7355,4985
7356,3253
7357,658
7358,5105
7359,6624
7360,7145
7361,1019
7362,1560
7363,9005
7364,7502
7365,3411
7366,7457
7367,5434
7368,4251
7369,3171
7370,4165
7371,7488
7372,8729
7373,9225
7374,6627
7375,5670
7376,8634
7377,1186
7378,7966
7379,8602
7380,2243
7381,4710
7382,5916
7383,7870
7384,7536
7385,5569
7386,6742
7387,2523
7388,7840
7389,9975
7390,6954
7391,7920
7392,5659
7393,1106
7394,9130
7395,1961
7396,9756
7397,9196
7398,7809
7399,8814
7400,605
7401,7885
7402,9043
7403,4449
7404,5982
7405,868
7406,5529
7407,7395
7408,8646
7409,9990
7410,4327
7411,3464
7412,1040
7413,9497
7414,7916
7415,1457
7416,2860
7417,8116
7418,7161
7419,9513
7420,6962
7421,4065
7422,5412
7423,9291
7424,1682
7425,4542
7426,4934
7427,6095
7428,7744
7429,4874
7430,9326
7431,1231
7432,2870
7433,8438
7434,9346
7435,3263
7436,3792
7437,6967
7438,776
7439,2691
7440,7720
7441,7492
7442,5096
7443,7974
7444,2675
7445,9961
7446,3523
7447,505
7448,5832
7449,2082
7450,7805
7451,8539
7452,3959
7453,6043
7454,8338
7455,2565
7456,6380
7457,4425
7458,5969
7459,9117
7460,6003
7461,5031
7462,2917
7463,2924
7464,3880
7465,9200
7466,5095
7467,6556
7468,405
7469,948
7470,9838
7471,2520
7472,4646
7473,1659
7474,3700
7475,3445
7476,3211
7477,4189
7478,8415
7479,3247
7480,3872
7481,68
7482,4948
7483,2981
7484,9729
7485,8324
7486,9638
7487,9364
7488,3355
7489,2496
7490,571
7491,3991
7492,6271
7493,1747
7494,9106
7495,3564
7496,9928
7497,9136
7498,7105
7499,8276
7500,304
7501,8222
7502,9240
7503,5340
7504,4665
7505,1119
7506,3781
7507,8573
7508,6133
7509,7657
7510,1184
7511,1174
7512,9294
7513,9485
7514,9047
7515,8722
7516,4476
7517,5548
7518,7121
7519,8444
7520,2810
7521,4617
7522,7272
7523,1551
7524,2775
7525,4501
7526,3093
7527,5366
7528,1867
7529,779
7530,1432
7531,8608
7532,2982
7533,1882
7534,5609
7535,2279
7536,5285
7537,4759
7538,6581
7539,9383
7540,5082
7541,9641
7542,5473
7543,7460
7544,8430
7545,3969
7546,1323
7547,7857
7548,1080
7549,9176
7550,9940
7551,3295
7552,8959
7553,3105
7554,330
7555,2331
7556,565
7557,4949
7558,5442
7559,1396
7560,4773
7561,6864
7562,7647
7563,4851
7564,3877
7565,3803
7566,7383
7567,2523
7568,3813
7569,2337
7570,8819
7571,2175
7572,3318
7573,6462
7574,8077
7575,7652
7576,6414
7577,1002
7578,5434
7579,9579
7580,4391
7581,3184
7582,4792
7583,9507
7584,5570
7585,7470
7586,3088
7587,2993
7588,7269
7589,6064
7590,2533
7591,9687
7592,4591
7593,5619
7594,2011
7595,1397
7596,6562
7597,1040
7598,9967
7599,1230
7600,6045
7601,9820
7602,9465
7603,6533
7604,8084
7605,9073
7606,844
7607,9120
7608,1734
7609,6608
7610,2423
7611,9515
7612,6003
7613,4508
7614,2115
7615,2578
7616,9340
7617,219
7618,9266
7619,4921
7620,2230
7621,243
7622,802
7623,3120
7624,2176
7625,8536
7626,9561
7627,5203
7628,1224
7629,4429
7630,7324
7631,8485
7632,222
7633,1668
7634,5034
7635,9619
7636,5927
7637,5151
7638,1804
7639,5998
7640,8306
7641,5588
7642,5561
7643,3855
7644,6916
7645,388
7646,3303
7647,3339
7648,4818
7649,7947
7650,234
7651,747
7652,245
7653,721
7654,5998
7655,1898
7656,7183
7657,1269
7658,5256
7659,7281
7660,758
7661,3561
7662,6410
7663,6653
7664,8711
7665,1833
7666,6862
7667,7787
7668,4242
7669,6529
7670,1787
7671,1232
7672,7640
7673,1787
7674,9506
7675,7500
7676,4869
7677,8903
7678,8128
7679,2999
7680,8353
7681,1335
7682,9503
7683,9913
7684,5137
7685,9008
7686,2732
7687,4666
7688,1335
7689,4143
7690,9361
7691,2879
7692,1252
7693,8549
7694,1841
7695,1579
7696,7256
7697,1928
7698,6426
7699,3242
7700,3768
7701,6007
7702,2365
7703,9599
7704,1834
7705,7290
7706,4070
7707,5334
7708,414
7709,1731
7710,5326
7711,3855
7712,4220
7713,74
7714,9501
7715,6392
7716,9617
7717,978
7718,378
7719,8434
7720,2252
7721,5012
7722,3093
7723,8083
7724,9122
7725,8890
7726,1479
7727,4735
7728,4269
7729,3632
7730,833
7731,3441
7732,6538
7733,4161
7734,4223
7735,7430
7736,8999
7737,789
7738,2902
7739,5544
7740,3316
7741,2912
7742,3728
7743,31
7744,1510
7745,9044
7746,9962
7747,3651
7748,5222
7749,201
7750,8597
7751,7184
7752,5124
7753,4672
7754,4336
7755,9075
7756,4345
7757,8291
7758,8658
7759,9206
7760,5504
7761,8546
7762,2721
7763,7605
7764,6283
7765,6294
7766,9318
7767,8827
7768,4004
7769,1688
7770,8424
7771,753
7772,472
7773,1578
7774,1746
7775,7913
7776,7012
7777,8866
7778,1366
7779,1024
7780,1064
7781,1774
7782,6019
7783,4468
7784,9614
7785,677
7786,3380
7787,5986
7788,1404
7789,8300
7790,4080
7791,6992
7792,8623
7793,5609
7794,3660
7795,9334
7796,9904
7797,3630
7798,3200
7799,8799
7800,401
7801,1085
7802,2660
7803,2394
7804,819
7805,8057
7806,5511
7807,6905
7808,1169
7809,7584
7810,1541
7811,5491
7812,7558
7813,4986
7814,5705
7815,8455
7816,3558
7817,6173
7818,6681
7819,5274
7820,1241
7821,2433
7822,8081
7823,4271
7824,9775
7825,2918
7826,4722
7827,6765
7828,9827
7829,3893
7830,3525
7831,3413
7832,4608
7833,5018
7834,6232
7835,4019
7836,2745
7837,4501
7838,8603
7839,984
7840,233
7841,4623
7842,6787
7843,8437
7844,4221
7845,235
7846,8193
7847,4287
7848,1351
7849,4046
7850,8411
7851,3737
7852,3938
7853,2813
7854,9311
7855,6568
7856,403
7857,6849
7858,9045
7859,9726
7860,8805
7861,591
7862,142
7863,2848
7864,3395
7865,3780
7866,2278
7867,985
7868,7615
7869,7223
7870,9745
7871,2845
7872,2748
7873,9559
7874,4144
7875,9518
7876,6843
7877,8363
7878,1919
7879,9329
7880,9860
7881,1973
7882,5163
7883,976
7884,899
7885,3071
7886,6471
7887,6176
7888,6977
7889,9868
7890,8111
7891,7389
7892,9643
7893,7290
7894,1077
7895,4233
7896,9028
7897,4617
7898,3995
7899,3189
7900,4548
7901,2372
7902,2234
7903,6381
7904,1736
7905,5801
7906,8083
7907,8468
7908,7023
7909,847
7910,4594
7911,696
7912,366
7913,9073
7914,4657
7915,4428
7916,6652
7917,3401
7918,4367
7919,4889
7920,5329
7921,2749
7922,9520
7923,9737
7924,4794
7925,9974
7926,887
7927,2880
7928,302
7929,9853
7930,8738
7931,2696
7932,243
7933,2384
7934,2282
7935,976
7936,899
7937,3873
7938,6164
7939,3410
7940,8236
7941,4552
7942,3533
7943,1773
7944,3301
7945,2498
7946,1568
7947,4700
7948,6131
7949,2286
7950,4449
7951,1113
7952,7530
7953,9621
7954,5419
7955,9680
7956,7879
7957,2966
7958,7720
7959,6027
7960,9584
7961,3394
7962,9771
7963,38
7964,8907
7965,9222
7966,9648
7967,7766
7968,6958
7969,5765
7970,3612
7971,5072
7972,8081
7973,7254
7974,6382
7975,7115
7976,3591
7977,2772
7978,582
7979,7715
7980,624
7981,4060
7982,335
7983,3750
7984,368
7985,3787
7986,5916
7987,1731
7988,1359
7989,3706
7990,3906
7991,4270
7992,9798
7993,9829
7994,6951
7995,3818
7996,5256
7997,8394
7998,3855
7999,2587
8000,101
8001,4244
8002,8682
8003,6602
8004,8138
8005,1085
8006,2523
8007,8178
8008,6871
8009,9000
8010,614
8011,2989
8012,7150
8013,7075
8014,4926
8015,6810
8016,607
8017,9734
8018,7330
8019,8715
8020,5632
8021,1887
8022,1709
8023,9231
8024,5790
8025,726
8026,4096
8027,675
8028,7856
8029,6621
8030,1089
8031,8429
8032,8350
8033,1079
8034,5273
8035,7961
8036,1373
8037,4518
8038,1765
8039,529
8040,5473
8041,7243
8042,1112
8043,607
8044,3283
8045,5791
8046,6266
8047,7268
8048,8790
8049,6564
8050,9609
8051,8012
8052,4856
8053,9831
8054,9196
8055,4808
8056,6615
8057,2996
8058,410
8059,2865
8060,3422
8061,66
8062,8032
8063,1885
8064,4553
8065,4308
8066,3778
8067,5762
8068,4843
8069,1363
8070,4997
8071,6607
8072,4321
8073,2944
8074,32
8075,1219
8076,8950
8077,814
8078,8335
8079,4426
8080,8635
8081,5151
8082,4978
8083,3681
8084,7302
8085,7011
8086,2108
8087,8454
8088,5071
8089,9331
8090,3274
8091,5445
8092,8503
8093,6701
8094,2773
8095,4015
8096,3251
8097,3067
8098,560
8099,5584
8100,5421
8101,1597
8102,5930
8103,5270
8104,4419
8105,5793
8106,722
8107,5416
8108,8000
8109,7430
8110,6853
8111,2443
8112,3311
8113,280
8114,9996
8115,1089
8116,5332
8117,8805
8118,5267
8119,7992
8120,9787
8121,6224
8122,5016
8123,3995
8124,9597
8125,8801
8126,8715
8127,6001
8128,6237
8129,9268
8130,7843
8131,2896
8132,2663
8133,9290
8134,4874
8135,2524
8136,3979
8137,3294
8138,7750
8139,4576
8140,2206
8141,799
8142,3485
8143,9866
8144,1319
8145,874
8146,5399
8147,3373
8148,8225
8149,3013
8150,8512
8151,1241
8152,7969
8153,2721
8154,6591
8155,7715
8156,431
8157,9975
8158,956
8159,9388
8160,1844
8161,1574
8162,7342
8163,4954
8164,1318
8165,2996
8166,396
8167,6141
8168,9363
8169,3268
8170,6131
8171,4821
8172,6584
8173,6707
8174,3943
8175,1449
8176,6179
8177,4490
8178,65
8179,3334
8180,6787
8181,115
8182,3211
8183,679
8184,8944
8185,976
8186,317
8187,2148
8188,119
8189,3642
8190,6738
8191,5694
8192,6509
8193,1925
8194,566
8195,7629
8196,114
8197,2057
8198,155
8199,883
8200,308
8201,3248
8202,8847
8203,6392
8204,2521
8205,6606
8206,793
8207,5002
8208,380
8209,496
8210,7388
8211,3206
8212,9562
8213,4297
8214,2271
8215,9158
8216,8582
8217,248
8218,6853
8219,1115
8220,1396
8221,9729
8222,1677
8223,2701
8224,7766
8225,2006
8226,1435
8227,8033
8228,6859
8229,3257
8230,2602
8231,1500
8232,1234
8233,2597
8234,7724
8235,3074
8236,7814
8237,842
8238,2450
8239,4805
8240,1656
8241,450
8242,5966
8243,9731
8244,2377
8245,6706
8246,5200
8247,4673
8248,7072
8249,4341
8250,9506
8251,3044
8252,9387
8253,3272
8254,2117
8255,7046
8256,4330
8257,5948
8258,2757
8259,4687
8260,7982
8261,4274
8262,3143
8263,1475
8264,4119
8265,2221
8266,5549
8267,9745
8268,1699
8269,9773
8270,7737
8271,7774
8272,4551
8273,3551
8274,828
8275,4531
8276,1134
8277,5670
8278,5651
8279,1139
8280,1712
8281,2011
8282,6922
8283,3888
8284,7242
8285,6341
8286,6045
8287,6533
8288,8121
8289,8746
8290,2411
8291,9491
8292,8984
8293,549
8294,5625
8295,2966
8296,8087
8297,3732
8298,5097
8299,6470
8300,2180
8301,3401
8302,6952
8303,1626
8304,9118
8305,6468
8306,2766
8307,6863
8308,7719
8309,1946
8310,3101
8311,978
8312,7307
8313,3213
8314,6509
8315,5183
8316,899
8317,8994
8318,9183
8319,7392
8320,3541
8321,811
8322,8244
8323,3359
8324,8015
8325,9979
8326,3211
8327,359
8328,9769
8329,9331
8330,9982
8331,593
8332,3387
8333,6038
8334,7704
8335,6206
8336,7093
8337,3411
8338,3195
8339,5295
8340,9364
8341,6782
8342,8500
8343,3357
8344,798
8345,4955
8346,2899
8347,9579
8348,5283
8349,3282
8350,9079
8351,5244
8352,9779
8353,6912
8354,7622
8355,2502
8356,6755
8357,9584
8358,4250
8359,2332
8360,5308
8361,1871
8362,6630
8363,4057
8364,7591
8365,7330
8366,1108
8367,5257
8368,1744
8369,4673
8370,5919
8371,3426
8372,6312
8373,7603
8374,690
8375,8173
8376,2080
8377,6678
8378,8011
8379,9931
8380,2201
8381,8869
8382,9814
8383,7596
8384,8882
8385,9174
8386,2856
8387,2473
8388,6847
8389,4932
8390,4402
8391,3193
8392,3177
8393,3007
8394,6531
8395,3237
8396,6574
8397,9930
8398,2034
8399,339
8400,2496
8401,1165
8402,4487
8403,2195
8404,7096
8405,2327
8406,3631
8407,4501
8408,2521
8409,7852
8410,8651
8411,9556
8412,7858
8413,5414
8414,5403
8415,1303
8416,2475
8417,3185
8418,7859
8419,9435
8420,9639
8421,8454
8422,8220
8423,2769
8424,5265
8425,8424
8426,12
8427,8140
8428,1269
8429,8200
8430,4333
8431,5783
8432,2578
8433,1895
8434,7070
8435,7854
8436,6121
8437,9501
8438,2348
8439,9278
8440,3768
8441,4820
8442,9149
8443,6801
8444,7181
8445,2741
8446,879
8447,5176
8448,103
8449,2997
8450,9977
8451,8637
8452,4957
8453,6661
8454,6989
8455,6804
8456,6534
8457,3154
8458,3597
8459,86
8460,9017
8461,8969
8462,6563
8463,8307
8464,6704
8465,2883
8466,3356
8467,7034
8468,3158
8469,9667
8470,254
8471,2635
8472,3859
8473,9607
8474,9183
8475,7747
8476,8343
8477,902
8478,5497
8479,7261
8480,7320
8481,2409
8482,4650
8483,2970
8484,7335
8485,1479
8486,3384
8487,8857
8488,8244
8489,7933
8490,5132
8491,9862
8492,5397
8493,7641
8494,7236
8495,5118
8496,2234
8497,2120
8498,967
8499,7156
8500,570
8501,9532
8502,7423
8503,1322
8504,1831
8505,5656
8506,4955
8507,5384
8508,2661
8509,9943
8510,4711
8511,2887
8512,5592
8513,5400
8514,4093
8515,755
8516,8759
8517,951
8518,4033
8519,2306
8520,949
8521,1620
8522,6310
8523,1735
8524,9186
8525,9789
8526,9538
8527,8863
8528,7197
8529,42
8530,5995
8531,3424
8532,1166
8533,3136
8534,8262
8535,1553
8536,281
8537,5305
8538,4086
8539,5912
8540,2719
8541,9356
8542,5231
8543,9947
8544,8539
8545,6732
8546,8211
8547,4154
8548,5616
8549,6776
8550,740
8551,4900
8552,1658
8553,4238
8554,2140
8555,4376
8556,1516
8557,2168
8558,2926
8559,3239
8560,9868
8561,6275
8562,4146
8563,2699
8564,7200
8565,2820
8566,6162
8567,22
8568,5948
8569,8009
8570,7229
8571,5338
8572,3631
8573,3693
8574,7882
8575,5320
8576,662
8577,5809
8578,8822
8579,3800
8580,1655
8581,4522
8582,4769
8583,5884
8584,3698
8585,7699
8586,1389
8587,4253
8588,9590
8589,6517
8590,7829
8591,8603
8592,2663
8593,5621
8594,6137
8595,3933
8596,8469
8597,5922
8598,5140
8599,5449
8600,7890
8601,6459
8602,1735
8603,9314
8604,7532
8605,4794
8606,9482
8607,1242
8608,8818
8609,8348
8610,7456
8611,4626
8612,4735
8613,3687
8614,6297
8615,8490
8616,1419
8617,8215
8618,266
8619,1731
8620,1433
8621,4963
8622,3000
8623,1205
8624,4569
8625,4375
8626,1254
8627,6776
8628,5312
8629,1316
8630,2412
8631,506
8632,3409
8633,919
8634,382
8635,6246
8636,1354
8637,8525
8638,2441
8639,4680
8640,2794
8641,9417
8642,1705
8643,1917
8644,4824
8645,790
8646,1029
8647,1413
8648,1436
8649,8865
8650,5878
8651,20
8652,6340
8653,9240
8654,2835
8655,7474
8656,3013
8657,9277
8658,7205
8659,6730
8660,3098
8661,1799
8662,3046
8663,7387
8664,7608
8665,4848
8666,5882
8667,3663
8668,4309
8669,9278
8670,983
8671,7093
8672,5504
8673,9501
8674,3416
8675,5160
8676,9360
8677,3139
8678,114
8679,7443
8680,7699
8681,3577
8682,4358
8683,4400
8684,6821
8685,1191
8686,4654
8687,5883
8688,4404
8689,3544
8690,5854
8691,5949
8692,6485
8693,1784
8694,8293
8695,456
8696,118
8697,3249
8698,5941
8699,4063
8700,4547
8701,6371
8702,1255
8703,2730
8704,8479
8705,7751
8706,5115
8707,2932
8708,2523
8709,9040
8710,2811
8711,6991
8712,8231
8713,6512
8714,6048
8715,6239
8716,9459
8717,374
8718,1810
8719,5968
8720,9106
8721,7446
8722,4803
8723,8170
8724,189
8725,3883
8726,3970
8727,1196
8728,783
8729,4470
8730,362
8731,6953
8732,5212
8733,5354
8734,4517
8735,4840
8736,127
8737,491
8738,4297
8739,6812
8740,8308
8741,4487
8742,6543
8743,253
8744,7022
8745,875
8746,9763
8747,5339
8748,613
8749,5766
8750,4028
8751,5202
8752,2025
8753,9860
8754,3390
8755,3780
8756,5839
8757,1623
8758,1889
8759,5382
8760,4118
8761,9301
8762,9276
8763,8988
8764,158
8765,1764
8766,7388
8767,6691
8768,3766
8769,9381
8770,9126
8771,5402
8772,9805
8773,3062
8774,5702
8775,4228
8776,4813
8777,2387
8778,5096
8779,3192
8780,3170
8781,6586
8782,8913
8783,2596
8784,2658
8785,7323
8786,1727
8787,5318
8788,7417
8789,880
8790,3584
8791,5837
8792,7996
8793,8472
8794,9745
8795,8751
8796,5779
8797,5743
8798,9914
8799,3250
8800,9564
8801,4903
8802,9486
8803,896
8804,5864
8805,5328
8806,2268
8807,4392
8808,1795
8809,7737
8810,305
8811,2607
8812,690
8813,4900
8814,4308
8815,334
8816,7962
8817,996
8818,3128
8819,770
8820,7768
8821,9238
8822,916
8823,5509
8824,374
8825,7779
8826,3423
8827,8037
8828,7949
8829,9271
8830,3091
8831,5458
8832,3268
8833,2117
8834,7938
8835,2943
8836,2839
8837,8643
8838,5016
8839,1569
8840,1751
8841,5840
8842,7533
8843,635
8844,1700
8845,8292
8846,6320
8847,3016
8848,4312
8849,1098
8850,6017
8851,4621
8852,9382
8853,7938
8854,4500
8855,8388
8856,1607
8857,3757
8858,2680
8859,8441
8860,2590
8861,7442
8862,8340
8863,2516
8864,4735
8865,4310
8866,9951
8867,8769
8868,7012
8869,9083
8870,6141
8871,8841
8872,4547
8873,2345
8874,4331
8875,2995
8876,569
8877,723
8878,4603
8879,3998
8880,6213
8881,266
8882,8778
8883,47
8884,8662
8885,9642
8886,1842
8887,7610
8888,5177
8889,442
8890,4161
8891,6421
8892,1761
8893,5007
8894,5730
8895,7626
8896,266
8897,681
8898,499
8899,6899
8900,2106
8901,1692
8902,2470
8903,4539
8904,5131
8905,1985
8906,3226
8907,9591
8908,4525
8909,5702
8910,9786
8911,4949
8912,5573
8913,2973
8914,4539
8915,6796
8916,6210
8917,986
8918,7355
8919,55
8920,1203
8921,4522
8922,4953
8923,6292
8924,256
8925,3229
8926,8993
8927,646
8928,3785
8929,2431
8930,9290
8931,4193
8932,722
8933,5855
8934,5333
8935,6042
8936,3654
8937,7783
8938,2118
8939,3624
8940,9444
8941,6967
8942,5289
8943,4342
8944,3910
8945,7949
8946,6973
8947,4578
8948,7848
8949,1855
8950,392
8951,4122
8952,7079
8953,3820
8954,1519
8955,7583
8956,1588
8957,889
8958,2172
8959,9774
8960,9850
8961,7724
8962,1369
8963,4441
8964,8158
8965,3970
8966,3821
8967,4252
8968,4227
8969,90
8970,2742
8971,7843
8972,2719
8973,2432
8974,3651
8975,677
8976,2506
8977,3509
8978,9646
8979,9547
8980,8090
8981,6833
8982,1199
8983,6614
8984,8660
8985,9414
8986,9113
8987,1035
8988,7795
8989,81
8990,5556
8991,2695
8992,9395
8993,7382
8994,1858
8995,2032
8996,6348
8997,3751
8998,1308
8999,4112
9000,914
9001,3036
9002,6719
9003,4721
9004,8031
9005,5979
9006,2630
9007,2656
9008,4875
9009,7355
9010,2299
9011,7380
9012,3882
9013,9687
9014,7700
9015,1450
9016,775
9017,4102
9018,9351
9019,2676
9020,8665
9021,5978
9022,7651
9023,2191
9024,9844
9025,3898
9026,850
9027,5909
9028,4128
9029,575
9030,6015
9031,9166
9032,9197
9033,7236
9034,9389
9035,5900
9036,4321
9037,7746
9038,8858
9039,2992
9040,9315
9041,6093
9042,566
9043,3029
9044,2590
9045,8156
9046,8253
9047,9563
9048,9396
9049,4029
9050,3148
9051,9850
9052,681
9053,787
9054,4937
9055,3032
9056,1870
9057,3149
9058,1084
9059,9918
9060,9485
9061,6773
9062,1996
9063,9203
9064,6337
9065,1056
9066,2186
9067,2348
9068,510
9069,2243
9070,4618
9071,7244
9072,7982
9073,6620
9074,610
9075,4294
9076,9190
9077,4493
9078,5911
9079,6139
9080,1764
9081,2474
9082,4492
9083,9696
9084,9054
9085,7410
9086,6816
9087,8653
9088,7406
9089,7348
9090,9960
9091,5251
9092,7404
9093,6447
9094,4705
9095,2598
9096,1792
9097,5957
9098,6604
9099,3530
9100,9981
9101,3228
9102,3767
9103,4026
9104,2847
9105,6010
9106,7044
9107,7319
9108,4249
9109,4438
9110,9621
9111,4160
9112,9532
9113,1456
9114,9642
9115,6478
9116,5800
9117,4185
9118,5090
9119,874
9120,6870
9121,8673
9122,6227
9123,5682
9124,1512
9125,4694
9126,1420
9127,3780
9128,4669
9129,4011
9130,3493
9131,4572
9132,608
9133,9193
9134,3051
9135,8170
9136,6401
9137,7297
9138,76
9139,8133
9140,2760
9141,8671
9142,9926
9143,6816
9144,6439
9145,8133
9146,1641
9147,6462
9148,784
9149,6117
9150,7814
9151,9688
9152,4029
9153,939
9154,3022
9155,5034
9156,6274
9157,7983
9158,9707
9159,4739
9160,7971
9161,2829
9162,6665
9163,1194
9164,8490
9165,6353
9166,537
9167,926
9168,9910
9169,3584
9170,3329
9171,1416
9172,1251
9173,5216
9174,7259
9175,3143
9176,808
9177,1533
9178,7219
9179,4938
9180,2898
9181,2700
9182,4101
9183,7292
9184,9443
9185,6259
9186,700
9187,8729
9188,1505
9189,902
9190,8588
9191,9451
9192,5883
9193,4513
9194,907
9195,720
9196,3705
9197,2696
9198,7198
9199,5788
9200,7778
9201,5023
9202,4522
9203,425
9204,9673
9205,4190
9206,4272
9207,2525
9208,9297
9209,9011
9210,5650
9211,6626
9212,1002
9213,9483
9214,4380
9215,1783
9216,3571
9217,3826
9218,6643
9219,1766
9220,2383
9221,2586
9222,9093
9223,4194
9224,8909
9225,2407
9226,5979
9227,4545
9228,6893
9229,8137
9230,9178
9231,744
9232,642
9233,4278
9234,4109
9235,2911
9236,1673
9237,5601
9238,3882
9239,1064
9240,8582
9241,3092
9242,8017
9243,9794
9244,4271
9245,2399
9246,3563
9247,5148
9248,9409
9249,554
9250,3673
9251,2249
9252,3783
9253,2637
9254,6628
9255,6790
9256,8025
9257,3140
9258,106
9259,3868
9260,2718
9261,5407
9262,6162
9263,466
9264,5924
9265,4378
9266,4098
9267,9233
9268,8409
9269,1947
9270,1156
9271,5162
9272,4309
9273,8128
9274,8644
9275,7769
9276,7963
9277,4794
9278,9034
9279,1471
9280,1169
9281,396
9282,7202
9283,9920
9284,4785
9285,3419
9286,699
9287,7038
9288,7272
9289,5674
9290,6776
9291,9371
9292,962
9293,6152
9294,5977
9295,7215
9296,2494
9297,1864
9298,3241
9299,2607
9300,7839
9301,8196
9302,3993
9303,6973
9304,6694
9305,666
9306,7753
9307,6849
9308,9998
9309,6322
9310,7948
9311,9964
9312,6186
9313,3295
9314,9787
9315,5569
9316,3573
9317,4594
9318,4827
9319,5051
9320,6192
9321,8036
9322,3254
9323,1050
9324,2283
9325,3639
9326,2124
9327,7374
9328,1687
9329,3104
9330,9200
9331,5883
9332,2294
9333,5062
9334,7072
9335,1599
9336,9363
9337,2530
9338,4658
9339,5739
9340,704
9341,7817
9342,3693
9343,6714
9344,7378
9345,1981
9346,9705
9347,8065
9348,4228
9349,1878
9350,1681
9351,9284
9352,1738
9353,7642
9354,6413
9355,6102
9356,2152
9357,9350
9358,6194
9359,6020
9360,263
9361,4112
9362,3552
9363,2785
9364,7688
9365,6222
9366,4647
9367,6044
9368,8467
9369,6486
9370,3158
9371,3369
9372,1014
9373,4727
9374,3281
9375,219
9376,9089
9377,5549
9378,163
9379,3603
9380,8616
9381,1294
9382,3158
9383,778
9384,9184
9385,5617
9386,3212
9387,2797
9388,2220
9389,9240
9390,7409
9391,6348
9392,8743
9393,368
9394,859
9395,7508
9396,4532
9397,2554
9398,1841
9399,1482
9400,9638
9401,339
9402,5861
9403,7042
9404,5276
9405,4364
9406,6445
9407,7988
9408,4248
9409,6122
9410,4732
9411,1398
9412,4195
9413,8921
9414,3245
9415,4586
9416,1110
9417,8874
9418,8718
9419,2542
9420,7780
9421,3680
9422,791
9423,3533
9424,6141
9425,4792
9426,9791
9427,5005
9428,1511
9429,3090
9430,9278
9431,9302
9432,512
9433,9541
9434,3895
9435,8019
9436,633
9437,1060
9438,7395
9439,6091
9440,5494
9441,3782
9442,3926
9443,4028
9444,1339
9445,4124
9446,3377
9447,8105
9448,5151
9449,3961
9450,5094
9451,1583
9452,2644
9453,2778
9454,5312
9455,6260
9456,1221
9457,8977
9458,5965
9459,1170
9460,5987
9461,7051
9462,2393
9463,5886
9464,3550
9465,4645
9466,1105
9467,5911
9468,8225
9469,1089
9470,8380
9471,2857
9472,1970
9473,1483
9474,4898
9475,4989
9476,1222
9477,5707
9478,9011
9479,429
9480,3669
9481,5293
9482,9480
9483,9642
9484,1350
9485,5147
9486,5199
9487,1371
9488,601
9489,536
9490,7865
9491,1302
9492,1664
9493,197
9494,2768
9495,8730
9496,8635
9497,6441
9498,6047
9499,8504
9500,4192
9501,6983
9502,447
9503,842
9504,8998
9505,8761
9506,8963
9507,5804
9508,3584
9509,3795
9510,5230
9511,7760
9512,6828
9513,694
9514,4243
9515,587
9516,8017
9517,237
9518,2338
9519,2741
9520,9029
9521,440
9522,9265
9523,1719
9524,5792
9525,1244
9526,8503
9527,5215
9528,1430
9529,778
9530,6044
9531,9606
9532,8645
9533,3114
9534,4365
9535,3315
9536,1548
9537,1341
9538,8178
9539,6949
9540,8271
9541,5568
9542,5954
9543,7136
9544,490
9545,5273
9546,4104
9547,6177
9548,2803
9549,2902
9550,1208
9551,8021
9552,2382
9553,1902
9554,5800
9555,1893
9556,5477
9557,807
9558,8219
9559,8245
9560,164
9561,4972
9562,4090
9563,8060
9564,5957
9565,9627
9566,4330
9567,1902
9568,9099
9569,3434
9570,9460
9571,2025
9572,6683
9573,6042
9574,4843
9575,9904
9576,9075
9577,575
9578,7422
9579,2028
9580,2324
9581,4422
9582,3893
9583,8226
9584,6749
9585,9339
9586,7912
9587,1199
9588,7166
9589,7352
9590,6894
9591,3167
9592,5530
9593,1751
9594,3698
9595,7495
9596,5379
9597,5654
9598,9099
9599,4033
9600,726
9601,3977
9602,7433
9603,6460
9604,3225
9605,7835
9606,400
9607,9901
9608,3047
9609,242
9610,3141
9611,7644
9612,243
9613,1401
9614,9457
9615,899
9616,7912
9617,755
9618,9921
9619,437
9620,741
9621,809
9622,6517
9623,7035
9624,9037
9625,7634
9626,8336
9627,5393
9628,6217
9629,2548
9630,3728
9631,8242
9632,3377
9633,5018
9634,5239
9635,7398
9636,2425
9637,7181
9638,2959
9639,4271
9640,5155
9641,3476
9642,3098
9643,1125
9644,4588
9645,2600
9646,7382
9647,3583
9648,2988
9649,9432
9650,7323
9651,7032
9652,4985
9653,4935
9654,8057
9655,8100
9656,8061
9657,5302
9658,6655
9659,5413
9660,3440
9661,2005
9662,6040
9663,3901
9664,7155
9665,8508
9666,9564
9667,2112
9668,3040
9669,8534
9670,8117
9671,252
9672,1894
9673,8025
9674,9634
9675,6757
9676,8504
9677,4340
9678,7873
9679,3119
9680,2196
9681,1560
9682,9994
9683,656
9684,6154
9685,4666
9686,8914
9687,547
9688,6582
9689,244
9690,9706
9691,6549
9692,1384
9693,1919
9694,9117
9695,7228
9696,90
9697,2093
9698,1700
9699,766
9700,2680
9701,3761
9702,8669
9703,5271
9704,6862
9705,1504
9706,5750
9707,9221
9708,8065
9709,911
9710,682
9711,8640
9712,454
9713,9167
9714,8665
9715,2208
9716,2297
9717,4018
9718,9114
9719,506
9720,1473
9721,6838
9722,4263
9723,503
9724,5075
9725,5440
9726,1436
9727,9894
9728,1803
9729,2733
9730,668
9731,4771
9732,7640
9733,8751
9734,8844
9735,4360
9736,217
9737,4200
9738,1893
9739,2896
9740,487
9741,8963
9742,8391
9743,6864
9744,765
9745,9648
9746,4941
9747,9865
9748,5734
9749,4160
9750,4070
9751,4775
9752,3622
9753,6563
9754,7388
9755,1699
9756,1326
9757,7140
9758,3196
9759,5799
9760,1155
9761,4404
9762,7952
9763,7558
9764,570
9765,1922
9766,1874
9767,306
9768,2419
9769,7640
9770,1471
9771,4302
9772,2278
9773,1004
9774,6564
9775,17
9776,2525
9777,1427
9778,2326
9779,7368
9780,3942
9781,6214
9782,1297
9783,1128
9784,8754
9785,7647
9786,670
9787,8917
9788,6932
9789,8114
9790,6347
9791,2539
9792,3980
9793,3417
9794,9660
9795,9056
9796,7426
9797,4770
9798,1907
9799,6374
9800,8474
9801,4097
9802,9474
9803,4384
9804,7617
9805,4029
9806,825
9807,7265
9808,932
9809,4877
9810,1274
9811,3734
9812,2732
9813,5365
9814,2560
9815,5329
9816,6696
9817,1683
9818,4597
9819,5363
9820,6867
9821,1676
9822,4521
9823,6182
9824,1394
9825,4413
9826,3964
9827,6315
9828,8262
9829,7248
9830,6991
9831,6036
9832,6619
9833,8674
9834,968
9835,8734
9836,503
9837,7052
9838,91
9839,7009
9840,2980
9841,21
9842,7834
9843,771
9844,3195
9845,35
9846,1816
9847,6661
9848,5674
9849,5164
9850,5834
9851,3669
9852,1535
9853,770
9854,604
9855,7202
9856,1065
9857,3093
9858,3685
9859,9660
9860,5967
9861,5265
9862,9421
9863,4238
9864,4191
9865,9701
9866,1840
9867,3405
9868,1213
9869,2820
9870,3102
9871,3054
9872,6081
9873,7282
9874,4683
9875,3524
9876,6202
9877,154
9878,7517
9879,4867
9880,1387
9881,3156
9882,5034
9883,803
9884,9803
9885,5766
9886,4424
9887,1120
9888,5682
9889,4063
9890,3947
9891,3973
9892,4952
9893,5907
9894,8984
9895,1126
9896,1760
9897,4037
9898,5755
9899,5074
9900,9689
9901,5948
9902,3407
9903,8275
9904,1369
9905,9293
9906,4863
9907,1951
9908,3158
9909,7943
9910,9446
9911,1295
9912,6484
9913,780
9914,1853
9915,83
9916,1670
9917,4359
9918,7112
9919,8010
9920,9021
9921,3828
9922,341
9923,1431
9924,7522
9925,6900
9926,4941
9927,9893
9928,6035
9929,4418
9930,5123
9931,8429
9932,2891
9933,2875
9934,2585
9935,6195
9936,8666
9937,5751
9938,287
9939,75
9940,4272
9941,5714
9942,8604
9943,7999
9944,6265
9945,7451
9946,4702
9947,4429
9948,7970
9949,6088
9950,1447
9951,8630
9952,7042
9953,5741
9954,3388
9955,8594
9956,6357
9957,6411
9958,6639
9959,4551
9960,7886
9961,8543
9962,8334
9963,274
9964,9887
9965,1444
9966,5337
9967,5107
9968,1670
9969,5702
9970,2364
9971,8467
9972,6471
9973,9338
9974,7054
9975,5507
9976,4559
9977,6344
9978,6020
9979,4936
9980,9592
9981,9314
9982,6075
9983,2189
9984,4977
9985,644
9986,3641
9987,9601
9988,4687
9989,2228
9990,1399
9991,4286
9992,1259
9993,7650
9994,5722
9995,1255
9996,8255
9997,452
9998,6986
9999,4685
10000,7963
10001,4387
10002,7068
10003,832
10004,2949
10005,7106
10006,5775
10007,1041
10008,572
10009,350
10010,4577
10011,7872
10012,2306
10013,244
10014,5212
10015,9318
10016,9619
10017,1301
10018,4737
10019,8730
10020,2949
10021,5445
10022,6991
10023,5402
10024,9531
10025,7982
10026,1243
10027,9955
10028,2810
10029,2785
10030,6054
10031,3497
10032,7393
10033,3860
10034,5007
10035,900
10036,5930
10037,1198
10038,5654
10039,750
10040,1379
10041,9591
10042,2010
10043,1481
10044,1546
10045,328
10046,5163
10047,1904
10048,8001
10049,9477
10050,8602
10051,5945
10052,733
10053,2339
10054,9337
10055,2780
10056,7555
10057,4856
10058,277
10059,579
10060,1983
10061,8747
10062,2832
10063,4470
10064,280
10065,7651
10066,8940
10067,6690
10068,1267
10069,8260
10070,5380
10071,4868
10072,8591
10073,8920
10074,7009
10075,130
10076,6918
10077,2313
10078,4871
10079,2921
10080,9001
10081,7246
10082,5575
10083,6541
10084,1119
10085,6939
10086,1260
10087,8187
10088,1659
10089,7361
10090,5921
10091,9547
10092,2966
10093,5838
10094,5004
10095,6446
10096,8686
10097,7624
10098,9004
10099,1725
10100,8160
10101,3493
10102,7685
10103,1767
10104,1819
10105,5549
10106,6058
10107,9872
10108,1161
10109,5502
10110,6721
10111,6312
10112,4757
10113,8412
10114,4691
10115,2517
10116,2973
10117,3438
10118,7504
10119,3965
10120,3715
10121,4048
10122,9254
10123,723
10124,7270
10125,7021
10126,8889
10127,8531
10128,1756
10129,1217
10130,794
10131,2706
10132,7083
10133,5046
10134,7137
10135,3728
10136,5785
10137,7920
10138,2703
10139,635
10140,3718
10141,6869
10142,8963
10143,7702
10144,6408
10145,7262
10146,1565
10147,8877
10148,4197
10149,7777
10150,46
10151,1797
10152,6293
10153,8070
10154,8075
10155,3890
10156,5942
10157,8338
10158,6343
10159,5769
10160,6495
10161,5077
10162,671
10163,7983
10164,6396
10165,7897
10166,424
10167,6860
10168,8544
10169,2739
10170,3907
10171,2179
10172,1888
10173,6464
10174,4580
10175,1525
10176,584
10177,2877
10178,3554
10179,4487
10180,81
10181,2990
10182,9319
10183,5502
10184,9561
10185,4769
10186,9717
10187,8094
10188,49
10189,9584
10190,5383
10191,7575
10192,1910
10193,2227
10194,4806
10195,4616
10196,1293
10197,8785
10198,8660
10199,825
10200,2521
10201,256
10202,4835
10203,6526
10204,426
10205,6712
10206,3727
10207,117
10208,9040
10209,4523
10210,1431
10211,7293
10212,265
10213,7258
10214,9039
10215,2972
10216,2292
10217,8754
10218,8382
10219,1487
10220,8772
10221,4962
10222,5890
10223,9929
10224,5602
10225,7101
10226,601
10227,6287
10228,2270
10229,357
10230,8367
10231,5042
10232,4453
10233,8784
10234,6879
10235,5706
10236,3048
10237,2855
10238,7874
10239,6619
10240,1275
10241,2284
10242,2480
10243,2587
10244,3670
10245,1078
10246,5601
10247,5984
10248,4839
10249,1960
10250,8293
10251,3103
10252,5321
10253,1397
10254,4284
10255,2295
10256,3216
10257,2934
10258,7055
10259,8481
10260,1628
10261,8572
10262,5906
10263,7853
10264,9905
10265,7073
10266,8505
10267,1358
10268,5566
10269,5299
10270,2432
10271,3638
10272,2438
10273,3043
10274,6167
10275,8870
10276,8701
10277,7823
10278,1424
10279,6718
10280,8731
10281,6645
10282,3631
10283,5325
10284,764
10285,2357
10286,736
10287,4933
10288,2659
10289,2825
10290,9076
10291,3289
10292,2994
10293,3817
10294,7886
10295,6109
10296,617
10297,6179
10298,7800
10299,5583
10300,644
10301,1084
10302,1924
10303,598
10304,3241
10305,6361
10306,3848
10307,1983
10308,5054
10309,6113
10310,6693
10311,5847
10312,9453
10313,6793
10314,5604
10315,3832
10316,3399
10317,5924
10318,1790
10319,3698
10320,9926
10321,7221
10322,5047
10323,6329
10324,9879
10325,8650
10326,91
10327,6288
10328,7009
10329,1416
10330,7420
10331,1490
10332,9281
10333,3608
10334,8003
10335,4193
10336,3690
10337,7654
10338,4320
10339,1768
10340,2609
10341,5626
10342,5823
10343,3863
10344,2302
10345,1511
10346,8432
10347,7560
10348,4260
10349,9400
10350,7001
10351,124
10352,9615
10353,4416
10354,9194
10355,2357
10356,1051
10357,6937
10358,21
10359,7990
10360,7881
10361,6385
10362,7108
10363,3686
10364,6119
10365,5407
10366,3075
10367,2046
10368,3056
10369,550
10370,86
10371,3077
10372,33
10373,5144
10374,685
10375,6678
10376,4277
10377,5998
10378,7662
10379,8690
10380,1495
10381,3669
10382,2429
10383,7750
10384,7153
10385,3505
10386,766
10387,8458
10388,1789
10389,6497
10390,9674
10391,268
10392,4085
10393,8508
10394,8024
10395,1128
10396,7641
10397,3027
10398,4351
10399,1668
10400,8388
10401,1807
10402,9126
10403,794
10404,5701
10405,3206
10406,9562
10407,8542
10408,572
10409,4756
10410,3009
10411,1203
10412,78
10413,5689
10414,2438
10415,6210
10416,5406
10417,7003
10418,3608
10419,9045
10420,583
10421,4224
10422,7646
10423,1488
10424,9715
10425,6137
10426,9170
10427,6686
10428,2206
10429,9713
10430,8176
10431,8856
10432,6060
10433,4660
10434,8494
10435,4536
10436,4422
10437,5453
10438,9790
10439,8797
10440,2603
10441,9117
10442,6862
10443,6639
10444,3879
10445,7981
10446,9177
10447,9277
10448,7832
10449,2999
10450,7072
10451,5350
10452,9653
10453,3833
10454,3942
10455,8564
10456,2439
10457,7454
10458,7157
10459,7641
10460,3608
10461,4339
10462,6728
10463,9933
10464,8228
10465,102
10466,8510
10467,61
10468,328
10469,5698
10470,7028
10471,7220
10472,3966
10473,6067
10474,6885
10475,4441
10476,1535
10477,7053
10478,1288
10479,8715
10480,6135
10481,7884
10482,9935
10483,6910
10484,2510
10485,3474
10486,2269
10487,7506
10488,2669
10489,265
10490,1512
10491,4666
10492,5440
10493,8608
10494,3186
10495,1870
10496,6168
10497,5816
10498,4364
10499,732
10500,7589
10501,9484
10502,623
10503,3341
10504,5800
10505,3126
10506,9014
10507,9988
10508,340
10509,2222
10510,9418
10511,5503
10512,7242
10513,5624
10514,5923
10515,5923
10516,5621
10517,9442
10518,329
10519,8095
10520,4210
10521,4801
10522,339
10523,8861
10524,6752
10525,4926
10526,1803
10527,6467
10528,8135
10529,5713
10530,6180
10531,6654
10532,7430
10533,4165
10534,8421
10535,2621
10536,5701
10537,2603
10538,105
10539,9190
10540,9314
10541,6051
10542,5073
10543,8447
10544,3359
10545,7654
10546,6570
10547,5257
10548,5366
10549,4087
10550,4908
10551,1427
10552,8856
10553,120
10554,8291
10555,8964
10556,7401
10557,5142
10558,2514
10559,9666
10560,8299
10561,5249
10562,302
10563,1744
10564,5130
10565,6403
10566,2206
10567,3476
10568,1916
10569,1731
10570,1826
10571,8454
10572,4237
10573,5785
10574,3859
10575,5238
10576,6859
10577,1068
10578,2332
10579,8388
10580,958
10581,8189
10582,4369
10583,5670
10584,7264
10585,8411
10586,2103
10587,1573
10588,8227
10589,184
10590,1344
10591,331
10592,5708
10593,5614
10594,6752
10595,7446
10596,8534
10597,5684
10598,5012
10599,920
10600,959
10601,5435
10602,2524
10603,7711
10604,110
10605,4656
10606,6955
10607,2410
10608,5811
10609,2353
10610,362
10611,2965
10612,1028
10613,1189
10614,5203
10615,3546
10616,2512
10617,3829
10618,6865
10619,989
10620,986
10621,9573
10622,2290
10623,5907
10624,117
10625,9174
10626,1636
10627,8905
10628,6239
10629,6887
10630,884
10631,5553
10632,3819
10633,2117
10634,9475
10635,569
10636,8318
10637,4979
10638,3056
10639,53
10640,518
10641,6117
10642,3449
10643,3938
10644,5421
10645,926
10646,808
10647,4981
10648,1770
10649,3285
10650,828
10651,5050
10652,3075
10653,3269
10654,916
10655,612
10656,4305
10657,9993
10658,3537
10659,4553
10660,1821
10661,9042
10662,7973
10663,5259
10664,4625
10665,9238
10666,8926
10667,6776
10668,9189
10669,812
10670,2592
10671,6455
10672,3847
10673,8728
10674,1675
10675,9340
10676,8661
10677,6985
10678,2562
10679,7485
10680,2818
10681,5643
10682,6106
10683,8833
10684,2466
10685,9183
10686,5433
10687,4327
10688,1566
10689,2215
10690,3965
10691,9123
10692,6815
10693,414
10694,1630
10695,2962
10696,8090
10697,3128
10698,7390
10699,6640
10700,9796
10701,575
10702,4809
10703,7680
10704,2878
10705,9059
10706,9486
10707,8786
10708,4337
10709,6423
10710,7624
10711,1255
10712,8253
10713,547
10714,550
10715,824
10716,1425
10717,1662
10718,4072
10719,2366
10720,3820
10721,9065
10722,195
10723,1561
10724,7023
10725,771
10726,9481
10727,6173
10728,7645
10729,3291
10730,1546
10731,6211
10732,3174
10733,2780
10734,7409
10735,3855
10736,3445
10737,4720
10738,571
10739,4727
10740,7633
10741,7197
10742,2190
10743,1970
10744,3889
10745,5163
10746,7045
10747,3280
10748,4697
10749,592
10750,9815
10751,9303
10752,298
10753,5674
10754,7989
10755,3869
10756,3070
10757,1193
10758,4345
10759,1456
10760,6689
10761,9951
10762,6223
10763,1913
10764,7904
10765,9279
10766,2387
10767,857
10768,7380
10769,6351
10770,1249
10771,5610
10772,9534
10773,4801
10774,2375
10775,5065
10776,5632
10777,382
10778,7793
10779,1959
10780,254
10781,7805
10782,5782
10783,134
10784,1929
10785,9837
10786,9627
10787,9742
10788,540
10789,7859
10790,6939
10791,4359
10792,4766
10793,1811
10794,5166
10795,7866
10796,5471
10797,9238
10798,5312
10799,7442
10800,6199
10801,1152
10802,7086
10803,7624
10804,9957
10805,4850
10806,1639
10807,5072
10808,772
10809,6915
10810,4899
10811,4849
10812,3967
10813,567
10814,4631
10815,849
10816,8204
10817,9253
10818,9606
10819,8358
10820,7008
10821,520
10822,1147
10823,5616
10824,4676
10825,8916
10826,5444
10827,6456
10828,2664
10829,1000
10830,7830
10831,2170
10832,5750
10833,4467
10834,2073
10835,1987
10836,8577
10837,8943
10838,2677
10839,9442
10840,4929
10841,8619
10842,7652
10843,8808
10844,8769
10845,553
10846,893
10847,4808
10848,8050
10849,9425
10850,5728
10851,2078
10852,7488
10853,8130
10854,7830
10855,1796
10856,5725
10857,9659
10858,8279
10859,1318
10860,8849
10861,8754
10862,8483
10863,9483
10864,4871
10865,2786
10866,1606
10867,489
10868,3322
10869,6166
10870,7929
10871,6754
10872,3908
10873,2082
10874,9497
10875,5634
10876,948
10877,8186
10878,771
10879,7264
10880,1679
10881,7138
10882,3872
10883,2695
10884,6644
10885,1941
10886,7318
10887,3949
10888,1136
10889,6031
10890,6447
10891,7049
10892,5383
10893,1213
10894,4145
10895,8721
10896,7914
10897,2293
10898,4568
10899,5357
10900,7877
10901,5954
10902,8684
10903,2487
10904,3103
10905,8544
10906,7217
10907,9664
10908,9404
10909,9823
10910,6237
10911,3545
10912,7014
10913,2923
10914,9391
10915,2350
10916,9805
10917,5299
10918,607
10919,8846
10920,7155
10921,2912
10922,6655
10923,8965
10924,7704
10925,4840
10926,7556
10927,7378
10928,9844
10929,2170
10930,5888
10931,7673
10932,3759
10933,2932
10934,6496
10935,8122
10936,8781
10937,3814
10938,4888
10939,2378
10940,8103
10941,3942
10942,5618
10943,6645
10944,6405
10945,6111
10946,9302
10947,9872
10948,5541
10949,4980
10950,6354
10951,8418
10952,385
10953,7897
10954,1619
10955,2949
10956,4072
10957,1623
10958,6588
10959,7861
10960,3689
10961,7550
10962,9498
10963,7084
10964,4006
10965,4796
10966,5705
10967,9357
10968,7008
10969,2376
10970,6774
10971,8986
10972,9283
10973,1624
10974,4565
10975,2426
10976,7298
10977,6872
10978,3663
10979,6649
10980,506
10981,514
10982,7709
10983,5743
10984,8065
10985,3226
10986,5698
10987,9610
10988,4374
10989,6052
10990,1487
10991,4970
10992,2407
10993,8311
10994,8851
10995,6204
10996,7580
10997,7740
10998,1509
10999,7245
11000,605
11001,988
11002,740
11003,66
11004,2253
11005,5889
11006,1711
11007,7239
11008,1296
11009,8313
11010,9403
11011,957
11012,4131
11013,6563
11014,767
11015,5661
11016,7283
11017,3545
11018,2303
11019,1114
11020,8863
11021,918
11022,6549
11023,4627
11024,7079
11025,2321
11026,799
11027,181
11028,7999
11029,1895
11030,8677
11031,1059
11032,4139
11033,1171
11034,825
11035,3776
11036,8955
11037,4671
11038,8663
11039,3249
11040,8282
11041,2814
11042,8041
11043,879
11044,5536
11045,7751
11046,4704
11047,9008
11048,1944
11049,5182
11050,713
11051,2533
11052,2649
11053,6169
11054,3919
11055,1174
11056,629
11057,7992
11058,3076
11059,4882
11060,8648
11061,2347
11062,8410
11063,5604
11064,2470
11065,6830
11066,5556
11067,3452
11068,2721
11069,1301
11070,5384
11071,9602
11072,2665
11073,6523
11074,7404
11075,714
11076,835
11077,9206
11078,386
11079,982
11080,4223
11081,453
11082,7529
11083,764
11084,4745
11085,5406
11086,3475
11087,2721
11088,2417
11089,8824
11090,5598
11091,6114
11092,5757
11093,1733
11094,7234
11095,1929
11096,928
11097,4225
11098,591
11099,3891
11100,9888
11101,3919
11102,2009
11103,410
11104,3658
11105,5455
11106,2638
11107,1666
11108,630
11109,256
11110,5222
11111,3349
11112,6768
11113,7096
11114,3020
11115,4729
11116,2378
11117,1849
11118,2913
11119,6215
11120,4405
11121,5777
11122,3701
11123,7480
11124,3851
11125,4358
11126,6631
11127,1402
11128,6070
11129,4265
11130,4310
11131,3348
11132,5497
11133,3524
11134,769
11135,9925
11136,8631
11137,6803
11138,2469
11139,5283
11140,1728
11141,9467
11142,5433
11143,1318
11144,1060
11145,5489
11146,2259
11147,2819
11148,2931
11149,4686
11150,4051
11151,2427
11152,542
11153,9100
11154,8177
11155,1479
11156,9454
11157,7302
11158,8971
11159,9035
11160,7152
11161,6010
11162,7091
11163,4659
11164,6941
11165,3434
11166,1101
11167,9398
11168,9862
11169,7859
11170,4664
11171,270
11172,5946
11173,9387
11174,4380
11175,4311
11176,7217
11177,5829
11178,9068
11179,102
11180,5171
11181,7642
11182,9553
11183,6218
11184,8566
11185,4926
11186,3728
11187,6135
11188,1934
11189,3105
11190,6693
11191,5191
11192,2548
11193,9498
11194,2286
11195,8204
11196,9955
11197,920
11198,316
11199,6585
11200,4241
11201,6038
11202,6668
11203,6346
11204,9640
11205,882
11206,1151
11207,675
11208,8410
11209,961
11210,9259
11211,4732
11212,4018
11213,6665
11214,6200
11215,781
11216,4040
11217,7869
11218,531
11219,3365
11220,1410
11221,3733
11222,6589
11223,3257
11224,1868
11225,4791
11226,4074
11227,2408
11228,152
11229,5072
11230,3479
11231,3705
11232,727
11233,652
11234,2558
11235,8571
11236,3660
11237,7559
11238,8988
11239,959
11240,5454
11241,531
11242,6642
11243,6058
11244,364
11245,1492
11246,9849
11247,7004
11248,2225
11249,4726
11250,8629
11251,5831
11252,2547
11253,6349
11254,8746
11255,4929
11256,7085
11257,3775
11258,8860
11259,7092
11260,2837
11261,2068
11262,7759
11263,740
11264,1842
11265,8610
11266,6515
11267,7180
11268,4189
11269,6309
11270,7840
11271,4812
11272,6067
11273,6625
11274,6772
11275,5553
11276,8335
11277,4893
11278,7060
11279,4969
11280,676
11281,286
11282,891
11283,2070
11284,2092
11285,6712
11286,9439
11287,168
11288,5239
11289,7966
11290,7524
11291,7813
11292,2536
11293,8312
11294,7813
11295,6584
11296,8743
11297,1148
11298,7267
11299,3293
11300,7772
11301,7906
11302,2429
11303,1766
11304,2316
11305,7640
11306,6273
11307,9177
11308,5018
11309,5257
11310,8924
11311,2580
11312,5817
11313,7822
11314,334
11315,7497
11316,9731
11317,5655
11318,1955
11319,4496
11320,2440
11321,3520
11322,855
11323,577
11324,2189
11325,2029
11326,3329
11327,2330
11328,1656
11329,3919
11330,8025
11331,3430
11332,366
11333,7495
11334,3091
11335,2290
11336,4141
11337,5133
11338,7432
11339,2797
11340,4219
11341,6550
11342,9399
11343,9480
11344,475
11345,1497
11346,4952
11347,4607
11348,4546
11349,335
11350,9967
11351,4172
11352,313
11353,5077
11354,5034
11355,7725
11356,9642
11357,8350
11358,2641
11359,6401
11360,8297
11361,2379
11362,538
11363,4685
11364,1673
11365,3374
11366,2351
11367,6666
11368,4915
11369,8894
11370,9153
11371,5960
11372,1370
11373,5137
11374,5572
11375,8740
11376,9021
11377,5787
11378,3935
11379,8473
11380,8011
11381,1038
11382,6028
11383,1252
11384,9343
11385,8794
11386,7129
11387,9807
11388,4220
11389,6416
11390,3387
11391,4081
11392,1450
11393,3636
11394,194
11395,5006
11396,8422
11397,8041
11398,5573
11399,3198
11400,9295
11401,2955
11402,6775
11403,2484
11404,6797
11405,8802
11406,9362
11407,4609
11408,6284
11409,4323
11410,2228
11411,1162
11412,66
11413,9406
11414,153
11415,7228
11416,8569
11417,9684
11418,6371
11419,625
11420,8072
11421,5987
11422,9790
11423,6994
11424,8900
11425,4981
11426,5791
11427,954
11428,9124
11429,7088
11430,1756
11431,5793
11432,9761
11433,6917
11434,9285
11435,8635
11436,2936
11437,1099
11438,2967
11439,2622
11440,6057
11441,6259
11442,3769
11443,7728
11444,4273
11445,1912
11446,2577
11447,8085
11448,3004
11449,5239
11450,2020
11451,7387
11452,840
11453,58
11454,4220
11455,1188
11456,5778
11457,7888
11458,80
11459,7696
11460,7889
11461,5465
11462,8268
11463,5622
11464,5779
11465,1787
11466,7390
11467,2238
11468,9991
11469,8814
11470,9824
11471,8898
11472,6756
11473,6401
11474,9439
11475,2416
11476,8450
11477,647
11478,8100
11479,959
11480,3597
11481,1121
11482,8377
11483,732
11484,3852
11485,3684
11486,4876
11487,712
11488,2138
11489,9128
11490,4243
11491,2527
11492,1159
11493,1888
11494,9455
11495,9685
11496,319
11497,3962
11498,7738
11499,3059
11500,5776
11501,9766
11502,9702
11503,6422
11504,4875
11505,25
11506,615
11507,9583
11508,4918
11509,8016
11510,9096
11511,9769
11512,6422
11513,8615
11514,4130
11515,8517
11516,4676
11517,4830
11518,7845
11519,1859
11520,1963
11521,8590
11522,2779
11523,3056
11524,7604
11525,6850
11526,5076
11527,2425
11528,2399
11529,5934
11530,8505
11531,773
11532,7551
11533,825
11534,6265
11535,887
11536,7183
11537,7083
11538,4808
11539,6999
11540,5049
11541,9781
11542,6334
11543,9405
11544,2833
11545,5297
11546,3295
11547,7443
11548,6184
11549,4836
11550,3674
11551,507
11552,7651
11553,4653
11554,5066
11555,141
11556,5453
11557,867
11558,8722
11559,8231
11560,6157
11561,4614
11562,9462
11563,1568
11564,25
11565,3615
11566,1617
11567,5945
11568,2026
11569,3584
11570,7284
11571,9945
11572,3801
11573,6416
11574,1098
11575,1371
11576,4483
11577,5304
11578,7116
11579,7329
11580,8677
11581,9491
11582,8530
11583,1196
11584,3424
11585,5496
11586,3546
11587,1783
11588,5425
11589,2568
11590,5917
11591,5089
11592,9464
11593,6734
11594,5430
11595,3301
11596,9220
11597,9991
11598,3534
11599,3514
11600,9008
11601,5999
11602,2676
11603,8606
11604,7150
11605,8795
11606,6905
11607,4117
11608,3290
11609,2222
11610,8088
11611,9744
11612,7611
11613,623
11614,878
11615,821
11616,4872
11617,4187
11618,1754
11619,2266
11620,7622
11621,8723
11622,7206
11623,5433
11624,5099
11625,6618
11626,9727
11627,1479
11628,2685
11629,1523
11630,4886
11631,1461
11632,4664
11633,3017
11634,3134
11635,1763
11636,1622
11637,3285
11638,8757
11639,2059
11640,834
11641,3040
11642,1091
11643,5309
11644,502
11645,4774
11646,7212
11647,8276
11648,3370
11649,8572
11650,4692
11651,338
11652,9992
11653,8978
11654,4684
11655,4326
11656,9389
11657,9705
11658,5813
11659,3335
11660,8389
11661,1224
11662,7566
11663,9311
11664,8732
11665,9272
11666,3146
11667,9164
11668,6628
11669,5275
11670,7099
11671,7975
11672,9607
11673,8718
11674,6579
11675,1501
11676,5223
11677,4238
11678,7518
11679,4419
11680,600
11681,7389
11682,9745
11683,3066
11684,2216
11685,2718
11686,5991
11687,5732
11688,757
11689,9002
11690,6563
11691,1507
11692,1389
11693,8881
11694,7370
11695,3780
11696,3352
11697,9098
11698,1556
11699,3136
11700,5899
11701,6218
11702,8885
11703,1305
11704,1395
11705,952
11706,3290
11707,1043
11708,2796
11709,2243
11710,1630
11711,3545
11712,3215
11713,2892
11714,180
11715,8150
11716,9755
11717,3907
11718,9797
11719,9825
11720,4132
11721,5119
11722,9293
11723,2847
11724,8609
11725,5238
11726,4179
11727,6731
11728,689
11729,7439
11730,5497
11731,246
11732,6814
11733,2433
11734,1042
11735,6349
11736,2950
11737,5419
11738,3142
11739,7090
11740,4952
11741,6971
11742,7740
11743,643
11744,6832
11745,4113
11746,9594
11747,6497
11748,3456
11749,5748
11750,3108
11751,8107
11752,5486
11753,8263
11754,5191
11755,1827
11756,8834
11757,4897
11758,2608
11759,9502
11760,2663
11761,1464
11762,1148
11763,5817
11764,3202
11765,6126
11766,3769
11767,3039
11768,9562
11769,5105
11770,73
11771,1355
11772,984
11773,4171
11774,5972
11775,9824
11776,8659
11777,6606
11778,3340
11779,1750
11780,6065
11781,6331
11782,1964
11783,289
11784,2401
11785,9242
11786,6449
11787,971
11788,6837
11789,1227
11790,8576
11791,6017
11792,4140
11793,1402
11794,2086
11795,8976
11796,4326
11797,6206
11798,4599
11799,8152
11800,6270
11801,8481
11802,7907
11803,4851
11804,7171
11805,9676
11806,1069
11807,1932
11808,6111
11809,4602
11810,6359
11811,2483
11812,8118
11813,8106
11814,6758
11815,4559
11816,604
11817,5462
11818,516
11819,4899
11820,7647
11821,8222
11822,1409
11823,3211
11824,7864
11825,6773
11826,7972
11827,5200
11828,5691
11829,3688
11830,346
11831,1677
11832,919
11833,8477
11834,9093
11835,8214
11836,5132
11837,8163
11838,983
11839,4280
11840,1418
11841,2298
11842,8748
11843,1228
11844,1430
11845,9656
11846,3387
11847,7511
11848,4108
11849,2748
11850,7629
11851,1852
11852,8948
11853,2826
11854,9073
11855,504
11856,6570
11857,5520
11858,3454
11859,9277
11860,7553
11861,7572
11862,4004
11863,7263
11864,55
11865,2067
11866,673
11867,4678
11868,2039
11869,5727
11870,2706
11871,8841
11872,2673
11873,2755
11874,5014
11875,6331
11876,5135
11877,4958
11878,4412
11879,3437
11880,5922
11881,404
11882,3607
11883,339
11884,782
11885,8145
11886,1655
11887,9934
11888,1797
11889,9825
11890,1009
11891,1858
11892,1571
11893,783
11894,7321
11895,5189
11896,1813
11897,9300
11898,2060
11899,9800
11900,757
11901,8135
11902,5870
11903,3983
11904,9755
11905,1625
11906,3764
11907,5516
11908,4231
11909,5301
11910,5864
11911,226
11912,1369
11913,3784
11914,5427
11915,4937
11916,4439
11917,4616
11918,4488
11919,1906
11920,7376
11921,4437
11922,5371
11923,9101
11924,651
11925,5356
11926,4739
11927,3637
11928,6604
11929,8397
11930,3285
11931,4060
11932,4563
11933,4935
11934,2314
11935,3353
11936,2066
11937,2818
11938,7102
11939,9426
11940,7236
11941,896
11942,8594
11943,9877
11944,7730
11945,2456
11946,3915
11947,6484
11948,3601
11949,2191
11950,5021
11951,5040
11952,364
11953,2641
11954,1531
11955,2682
11956,2347
11957,6978
11958,638
11959,7172
11960,2689
11961,5276
11962,4432
11963,9640
11964,7473
11965,9623
11966,1136
11967,1790
11968,9733
11969,9434
11970,6581
11971,8594
11972,835
11973,7286
11974,2405
11975,4155
11976,7069
11977,5502
11978,7121
11979,9994
11980,6802
11981,9565
11982,3561
11983,7721
11984,3638
11985,1575
11986,3677
11987,6469
11988,4106
11989,1029
11990,7938
11991,9486
11992,8264
11993,5975
11994,2279
11995,8845
11996,4731
11997,8418
11998,205
11999,3283
12000,5120
12001,7411
12002,3222
12003,2765
12004,1531
12005,5684
12006,1090
12007,5633
12008,731
12009,1572
12010,649
12011,4270
12012,5200
12013,3746
12014,7756
12015,99
12016,1261
12017,9304
12018,4713
12019,358
12020,4062
12021,2951
12022,8447
12023,281
12024,2040
12025,7846
12026,9667
12027,9397
12028,7051
12029,5185
12030,9816
12031,1136
12032,4389
12033,8718
12034,9503
12035,8062
12036,621
12037,759
12038,1866
12039,8601
12040,1536
12041,6239
12042,8521
12043,8537
12044,2108
12045,7875
12046,183
12047,9843
12048,510
12049,3656
12050,6229
12051,2373
12052,7550
12053,1906
12054,5769
12055,9920
12056,1788
12057,3067
12058,5200
12059,7007
12060,4757
12061,9296
12062,55
12063,7768
12064,9647
12065,7063
12066,3211
12067,465
12068,9864
12069,2934
12070,7808
12071,975
12072,4974
12073,1538
12074,2986
12075,3081
12076,4879
12077,6397
12078,2531
12079,6535
12080,1136
12081,6642
12082,5783
12083,7726
12084,3414
12085,4502
12086,2353
12087,116
12088,3164
12089,4063
12090,4811
12091,6149
12092,5590
12093,224
12094,5410
12095,6885
12096,4299
12097,4263
12098,8666
12099,6257
12100,6187
12101,7279
12102,2382
12103,6844
12104,8793
12105,6627
12106,5160
12107,9085
12108,8112
12109,4168
12110,7737
12111,5216
12112,313
12113,343
12114,4516
12115,2341
12116,4571
12117,89
12118,3773
12119,5206
12120,742
12121,3986
12122,5669
12123,1394
12124,2134
12125,6662
12126,5293
12127,7186
12128,9400
12129,6615
12130,5717
12131,2302
12132,8386
12133,1007
12134,4674
12135,2367
12136,5501
12137,1689
12138,5725
12139,4896
12140,7450
12141,6831
12142,3537
12143,6823
12144,2755
12145,4100
12146,6168
12147,8571
12148,7481
12149,3753
12150,9905
12151,7018
12152,3334
12153,8642
12154,3267
12155,236
12156,2411
12157,4728
12158,1034
12159,5682
12160,7737
12161,5290
12162,880
12163,3209
12164,1755
12165,5280
12166,8645
12167,5896
12168,5600
12169,7907
12170,8674
12171,8281
12172,5168
12173,8441
12174,599
12175,9562
12176,1894
12177,5409
12178,8513
12179,1086
12180,7245
12181,6847
12182,43
12183,1851
12184,4491
12185,8450
12186,1144
12187,7271
12188,5308
12189,7027
12190,7781
12191,8577
12192,8925
12193,1923
12194,4307
12195,1952
12196,4014
12197,1341
12198,7900
12199,4598
12200,347
12201,7076
12202,7823
12203,8993
12204,3621
12205,3710
12206,9718
12207,6128
12208,7115
12209,2683
12210,2132
12211,7092
12212,8260
12213,2072
12214,1264
12215,3698
12216,3758
12217,6352
12218,4140
12219,4267
12220,3039
12221,2856
12222,8672
12223,4045
12224,2909
12225,9648
12226,4453
12227,4799
12228,922
12229,4252
12230,7551
12231,1721
12232,8876
12233,1449
12234,5623
12235,3640
12236,5385
12237,7113
12238,8887
12239,9328
12240,4226
12241,2476
12242,7834
12243,4134
12244,975
12245,6938
12246,6106
12247,6167
12248,9121
12249,8130
12250,1518
12251,9414
12252,881
12253,873
12254,3065
12255,5143
12256,2692
12257,5288
12258,5458
12259,623
12260,1882
12261,7733
12262,7199
12263,5396
12264,6952
12265,8769
12266,254
12267,30
12268,8595
12269,5777
12270,3525
12271,1920
12272,8491
12273,5892
12274,8562
12275,8086
12276,1632
12277,4324
12278,2463
12279,2025
12280,2810
12281,9033
12282,9995
12283,9993
12284,8782
12285,6762
12286,7463
12287,2863
12288,2246
12289,4186
12290,2165
12291,9546
12292,5708
12293,6839
12294,8547
12295,1896
12296,6481
12297,8756
12298,3780
12299,8401
12300,2950
12301,3500
12302,7909
12303,316
12304,3085
12305,1666
12306,7254
12307,6621
12308,6332
12309,2702
12310,1774
12311,285
12312,5281
12313,7341
12314,9603
12315,9977
12316,5035
12317,4060
12318,8090
12319,3470
12320,3845
12321,4288
12322,1854
12323,81
12324,7396
12325,6872
12326,7350
12327,9878
12328,9497
12329,7645
12330,1053
12331,3052
12332,824
12333,5632
12334,7342
12335,319
12336,6671
12337,4237
12338,1887
12339,2496
12340,6896
12341,4845
12342,804
12343,6796
12344,4024
12345,7402
12346,5363
12347,3417
12348,984
12349,9249
12350,4247
12351,7258
12352,4379
12353,8060
12354,474
12355,5337
12356,5425
12357,8125
12358,297
12359,3205
12360,9077
12361,2002
12362,7460
12363,2935
12364,1130
12365,5320
12366,456
12367,6637
12368,2906
12369,731
12370,2173
12371,9553
12372,3990
12373,4512
12374,1735
12375,8895
12376,3423
12377,504
12378,957
12379,32
12380,1138
12381,567
12382,9818
12383,3740
12384,5351
12385,7008
12386,7192
12387,7044
12388,1666
12389,4183
12390,5451
12391,9008
12392,3322
12393,8655
12394,2334
12395,9649
12396,5605
12397,5994
12398,2521
12399,372
12400,3464
12401,2808
12402,4630
12403,3265
12404,1227
12405,1495
12406,5359
12407,7205
12408,7760
12409,6089
12410,9409
12411,9650
12412,8045
12413,1517
12414,1013
12415,6413
12416,935
12417,8285
12418,6593
12419,3937
12420,9744
12421,995
12422,4241
12423,5312
12424,5301
12425,918
12426,5061
12427,2596
12428,9345
12429,1341
12430,6861
12431,9755
12432,1816
12433,815
12434,4157
12435,81
12436,37
12437,8670
12438,3993
12439,8965
12440,7065
12441,6700
12442,9626
12443,3842
12444,9877
12445,569
12446,7967
12447,3841
12448,7354
12449,5181
12450,88
12451,4939
12452,3657
12453,1041
12454,7391
12455,2082
12456,6921
12457,6098
12458,1494
12459,5848
12460,1560
12461,5507
12462,4692
12463,1839
12464,3761
12465,6091
12466,6611
12467,4469
12468,3866
12469,6192
12470,6093
12471,7980
12472,2104
12473,6248
12474,3042
12475,1558
12476,8569
12477,74
12478,3309
12479,4859
12480,5649
12481,2045
12482,5684
12483,2238
12484,5630
12485,606
12486,3616
12487,3899
12488,3516
12489,1405
12490,9788
12491,7539
12492,8313
12493,462
12494,7346
12495,2641
12496,2196
12497,5977
12498,6384
12499,5368
12500,4358
12501,1469
12502,1952
12503,5432
12504,5206
12505,71
12506,1504
12507,1190
12508,6278
12509,2798
12510,4646
12511,4731
12512,5720
12513,7712
12514,115
12515,9356
12516,4097
12517,9910
12518,3935
12519,1918
12520,2059
12521,9476
12522,9147
12523,8182
12524,3914
12525,3806
12526,302
12527,6276
12528,6380
12529,4870
12530,3739
12531,7972
12532,5520
12533,8629
12534,6771
12535,6120
12536,6965
12537,116
12538,4764
12539,5288
12540,6418
12541,7645
12542,1235
12543,4260
12544,905
12545,1630
12546,5098
12547,5429
12548,1395
12549,2443
12550,1311
12551,6868
12552,8960
12553,8948
12554,8794
12555,5654
12556,5098
12557,9270
12558,5450
12559,7503
12560,6301
12561,3317
12562,8904
12563,4718
12564,114
12565,9699
12566,3843
12567,405
12568,3527
12569,3301
12570,2020
12571,4547
12572,9870
12573,4978
12574,4772
12575,1061
12576,2851
12577,6628
12578,4733
12579,7482
12580,7923
12581,5534
12582,3594
12583,8549
12584,1273
12585,4675
12586,8024
12587,1361
12588,6990
12589,7200
12590,3837
12591,8871
12592,2656
12593,276
12594,9640
12595,7444
12596,1032
12597,7957
12598,2047
12599,8766
12600,7788
12601,1069
12602,1434
12603,4133
12604,229
12605,415
12606,9839
12607,2328
12608,9961
12609,9876
12610,8993
12611,5068
12612,1319
12613,7631
12614,4939
12615,9532
12616,8712
12617,8693
12618,1627
12619,1530
12620,7902
12621,1593
12622,6714
12623,7998
12624,6593
12625,1585
12626,6945
12627,9963
12628,6186
12629,9248
12630,2623
12631,3902
12632,8663
12633,6743
12634,4441
12635,8122
12636,1391
12637,9347
12638,3525
12639,4464
12640,7779
12641,6499
12642,8394
12643,3544
12644,765
12645,9886
12646,2535
12647,837
12648,9091
12649,4758
12650,2343
12651,4956
12652,8312
12653,8056
12654,8994
12655,7191
12656,3424
12657,9511
12658,6467
12659,6759
12660,306
12661,9831
12662,578
12663,5293
12664,7674
12665,7521
12666,5475
12667,8273
12668,4392
12669,75
12670,889
12671,8269
12672,9418
12673,7232
12674,5079
12675,3249
12676,517
12677,7714
12678,1135
12679,895
12680,2851
12681,7985
12682,6575
12683,6093
12684,4880
12685,2535
12686,9127
12687,4225
12688,1948
12689,3242
12690,3754
12691,6231
12692,3475
12693,450
12694,471
12695,8813
12696,5423
12697,5765
12698,5022
12699,3173
12700,6762
12701,15
12702,4786
12703,7048
12704,6424
12705,5749
12706,3980
12707,2616
12708,108
12709,535
12710,6347
12711,1190
12712,8077
12713,9891
12714,9340
12715,4501
12716,5932
12717,3081
12718,5651
12719,7391
12720,2802
12721,4788
12722,24
12723,2425
12724,2695
12725,9438
12726,8169
12727,7936
12728,4110
12729,6384
12730,6014
12731,5531
12732,9809
12733,7165
12734,3307
12735,2643
12736,3900
12737,801
12738,9201
12739,161
12740,3073
12741,6377
12742,7914
12743,2101
12744,4609
12745,7418
12746,2987
12747,852
12748,3803
12749,1669
12750,8799
12751,5172
12752,6456
12753,4280
12754,3613
12755,6774
12756,1226
12757,2301
12758,3821
12759,5003
12760,5152
12761,6872
12762,9133
12763,6543
12764,7536
12765,2988
12766,5357
12767,7943
12768,4605
12769,6221
12770,9965
12771,2180
12772,8537
12773,9378
12774,3031
12775,8980
12776,7846
12777,1195
12778,3295
12779,3457
12780,4001
12781,9140
12782,4909
12783,1945
12784,8835
12785,9455
12786,9284
12787,1295
12788,8555
12789,7489
12790,5265
12791,1895
12792,5072
12793,7076
12794,3032
12795,5275
12796,1557
12797,4214
12798,7600
12799,1378
12800,1767
12801,9719
12802,4927
12803,3494
12804,3062
12805,8392
12806,942
12807,4247
12808,7250
12809,3248
12810,575
12811,5388
12812,5568
12813,9336
12814,753
12815,8874
12816,8732
12817,5419
12818,8763
12819,5639
12820,6328
12821,311
12822,3777
12823,4290
12824,7516
12825,8711
12826,6972
12827,5439
12828,7258
12829,3455
12830,2213
12831,2844
12832,8996
12833,2489
12834,9725
12835,4866
12836,444
12837,1716
12838,8270
12839,5735
12840,1914
12841,7028
12842,3969
12843,6835
12844,6357
12845,6166
12846,2723
12847,6204
12848,6522
12849,6877
12850,3737
12851,3556
12852,2313
12853,3691
12854,7862
12855,3231
12856,4384
12857,1092
12858,8647
12859,1602
12860,5618
12861,5536
12862,5189
12863,6482
12864,2785
12865,1600
12866,6014
12867,7240
12868,2241
12869,5128
12870,6464
12871,7970
12872,1571
12873,3656
12874,7606
12875,7250
12876,4952
12877,3248
12878,1610
12879,5710
12880,6081
12881,719
12882,2981
12883,803
12884,3109
12885,6040
12886,5775
12887,36
12888,6703
12889,5332
12890,8286
12891,5961
12892,3111
12893,6619
12894,9324
12895,5319
12896,21
12897,7780
12898,9950
12899,5423
12900,5784
12901,189
12902,806
12903,7289
12904,7198
12905,7322
12906,2034
12907,7676
12908,3227
12909,6594
12910,9088
12911,5295
12912,7380
12913,1529
12914,6621
12915,6866
12916,2442
12917,6467
12918,4876
12919,5064
12920,9118
12921,2080
12922,1791
12923,8540
12924,1526
12925,5501
12926,9116
12927,5959
12928,3300
12929,4580
12930,9648
12931,1389
12932,9685
12933,7680
12934,810
12935,9448
12936,5277
12937,3505
12938,3267
12939,6568
12940,991
12941,2098
12942,2962
12943,9213
12944,2136
12945,4822
12946,8073
12947,3871
12948,5913
12949,2601
12950,9675
12951,9367
12952,3332
12953,6447
12954,8811
12955,2871
12956,1665
12957,1765
12958,8247
12959,9461
12960,6237
12961,4648
12962,9653
12963,2577
12964,3133
12965,5174
12966,7091
12967,4917
12968,9690
12969,9775
12970,4972
12971,7160
12972,1776
12973,3559
12974,2319
12975,9644
12976,1986
12977,7190
12978,2500
12979,8927
12980,4391
12981,5997
12982,7435
12983,3629
12984,6070
12985,8699
12986,3986
12987,714
12988,5462
12989,6104
12990,3691
12991,4148
12992,1926
12993,9576
12994,7511
12995,1855
12996,4664
12997,6423
12998,8121
12999,8000
13000,9638
13001,3100
13002,1380
13003,1938
13004,1646
13005,6190
13006,8293
13007,1853
13008,8386
13009,9773
13010,841
13011,5548
13012,5325
13013,8465
13014,5337
13015,1296
13016,1539
13017,6665
13018,1887
13019,9951
13020,5441
13021,9399
13022,2488
13023,110
13024,3097
13025,5838
13026,7435
13027,2301
13028,5477
13029,8306
13030,703
13031,5796
13032,5416
13033,3501
13034,3402
13035,2278
13036,5642
13037,3793
13038,9091
13039,5983
13040,5979
13041,8991
13042,4658
13043,4949
13044,8860
13045,8034
13046,7867
13047,1028
13048,1963
13049,9392
13050,3667
13051,4856
13052,2306
13053,784
13054,2821
13055,9582
13056,3192
13057,7877
13058,4339
13059,6177
13060,3107
13061,1414
13062,5111
13063,1379
13064,5507
13065,6675
13066,2074
13067,2775
13068,2827
13069,7801
13070,726
13071,4050
13072,1721
13073,9427
13074,5377
13075,6271
13076,18
13077,8799
13078,4128
13079,6096
13080,6393
13081,9810
13082,3677
13083,2256
13084,3636
13085,2832
13086,8293
13087,860
13088,1117
13089,309
13090,8112
13091,9679
13092,5410
13093,1092
13094,8177
13095,9567
13096,2810
13097,3961
13098,8977
13099,6778
13100,1462
13101,1691
13102,2313
13103,7167
13104,1861
13105,1907
13106,5835
13107,9529
13108,8816
13109,254
13110,8958
13111,9025
13112,3817
13113,2789
13114,1856
13115,7031
13116,9442
13117,483
13118,4141
13119,1802
13120,1744
13121,7225
13122,7239
13123,5198
13124,5291
13125,5868
13126,954
13127,1521
13128,4091
13129,6128
13130,868
13131,3570
13132,8431
13133,8379
13134,2625
13135,1623
13136,2850
13137,1784
13138,3881
13139,8283
13140,855
13141,9418
13142,3270
13143,3155
13144,7812
13145,2273
13146,8646
13147,8165
13148,932
13149,6705
13150,4298
13151,5768
13152,8141
13153,2640
13154,7826
13155,9369
13156,7566
13157,5940
13158,7010
13159,3522
13160,6076
13161,9097
13162,3732
13163,5658
13164,2070
13165,3044
13166,2397
13167,7018
13168,8041
13169,1809
13170,4417
13171,2790
13172,1137
13173,8540
13174,7375
13175,7621
13176,7545
13177,9374
13178,2818
13179,4307
13180,4569
13181,458
13182,5018
13183,4903
13184,803
13185,446
13186,6022
13187,5879
13188,1630
13189,4318
13190,958
13191,3954
13192,9329
13193,201
13194,1413
13195,2000
13196,1114
13197,558
13198,5771
13199,8772
13200,7913
13201,1794
13202,814
13203,9000
13204,8812
13205,7527
13206,6841
13207,6927
13208,4248
13209,3270
13210,4377
13211,5661
13212,3381
13213,2103
13214,4011
13215,6566
13216,7820
13217,4564
13218,9634
13219,2527
13220,8707
13221,5815
13222,1106
13223,9246
13224,7071
13225,2214
13226,3912
13227,1362
13228,1606
13229,8777
13230,6990
13231,689
13232,3722
13233,9331
13234,8519
13235,5311
13236,5744
13237,7991
13238,5902
13239,3706
13240,7139
13241,3006
13242,7247
13243,7337
13244,7417
13245,2552
13246,688
13247,5376
13248,5653
13249,7420
13250,9845
13251,5551
13252,844
13253,9870
13254,6036
13255,8482
13256,7980
13257,6828
13258,5038
13259,4713
13260,9448
13261,1782
13262,2174
13263,7121
13264,8393
13265,2845
13266,2675
13267,6123
13268,2573
13269,8508
13270,8141
13271,8733
13272,2706
13273,4697
13274,7331
13275,7023
13276,7714
13277,5581
13278,7346
13279,68
13280,9775
13281,1150
13282,2572
13283,2862
13284,6651
13285,951
13286,6551
13287,9976
13288,7440
13289,1431
13290,5775
13291,445
13292,849
13293,4011
13294,5258
13295,4969
13296,1660
13297,5838
13298,9447
13299,2271
13300,9117
13301,5904
13302,6288
13303,3899
13304,6907
13305,1336
13306,5911
13307,3368
13308,1595
13309,5655
13310,398
13311,2801
13312,3342
13313,713
13314,5844
13315,2830
13316,8063
13317,4969
13318,1069
13319,9500
13320,1311
13321,8875
13322,7706
13323,4309
13324,6081
13325,4122
13326,7891
13327,9218
13328,8411
13329,508
13330,8630
13331,7255
13332,2115
13333,9755
13334,5337
13335,5640
13336,3216
13337,7147
13338,2579
13339,2638
13340,6774
13341,1077
13342,1516
13343,3023
13344,9869
13345,6652
13346,4076
13347,957
13348,4399
13349,8153
13350,1181
13351,6124
13352,181
13353,5692
13354,9345
13355,5866
13356,6219
13357,3587
13358,8390
13359,4086
13360,167
13361,7787
13362,2727
13363,8447
13364,2805
13365,7210
13366,7538
13367,2387
13368,9051
13369,1820
13370,5200
13371,5442
13372,7905
13373,2136
13374,6963
13375,3040
13376,6333
13377,5757
13378,5615
13379,5901
13380,3086
13381,2354
13382,629
13383,2417
13384,6270
13385,3014
13386,3924
13387,3606
13388,9879
13389,4049
13390,1314
13391,5640
13392,7292
13393,3317
13394,1371
13395,6675
13396,4304
13397,1797
13398,1083
13399,9367
13400,5912
13401,3609
13402,3065
13403,6486
13404,669
13405,6330
13406,6523
13407,4652
13408,9331
13409,6383
13410,4476
13411,9670
13412,5597
13413,2481
13414,9353
13415,6185
13416,8294
13417,1291
13418,3187
13419,5677
13420,4521
13421,3891
13422,2423
13423,1554
13424,4794
13425,5771
13426,7884
13427,6971
13428,5636
13429,4524
13430,1155
13431,9112
13432,5460
13433,1576
13434,3015
13435,4517
13436,4258
13437,8293
13438,4002
13439,8532
13440,8037
13441,5770
13442,9156
13443,8055
13444,2987
13445,5357
13446,4299
13447,539
13448,2902
13449,9468
13450,7453
13451,9675
13452,4744
13453,9799
13454,2535
13455,3771
13456,6151
13457,2752
13458,4645
13459,4435
13460,8671
13461,3840
13462,7002
13463,543
13464,4572
13465,7130
13466,6573
13467,7299
13468,4097
13469,8963
13470,9092
13471,2365
13472,1965
13473,2981
13474,5549
13475,7503
13476,1682
13477,2846
13478,4937
13479,4949
13480,3654
13481,2307
13482,4071
13483,3176
13484,9521
13485,193
13486,9485
13487,2856
13488,9634
13489,9998
13490,4732
13491,792
13492,1517
13493,5865
13494,7548
13495,686
13496,7260
13497,7823
13498,4100
13499,5733
13500,9562
13501,2696
13502,8392
13503,9044
13504,8536
13505,7699
13506,1120
13507,588
13508,71
13509,396
13510,9371
13511,2210
13512,1693
13513,6331
13514,8066
13515,8688
13516,7424
13517,6653
13518,8742
13519,5641
13520,7955
13521,7736
13522,5179
13523,9440
13524,9192
13525,6797
13526,4477
13527,5242
13528,8140
13529,6206
13530,3917
13531,4298
13532,6744
13533,1090
13534,6250
13535,207
13536,7824
13537,7861
13538,9800
13539,1610
13540,7472
13541,6876
13542,3702
13543,8885
13544,3093
13545,3999
13546,342
13547,9973
13548,6116
13549,7343
13550,6665
13551,5318
13552,4210
13553,2731
13554,9008
13555,1074
13556,9090
13557,6830
13558,8522
13559,3967
13560,2392
13561,3241
13562,7018
13563,1510
13564,1578
13565,5902
13566,3291
13567,9721
13568,4099
13569,1875
13570,9607
13571,5610
13572,6065
13573,14
13574,7969
13575,1178
13576,2408
13577,2640
13578,6618
13579,357
13580,5871
13581,3352
13582,6510
13583,2584
13584,3835
13585,4603
13586,5282
13587,8254
13588,158
13589,8704
13590,879
13591,3531
13592,3881
13593,1310
13594,7605
13595,4843
13596,6680
13597,2461
13598,4395
13599,8540
13600,2834
13601,6864
13602,9895
13603,5974
13604,996
13605,8181
13606,3500
13607,8086
13608,3777
13609,2016
13610,7935
13611,3117
13612,4478
13613,3340
13614,8732
13615,933
13616,6257
13617,8442
13618,1906
13619,7893
13620,3334
13621,823
13622,4760
13623,7628
13624,792
13625,4065
13626,7799
13627,8209
13628,3149
13629,5017
13630,4061
13631,7585
13632,8719
13633,3200
13634,5647
13635,588
13636,8148
13637,4492
13638,1875
13639,5499
13640,1386
13641,9107
13642,5418
13643,8173
13644,5068
13645,9166
13646,6293
13647,1986
13648,6453
13649,4769
13650,7605
13651,4930
13652,1897
13653,1001
13654,5238
13655,8056
13656,6460
13657,3614
13658,1093
13659,8636
13660,30
13661,9674
13662,1109
13663,6851
13664,2647
13665,8591
13666,7754
13667,3423
13668,7467
13669,1364
13670,6412
13671,4531
13672,5135
13673,15
13674,8392
13675,8349
13676,4363
13677,3560
13678,8041
13679,4115
13680,9312
13681,5093
13682,8826
13683,2185
13684,9280
13685,8747
13686,5234
13687,1205
13688,2079
13689,3368
13690,2448
13691,8818
13692,4254
13693,3353
13694,1821
13695,181
13696,4152
13697,635
13698,5916
13699,7993
13700,4073
13701,8654
13702,9620
13703,8152
13704,763
13705,6861
13706,5114
13707,7353
13708,6936
13709,6837
13710,9427
13711,8369
13712,3695
13713,8287
13714,9879
13715,1992
13716,4954
13717,7902
13718,9688
13719,8201
13720,8643
13721,8472
13722,353
13723,9408
13724,3091
13725,6647
13726,9459
13727,2301
13728,1542
13729,4372
13730,1663
13731,4998
13732,6354
13733,8440
13734,9116
13735,1448
13736,3026
13737,9662
13738,8176
13739,6399
13740,5987
13741,3089
13742,6305
13743,2268
13744,8568
13745,3001
13746,3751
13747,95
13748,2503
13749,6457
13750,8333
13751,7598
13752,913
13753,5093
13754,9423
13755,6200
13756,9965
13757,2814
13758,1236
13759,1294
13760,699
13761,5153
13762,4792
13763,4891
13764,4517
13765,2006
13766,4391
13767,7690
13768,9311
13769,439
13770,5710
13771,3791
13772,8804
13773,8641
13774,9186
13775,5478
13776,4517
13777,537
13778,3006
13779,3477
13780,1371
13781,6827
13782,713
13783,672
13784,8566
13785,9124
13786,6266
13787,8377
13788,5307
13789,9137
13790,8583
13791,5388
13792,315
13793,5507
13794,4707
13795,2400
13796,7232
13797,7943
13798,1475
13799,7862
13800,412
13801,6950
13802,2680
13803,8105
13804,8378
13805,4554
13806,8944
13807,5670
13808,6084
13809,2358
13810,6860
13811,4412
13812,760
13813,9070
13814,4072
13815,7444
13816,8415
13817,1627
13818,2540
13819,3343
13820,7244
13821,9799
13822,5778
13823,7717
13824,521
13825,5092
13826,6870
13827,262
13828,4143
13829,8830
13830,3486
13831,9188
13832,1735
13833,2103
13834,1711
13835,8506
13836,5844
13837,4350
13838,2817
13839,6311
13840,7582
13841,1034
13842,2985
13843,8708
13844,4866
13845,6734
13846,9255
13847,2577
13848,4597
13849,4932
13850,5056
13851,2904
13852,7213
13853,7488
13854,5284
13855,9302
13856,9838
13857,9657
13858,3623
13859,48
13860,3094
13861,6275
13862,6608
13863,2425
13864,768
13865,4352
13866,7076
13867,3126
13868,774
13869,9516
13870,4039
13871,6455
13872,7453
13873,1327
13874,710
13875,7537
13876,4393
13877,1603
13878,4155
13879,9432
13880,6717
13881,7007
13882,7036
13883,2622
13884,7409
13885,1918
13886,6964
13887,1800
13888,8178
13889,2938
13890,9290
13891,7691
13892,5261
13893,4137
13894,4973
13895,5321
13896,9367
13897,8802
13898,2035
13899,9786
13900,7825
13901,997
13902,5320
13903,1975
13904,7326
13905,9641
13906,878
13907,2073
13908,1139
13909,4388
13910,5164
13911,6266
13912,6461
13913,1944
13914,1086
13915,5210
13916,1649
13917,9594
13918,6395
13919,8232
13920,8006
13921,713
13922,9070
13923,5490
13924,8434
13925,7787
13926,5372
13927,960
13928,8260
13929,2828
13930,3610
13931,8503
13932,7855
13933,2954
13934,6265
13935,7590
13936,8518
13937,5274
13938,7528
13939,8132
13940,1188
13941,3865
13942,8533
13943,6047
13944,537
13945,2069
13946,9300
13947,221
13948,1724
13949,2698
13950,3276
13951,5159
13952,9234
13953,1342
13954,6830
13955,5901
13956,4696
13957,4101
13958,453
13959,9700
13960,936
13961,6256
13962,632
13963,9681
13964,3047
13965,243
13966,9819
13967,2701
13968,7412
13969,396
13970,1644
13971,8120
13972,4143
13973,9386
13974,5591
13975,1977
13976,5578
13977,7294
13978,8442
13979,5155
13980,5777
13981,8763
13982,2009
13983,4911
13984,2789
13985,9877
13986,6202
13987,1687
13988,9853
13989,4187
13990,7221
13991,7883
13992,3851
13993,7108
13994,6426
13995,4895
13996,604
13997,2622
13998,6369
13999,1506
14000,3565
14001,4871
14002,4776
14003,3368
14004,9803
14005,924
14006,1854
14007,2005
14008,7635
14009,104
14010,8694
14011,3079
14012,159
14013,1056
14014,2813
14015,5344
14016,8600
14017,4486
14018,7286
14019,561
14020,8496
14021,1153
14022,465
14023,9755
14024,8370
14025,1956
14026,6125
14027,7320
14028,6190
14029,5827
14030,5390
14031,6384
14032,8455
14033,8080
14034,1330
14035,7133
14036,6163
14037,6599
14038,3617
14039,410
14040,6052
14041,372
14042,3861
14043,3422
14044,94
14045,1834
14046,8509
14047,8832
14048,4785
14049,7878
14050,7629
14051,7428
14052,2381
14053,7078
14054,3310
14055,5831
14056,7813
14057,7474
14058,736
14059,7131
14060,9850
14061,4322
14062,8010
14063,9471
14064,4553
14065,8024
14066,328
14067,3485
14068,5163
14069,4144
14070,1612
14071,2266
14072,9031
14073,9057
14074,7329
14075,7542
14076,7376
14077,2658
14078,6913
14079,1868
14080,1112
14081,2491
14082,1830
14083,3168
14084,3694
14085,7421
14086,9457
14087,3661
14088,7717
14089,8471
14090,8117
14091,6891
14092,6230
14093,4840
14094,4989
14095,7344
14096,3785
14097,9314
14098,658
14099,9381
14100,26
14101,8318
14102,6486
14103,5952
14104,1555
14105,2703
14106,7609
14107,4099
14108,6269
14109,5068
14110,9478
14111,3250
14112,4952
14113,3798
14114,6963
14115,381
14116,7030
14117,7130
14118,5712
14119,8357
14120,2671
14121,7190
14122,6661
14123,8666
14124,4888
14125,4325
14126,6168
14127,9975
14128,8318
14129,6484
14130,1384
14131,7403
14132,4413
14133,3556
14134,3987
14135,9398
14136,3421
14137,8998
14138,3902
14139,7334
14140,8352
14141,3259
14142,121
14143,692
14144,1171
14145,7410
14146,2389
14147,5436
14148,8362
14149,1435
14150,3671
14151,8479
14152,9758
14153,7050
14154,4602
14155,7540
14156,3117
14157,312
14158,4543
14159,2783
14160,7209
14161,4291
14162,4778
14163,1010
14164,1728
14165,7179
14166,7371
14167,3840
14168,7164
14169,5030
14170,2892
14171,1008
14172,294
14173,8622
14174,2170
14175,3075
14176,1504
14177,4633
14178,2553
14179,4810
14180,8923
14181,1411
14182,455
14183,4532
14184,3777
14185,2561
14186,5656
14187,3898
14188,4826
14189,2741
14190,7709
14191,2639
14192,7697
14193,1067
14194,6844
14195,8959
14196,1805
14197,9845
14198,4859
14199,8225
14200,9441
14201,4160
14202,9506
14203,6957
14204,6480
14205,7189
14206,3722
14207,5468
14208,5325
14209,5391
14210,9507
14211,3184
14212,6397
14213,8983
14214,6777
14215,576
14216,4632
14217,4142
14218,8840
14219,7005
14220,4177
14221,2680
14222,9374
14223,9922
14224,8306
14225,1692
14226,9064
14227,8500
14228,780
14229,9664
14230,3864
14231,3128
14232,2142
14233,9911
14234,7235
14235,1000
14236,720
14237,4314
14238,5377
14239,48
14240,1285
14241,7079
14242,4867
14243,1446
14244,9671
14245,2109
14246,8575
14247,7703
14248,4261
14249,4035
14250,9315
14251,6222
14252,3244
14253,9467
14254,7672
14255,7560
14256,3133
14257,663
14258,4168
14259,8710
14260,9889
14261,5553
14262,9590
14263,2207
14264,3921
14265,5245
14266,4809
14267,8717
14268,5370
14269,8231
14270,335
14271,3776
14272,4121
14273,8312
14274,7025
14275,6866
14276,116
14277,2436
14278,4388
14279,4374
14280,2541
14281,6820
14282,5326
14283,5372
14284,4703
14285,9000
14286,5278
14287,2021
14288,435
14289,3054
14290,6239
14291,1249
14292,6576
14293,3401
14294,4223
14295,4007
14296,3016
14297,7035
14298,3049
14299,6568
14300,8800
14301,1194
14302,2594
14303,8112
14304,7126
14305,4393
14306,3946
14307,1709
14308,4517
14309,145
14310,2035
14311,3545
14312,4864
14313,5377
14314,2900
14315,2767
14316,3783
14317,8582
14318,6662
14319,1538
14320,4581
14321,5059
14322,858
14323,4137
14324,7361
14325,5876
14326,5879
14327,2131
14328,4691
14329,482
14330,1797
14331,123
14332,9538
14333,6483
14334,8540
14335,2295
14336,1206
14337,88
14338,4569
14339,6027
14340,2662
14341,4328
14342,5395
14343,9458
14344,7064
14345,837
14346,4933
14347,3395
14348,6066
14349,1975
14350,2437
14351,2851
14352,8815
14353,8764
14354,6573
14355,5850
14356,7820
14357,6074
14358,7154
14359,4362
14360,194
14361,5819
14362,4075
14363,7191
14364,8447
14365,7514
14366,7436
14367,9067
14368,2097
14369,610
14370,7814
14371,5547
14372,3043
14373,2066
14374,8734
14375,5094
14376,2052
14377,7970
14378,367
14379,387
14380,4498
14381,4807
14382,3317
14383,2606
14384,793
14385,5934
14386,2389
14387,7841
14388,9184
14389,9244
14390,5277
14391,7648
14392,2548
14393,871
14394,1886
14395,3536
14396,9887
14397,1632
14398,5528
14399,2667
14400,1942
14401,8709
14402,3488
14403,2666
14404,9323
14405,299
14406,7021
14407,5868
14408,7333
14409,2839
14410,5972
14411,4822
14412,7274
14413,9602
14414,8768
14415,1483
14416,1997
14417,7683
14418,3270
14419,7500
14420,6749
14421,3261
14422,5915
14423,5310
14424,5064
14425,1726
14426,9214
14427,1320
14428,627
14429,4267
14430,6109
14431,478
14432,5915
14433,1149
14434,9638
14435,8738
14436,961
14437,8022
14438,3016
14439,6085
14440,7900
14441,5962
14442,7087
14443,9052
14444,1981
14445,1201
14446,3930
14447,7775
14448,6203
14449,3056
14450,314
14451,6349
14452,8053
14453,4918
14454,2814
14455,3946
14456,722
14457,6858
14458,9883
14459,9535
14460,8376
14461,3215
14462,5195
14463,9618
14464,6516
14465,1782
14466,1084
14467,5457
14468,8793
14469,5274
14470,7332
14471,6661
14472,2420
14473,9049
14474,6451
14475,8695
14476,8747
14477,9742
14478,9085
14479,3966
14480,6563
14481,6879
14482,7541
14483,3104
14484,2375
14485,6678
14486,5010
14487,7930
14488,3357
14489,3685
14490,962
14491,3310
14492,3189
14493,3257
14494,4425
14495,3367
14496,6482
14497,6006
14498,4858
14499,5485
14500,1047
14501,8272
14502,7018
14503,5941
14504,5652
14505,115
14506,779
14507,2950
14508,7909
14509,6624
14510,5815
14511,4365
14512,943
14513,8776
14514,5670
14515,5916
14516,6060
14517,8271
14518,4484
14519,9504
14520,264
14521,9909
14522,7097
14523,4797
14524,7872
14525,9035
14526,6366
14527,3752
14528,2045
14529,1977
14530,8301
14531,1862
14532,3193
14533,6628
14534,8313
14535,192
14536,6750
14537,174
14538,6968
14539,2147
14540,464
14541,2295
14542,7856
14543,4832
14544,551
14545,6043
14546,2675
14547,7159
14548,5808
14549,5795
14550,4624
14551,4302
14552,6199
14553,6683
14554,1698
14555,5105
14556,7593
14557,7834
14558,1647
14559,5976
14560,4680
14561,5213
14562,5144
14563,1900
14564,3215
14565,8679
14566,2376
14567,7569
14568,2536
14569,7817
14570,376
14571,6531
14572,9917
14573,6616
14574,22
14575,8737
14576,3249
14577,2327
14578,4052
14579,7495
14580,385
14581,9926
14582,266
14583,459
14584,9095
14585,3222
14586,9386
14587,6185
14588,5953
14589,8036
14590,7456
14591,1318
14592,9118
14593,8349
14594,4026
14595,3950
14596,6723
14597,4081
14598,8117
14599,5922
14600,452
14601,2954
14602,3946
14603,408
14604,9353
14605,3005
14606,6339
14607,2226
14608,1717
14609,5776
14610,5687
14611,2578
14612,7648
14613,170
14614,8077
14615,3914
14616,3583
14617,1835
14618,9825
14619,5592
14620,1186
14621,4928
14622,4890
14623,3230
14624,7830
14625,140
14626,6669
14627,3572
14628,1509
14629,7440
14630,7715
14631,7636
14632,6689
14633,2798
14634,4886
14635,3718
14636,9909
14637,1779
14638,9520
14639,6741
14640,3054
14641,385
14642,6357
14643,3046
14644,8862
14645,6228
14646,9605
14647,750
14648,8505
14649,1095
14650,1220
14651,8430
14652,3129
14653,277
14654,2784
14655,4359
14656,4975
14657,8135
14658,3469
14659,999
14660,947
14661,6664
14662,6999
14663,8641
14664,7352
14665,6033
14666,2368
14667,3355
14668,6370
14669,4826
14670,3753
14671,7169
14672,528
14673,278
14674,5454
14675,5485
14676,4195
14677,5171
14678,9590
14679,9896
14680,9591
14681,3875
14682,8021
14683,2345
14684,3684
14685,4586
14686,510
14687,9863
14688,8093
14689,8304
14690,5553
14691,2756
14692,3286
14693,3095
14694,5745
14695,7806
14696,6623
14697,1337
14698,7782
14699,9881
14700,3756
14701,5694
14702,2572
14703,4173
14704,3327
14705,2446
14706,5779
14707,8509
14708,5928
14709,1099
14710,4565
14711,2404
14712,6478
14713,4014
14714,676
14715,5728
14716,5162
14717,2244
14718,6345
14719,1246
14720,1633
14721,1384
14722,7285
14723,6369
14724,186
14725,9555
14726,6714
14727,2938
14728,8827
14729,7627
14730,7624
14731,3725
14732,4284
14733,8596
14734,9370
14735,4981
14736,8399
14737,978
14738,3165
14739,4774
14740,2514
14741,7653
14742,9478
14743,6016
14744,7972
14745,7953
14746,1279
14747,1374
14748,6726
14749,933
14750,480
14751,6607
14752,2964
14753,1158
14754,3096
14755,9161
14756,639
14757,7417
14758,784
14759,8561
14760,8719
14761,1353
14762,7408
14763,7207
14764,5026
14765,7807
14766,2909
14767,944
14768,1996
14769,5006
14770,6552
14771,5475
14772,6321
14773,8578
14774,9976
14775,1515
14776,5373
14777,1020
14778,3487
14779,7751
14780,9432
14781,9379
14782,3867
14783,9874
14784,3849
14785,4278
14786,2563
14787,4399
14788,561
14789,5576
14790,9241
14791,5768
14792,9086
14793,3061
14794,5332
14795,2565
14796,1099
14797,468
14798,4731
14799,6314
14800,1930
14801,7704
14802,5678
14803,6308
14804,6639
14805,5156
14806,1013
14807,3093
14808,2599
14809,4320
14810,2251
14811,5776
14812,7721
14813,4990
14814,948
14815,4311
14816,3980
14817,4009
14818,4660
14819,6637
14820,3418
14821,8972
14822,258
14823,8574
14824,5960
14825,2936
14826,7985
14827,3867
14828,4940
14829,7024
14830,8903
14831,6976
14832,9143
14833,6597
14834,6506
14835,5101
14836,8995
14837,687
14838,5919
14839,1571
14840,4063
14841,8654
14842,3666
14843,5244
14844,4156
14845,5498
14846,8091
14847,219
14848,4993
14849,7151
14850,4955
14851,7990
14852,3976
14853,8828
14854,9660
14855,2834
14856,1260
14857,4768
14858,4373
14859,2173
14860,9825
14861,1863
14862,763
14863,5458
14864,1878
14865,191
14866,1523
14867,9104
14868,3354
14869,5248
14870,7099
14871,6411
14872,2566
14873,6108
14874,5290
14875,4254
14876,2174
14877,6611
14878,2031
14879,2831
14880,5948
14881,6142
14882,9772
14883,5979
14884,6178
14885,723
14886,7213
14887,3555
14888,8424
14889,873
14890,4635
14891,5317
14892,1435
14893,2314
14894,663
14895,9361
14896,8139
14897,6744
14898,453
14899,7469
14900,4679
14901,5116
14902,4446
14903,2867
14904,9482
14905,3049
14906,8301
14907,2747
14908,6966
14909,5249
14910,1617
14911,2963
14912,5943
14913,4692
14914,6343
14915,7402
14916,9057
14917,6619
14918,4935
14919,9588
14920,7260
14921,9918
14922,5793
14923,9927
14924,6733
14925,194
14926,531
14927,1258
14928,9860
14929,1012
14930,6276
14931,6454
14932,7027
14933,8595
14934,1627
14935,670
14936,5534
14937,7626
14938,5260
14939,7522
14940,6915
14941,329
14942,8785
14943,3610
14944,5970
14945,5289
14946,8783
14947,1777
14948,9758
14949,1808
14950,9200
14951,8959
14952,292
14953,6347
14954,5176
14955,7131
14956,7419
14957,5499
14958,4906
14959,140
14960,1303
14961,6069
14962,6967
14963,70
14964,2221
14965,9750
14966,9983
14967,6286
14968,5373
14969,8162
14970,7983
14971,47
14972,6000
14973,5448
14974,7687
14975,483
14976,68
14977,2646
14978,2624
14979,7306
14980,5009
14981,9613
14982,8286
14983,9735
14984,3807
14985,2684
14986,6446
14987,3130
14988,9292
14989,2086
14990,3200
14991,4797
14992,6066
14993,7504
14994,9410
14995,3587
14996,4751
14997,6842
14998,2591
14999,3797
15000,8717
15001,7113
15002,942
15003,1673
15004,8758
15005,7924
15006,9873
15007,9194
15008,9830
15009,9893
15010,4862
15011,1114
15012,1280
15013,9611
15014,3656
15015,5097
15016,9532
15017,4733
15018,2064
15019,9155
15020,6668
15021,1852
15022,2812
15023,7745
15024,8211
15025,8323
15026,6115
15027,2570
15028,3047
15029,8642
15030,2759
15031,600
15032,1378
15033,1371
15034,8138
15035,3783
15036,2074
15037,2425
15038,2961
15039,5626
15040,7985
15041,7111
15042,9778
15043,5013
15044,8316
15045,6253
15046,6591
15047,9570
15048,8340
15049,4933
15050,6477
15051,4951
15052,6447
15053,6086
15054,5658
15055,8011
15056,1325
15057,83
15058,8685
15059,1559
15060,1369
15061,1906
15062,6669
15063,5256
15064,6977
15065,6671
15066,520
15067,8624
15068,2442
15069,1916
15070,9160
15071,9026
15072,74
15073,4938
15074,4720
15075,6134
15076,7847
15077,810
15078,6073
15079,8479
15080,6119
15081,9919
15082,6669
15083,1248
15084,6592
15085,4533
15086,5630
15087,1496
15088,4691
15089,4480
15090,5629
15091,8294
15092,7187
15093,5451
15094,1850
15095,5407
15096,1631
15097,1571
15098,5859
15099,1426
15100,4200
15101,5064
15102,1140
15103,9615
15104,3607
15105,2128
15106,673
15107,2644
15108,2784
15109,6204
15110,3979
15111,3500
15112,9773
15113,1533
15114,8063
15115,997
15116,7925
15117,6413
15118,5331
15119,3855
15120,6311
15121,108
15122,2298
15123,9716
15124,4307
15125,8835
15126,7806
15127,7273
15128,8780
15129,3969
15130,7395
15131,8474
15132,5348
15133,4891
15134,3964
15135,3937
15136,8654
15137,9377
15138,4921
15139,423
15140,1560
15141,4536
15142,7151
15143,6581
15144,1956
15145,5213
15146,201
15147,50
15148,5902
15149,9534
15150,3459
15151,8337
15152,5919
15153,1951
15154,9767
15155,4231
15156,7534
15157,6553
15158,6232
15159,8590
15160,1568
15161,2131
15162,1038
15163,8283
15164,5666
15165,8977
15166,3048
15167,1888
15168,2281
15169,1617
15170,3149
15171,615
15172,4745
15173,3675
15174,5862
15175,5472
15176,2154
15177,4280
15178,8117
15179,1386
15180,3472
15181,357
15182,10
15183,72
15184,1793
15185,8427
15186,6576
15187,1052
15188,9046
15189,1244
15190,1994
15191,9480
15192,1604
15193,6267
15194,1962
15195,1705
15196,964
15197,3301
15198,8558
15199,978
15200,251
15201,4244
15202,8348
15203,7359
15204,5171
15205,8744
15206,8893
15207,1035
15208,3369
15209,5267
15210,5746
15211,7689
15212,2961
15213,8931
15214,7399
15215,2565
15216,1160
15217,1745
15218,7941
15219,1048
15220,6379
15221,7137
15222,2922
15223,4850
15224,1252
15225,8974
15226,8108
15227,3422
15228,2509
15229,7170
15230,6120
15231,3555
15232,1223
15233,428
15234,4970
15235,798
15236,1881
15237,2035
15238,6274
15239,2456
15240,7439
15241,4833
15242,8762
15243,2661
15244,549
15245,6509
15246,4765
15247,5969
15248,3299
15249,5556
15250,2768
15251,5321
15252,4117
15253,1905
15254,2510
15255,2839
15256,57
15257,2374
15258,5676
15259,6468
15260,8955
15261,8187
15262,7640
15263,7941
15264,7068
15265,2812
15266,8604
15267,2096
15268,6734
15269,6165
15270,1159
15271,72
15272,3163
15273,9210
15274,5948
15275,9524
15276,761
15277,7786
15278,8859
15279,9862
15280,710
15281,9282
15282,1550
15283,3042
15284,6177
15285,6374
15286,1993
15287,8516
15288,5806
15289,7658
15290,7904
15291,2324
15292,7969
15293,1659
15294,7710
15295,6910
15296,3810
15297,2488
15298,9977
15299,7064
15300,6069
15301,9969
15302,8443
15303,6219
15304,7125
15305,2266
15306,3378
15307,7397
15308,8568
15309,2837
15310,9454
15311,2497
15312,3613
15313,3531
15314,4527
15315,1653
15316,1222
15317,7355
15318,4713
15319,5444
15320,29
15321,685
15322,4487
15323,618
15324,6296
15325,71
15326,9467
15327,1164
15328,9830
15329,9828
15330,3726
15331,5252
15332,5569
15333,5032
15334,6495
15335,1452
15336,1663
15337,2512
15338,3279
15339,291
15340,9226
15341,3413
15342,1245
15343,4770
15344,6950
15345,795
15346,9869
15347,3204
15348,4799
15349,3785
15350,5360
15351,543
15352,8603
15353,3673
15354,139
15355,2969
15356,1868
15357,3659
15358,3107
15359,3522
15360,4870
15361,9422
15362,8843
15363,733
15364,747
15365,1309
15366,3490
15367,349
15368,162
15369,5694
15370,9623
15371,3061
15372,436
15373,7156
15374,8135
15375,6357
15376,9337
15377,2382
15378,8136
15379,959
15380,7705
15381,1383
15382,7092
15383,9158
15384,9903
15385,2492
15386,7603
15387,9505
15388,380
15389,7847
15390,2306
15391,7044
15392,6334
15393,7152
15394,7038
15395,6489
15396,4155
15397,4031
15398,2374
15399,5240
15400,5980
15401,8964
15402,7310
15403,6765
15404,1014
15405,7067
15406,3765
15407,2856
15408,6272
15409,8551
15410,2974
15411,8888
15412,4647
15413,2765
15414,3634
15415,2742
15416,6483
15417,6361
15418,1703
15419,694
15420,2929
15421,7176
15422,3766
15423,5464
15424,3293
15425,4701
15426,6838
15427,7360
15428,1166
15429,3071
15430,7167
15431,5929
15432,5903
15433,4455
15434,6446
15435,1302
15436,9762
15437,9185
15438,7912
15439,2077
15440,1989
15441,1746
15442,1928
15443,710
15444,4056
15445,2083
15446,4671
15447,404
15448,3058
15449,3462
15450,532
15451,9764
15452,8751
15453,1478
15454,6240
15455,8126
15456,9034
15457,6821
15458,1431
15459,7997
15460,295
15461,2755
15462,7118
15463,4474
15464,1455
15465,5847
15466,1476
15467,9978
15468,7177
15469,9116
15470,8489
15471,4436
15472,5942
15473,1188
15474,2561
15475,4380
15476,9790
15477,6332
15478,9977
15479,4872
15480,9189
15481,5865
15482,1213
15483,7359
15484,6396
15485,1129
15486,8398
15487,3985
15488,8727
15489,9612
15490,1302
15491,9396
15492,3665
15493,4796
15494,2227
15495,6600
15496,1027
15497,5186
15498,3600
15499,8249
15500,9029
15501,6186
15502,6657
15503,4732
15504,6025
15505,5132
15506,7693
15507,2099
15508,2066
15509,9020
15510,3690
15511,4895
15512,3124
15513,7393
15514,1639
15515,1553
15516,7522
15517,5779
15518,1914
15519,1446
15520,5041
15521,3327
15522,4126
15523,9200
15524,9633
15525,4562
15526,5573
15527,6133
15528,3071
15529,8099
15530,8466
15531,3741
15532,6337
15533,3327
15534,2056
15535,3154
15536,3231
15537,5074
15538,9455
15539,732
15540,7785
15541,7574
15542,8285
15543,4845
15544,3829
15545,3374
15546,9959
15547,6099
15548,4328
15549,6946
15550,2790
15551,7408
15552,2462
15553,5298
15554,8530
15555,435
15556,8971
15557,3985
15558,8809
15559,6679
15560,2134
15561,1310
15562,5025
15563,8667
15564,1974
15565,5577
15566,5289
15567,2370
15568,2049
15569,1194
15570,3944
15571,5804
15572,8182
15573,787
15574,3389
15575,2428
15576,4087
15577,2449
15578,7814
15579,5279
15580,5597
15581,1999
15582,7878
15583,9268
15584,954
15585,8230
15586,1907
15587,5761
15588,5160
15589,1707
15590,5895
15591,1675
15592,9772
15593,9935
15594,8961
15595,9553
15596,9470
15597,1795
15598,5958
15599,2617
15600,8600
15601,2640
15602,7670
15603,9871
15604,248
15605,3546
15606,3871
15607,9348
15608,9759
15609,8501
15610,7909
15611,7155
15612,5871
15613,258
15614,4333
15615,7111
15616,2870
15617,733
15618,579
15619,8421
15620,9596
15621,2844
15622,7938
15623,6681
15624,2132
15625,4010
15626,3099
15627,7175
15628,7220
15629,59
15630,524
15631,4681
15632,7759
15633,1175
15634,424
15635,1114
15636,4868
15637,3366
15638,2426
15639,5621
15640,5475
15641,8405
15642,7202
15643,5682
15644,8270
15645,8717
15646,3573
15647,6393
15648,9666
15649,9854
15650,8908
15651,9827
15652,6843
15653,4762
15654,8133
15655,3795
15656,9547
15657,8545
15658,8737
15659,8556
15660,5033
15661,992
15662,1355
15663,5701
15664,6012
15665,536
15666,6657
15667,7262
15668,940
15669,2292
15670,1956
15671,3370
15672,9795
15673,8122
15674,2935
15675,3635
15676,5479
15677,1233
15678,7120
15679,9167
15680,5002
15681,8824
15682,4797
15683,6828
15684,4736
15685,2382
15686,3309
15687,9370
15688,6461
15689,8593
15690,3819
15691,2417
15692,4874
15693,5037
15694,4270
15695,4838
15696,8782
15697,9022
15698,9449
15699,8325
15700,1884
15701,8725
15702,3133
15703,4234
15704,5264
15705,3208
15706,7092
15707,1220
15708,9228
15709,5414
15710,4127
15711,5439
15712,8699
15713,9895
15714,4768
15715,8192
15716,8926
15717,385
15718,7423
15719,4408
15720,3869
15721,1696
15722,5022
15723,266
15724,3610
15725,60
15726,6600
15727,7447
15728,604
15729,4741
15730,3883
15731,9274
15732,5758
15733,5247
15734,1486
15735,4880
15736,8042
15737,3030
15738,6076
15739,8063
15740,9866
15741,9597
15742,8076
15743,8177
15744,4790
15745,4055
15746,2243
15747,8127
15748,6369
15749,4207
15750,9508
15751,9839
15752,9342
15753,625
15754,1576
15755,9178
15756,9518
15757,2349
15758,8119
15759,7384
15760,6717
15761,388
15762,3475
15763,6015
15764,2281
15765,9248
15766,1017
15767,6810
15768,119
15769,2781
15770,3893
15771,2610
15772,5528
15773,3253
15774,1015
15775,315
15776,5711
15777,968
15778,9155
15779,5280
15780,7605
15781,3548
15782,7030
15783,1640
15784,9993
15785,2613
15786,8268
15787,9036
15788,215
15789,9916
15790,9734
15791,5701
15792,6151
15793,3155
15794,3130
15795,6738
15796,8909
15797,6040
15798,188
15799,5177
15800,122
15801,8958
15802,9098
15803,8360
15804,8987
15805,1813
15806,2308
15807,1552
15808,7269
15809,2164
15810,8776
15811,1391
15812,5912
15813,1232
15814,1511
15815,9060
15816,3584
15817,3739
15818,7750
15819,3201
15820,9798
15821,7486
15822,1571
15823,2532
15824,2401
15825,2685
15826,2193
15827,8478
15828,8076
15829,2088
15830,4352
15831,1130
15832,5429
15833,3380
15834,1918
15835,3530
15836,4317
15837,4506
15838,4760
15839,507
15840,7001
15841,3597
15842,2423
15843,3810
15844,8664
15845,6181
15846,3467
15847,8474
15848,6979
15849,1160
15850,7464
15851,5217
15852,28
15853,9818
15854,3188
15855,5587
15856,4091
15857,6464
15858,8613
15859,8943
15860,2681
15861,6397
15862,6843
15863,2634
15864,5509
15865,524
15866,216
15867,957
15868,1838
15869,6871
15870,6104
15871,6355
15872,2177
15873,7989
15874,5936
15875,6542
15876,5666
15877,5953
15878,9858
15879,8803
15880,5449
15881,8913
15882,1213
15883,7010
15884,9593
15885,6649
15886,7699
15887,7523
15888,6636
15889,7396
15890,3141
15891,7144
15892,3740
15893,2676
15894,559
15895,4751
15896,1254
15897,4022
15898,9047
15899,6206
15900,4555
15901,6215
15902,7200
15903,8245
15904,668
15905,7005
15906,5786
15907,5303
15908,1701
15909,9567
15910,7745
15911,3140
15912,7054
15913,4543
15914,5557
15915,977
15916,1414
15917,8687
15918,9957
15919,3640
15920,2978
15921,7279
15922,1589
15923,6002
15924,60
15925,6462
15926,5163
15927,9861
15928,6033
15929,4310
15930,2797
15931,2165
15932,7029
15933,5370
15934,4240
15935,9816
15936,7617
15937,8608
15938,4207
15939,9586
15940,5422
15941,4509
15942,4919
15943,7179
15944,9831
15945,3272
15946,9228
15947,2999
15948,7664
15949,2234
15950,5386
15951,2930
15952,7711
15953,6551
15954,5625
15955,4325
15956,6110
15957,2793
15958,9615
15959,2818
15960,3341
15961,2188
15962,807
15963,2856
15964,939
15965,4828
15966,3101
15967,2272
15968,9535
15969,9476
15970,7559
15971,3490
15972,3352
15973,6063
15974,7584
15975,7869
15976,9419
15977,9666
15978,4184
15979,7157
15980,4780
15981,5843
15982,8215
15983,7012
15984,2303
15985,2055
15986,1047
15987,6252
15988,9661
15989,8458
15990,6172
15991,4083
15992,1293
15993,6742
15994,5955
15995,3497
15996,2194
15997,8560
15998,3197
15999,9427
16000,5505
16001,2307
16002,7107
16003,8479
16004,3554
16005,6841
16006,401
16007,978
16008,5161
16009,4374
16010,3317
16011,6135
16012,4380
16013,4848
16014,8287
16015,3144
16016,1064
16017,3739
16018,2679
16019,285
16020,5727
16021,9307
16022,8032
16023,8010
16024,138
16025,7087
16026,4336
16027,3578
16028,7632
16029,8090
16030,2412
16031,1657
16032,3566
16033,2203
16034,3114
16035,4365
16036,2144
16037,9044
16038,3913
16039,3623
16040,8593
16041,2289
16042,9102
16043,1162
16044,1304
16045,8667
16046,5299
16047,3255
16048,6078
16049,6726
16050,6664
16051,8689
16052,2948
16053,2636
16054,959
16055,9251
16056,4085
16057,9592
16058,9285
16059,1668
16060,6942
16061,8063
16062,6969
16063,1827
16064,8392
16065,470
16066,7981
16067,6025
16068,6386
16069,2531
16070,3486
16071,2715
16072,4376
16073,9359
16074,37
16075,4241
16076,6558
16077,3034
16078,1274
16079,9057
16080,6597
16081,6587
16082,1261
16083,3880
16084,1336
16085,6187
16086,9227
16087,371
16088,1228
16089,615
16090,5969
16091,1680
16092,4453
16093,1287
16094,408
16095,2182
16096,2820
16097,6284
16098,5691
16099,2949
16100,9023
16101,954
16102,5975
16103,6358
16104,7780
16105,7109
16106,1206
16107,1222
16108,833
16109,7094
16110,545
16111,3020
16112,7547
16113,959
16114,553
16115,3910
16116,4234
16117,2876
16118,2256
16119,1846
16120,8278
16121,8570
16122,6986
16123,358
16124,4611
16125,4343
16126,5409
16127,5706
16128,1465
16129,2195
16130,7446
16131,3821
16132,7319
16133,8096
16134,3692
16135,1856
16136,1864
16137,2995
16138,2904
16139,7506
16140,568
16141,2906
16142,1264
16143,1691
16144,5281
16145,6293
16146,8864
16147,3335
16148,1251
16149,3153
16150,3047
16151,8363
16152,1791
16153,4685
16154,1487
16155,7158
16156,7561
16157,116
16158,2678
16159,4945
16160,7280
16161,1174
16162,1167
16163,2256
16164,6663
16165,8868
16166,7659
16167,521
16168,8451
16169,898
16170,9225
16171,7993
16172,8801
16173,3032
16174,2540
16175,6325
16176,2074
16177,9960
16178,5423
16179,6547
16180,3579
16181,1252
16182,4339
16183,1935
16184,3405
16185,450
16186,5241
16187,8191
16188,2753
16189,8049
16190,8208
16191,1596
16192,835
16193,3834
16194,1278
16195,7625
16196,3446
16197,8099
16198,1320
16199,9829
16200,9238
16201,487
16202,8916
16203,9878
16204,2172
16205,518
16206,7329
16207,391
16208,9382
16209,1855
16210,7310
16211,9920
16212,9302
16213,8919
16214,7727
16215,8519
16216,4639
16217,5714
16218,1786
16219,8113
16220,2294
16221,1254
16222,1343
16223,3679
16224,1210
16225,1804
16226,6191
16227,1464
16228,1943
16229,756
16230,7380
16231,9042
16232,7983
16233,6837
16234,9290
16235,802
16236,6937
16237,1277
16238,9752
16239,6379
16240,2700
16241,7884
16242,302
16243,6874
16244,4032
16245,9606
16246,1658
16247,5181
16248,9599
16249,1703
16250,6720
16251,1047
16252,3862
16253,5469
16254,9764
16255,9314
16256,7058
16257,6194
16258,9493
16259,1171
16260,1039
16261,988
16262,8719
16263,8984
16264,5139
16265,147
16266,8955
16267,4818
16268,2465
16269,7402
16270,8781
16271,3276
16272,4659
16273,8597
16274,5263
16275,5438
16276,5995
16277,2599
16278,7186
16279,3044
16280,179
16281,3249
16282,3425
16283,3578
16284,3494
16285,4845
16286,1851
16287,6888
16288,4562
16289,6854
16290,3036
16291,6199
16292,3975
16293,7194
16294,9803
16295,5489
16296,5390
16297,1156
16298,4336
16299,121
16300,602
16301,7423
16302,8189
16303,1248
16304,5993
16305,2804
16306,3608
16307,3813
16308,1536
16309,7919
16310,1979
16311,9153
16312,1512
16313,4477
16314,6417
16315,8311
16316,2364
16317,5329
16318,235
16319,3021
16320,4136
16321,623
16322,108
16323,5468
16324,9012
16325,5926
16326,3347
16327,2709
16328,5927
16329,7527
16330,1029
16331,3035
16332,3538
16333,3896
16334,6241
16335,5192
16336,5588
16337,6739
16338,6971
16339,6023
16340,806
16341,1967
16342,3076
16343,2690
16344,4451
16345,2958
16346,3741
16347,1111
16348,5494
16349,9239
16350,4241
16351,8993
16352,9980
16353,991
16354,9467
16355,5180
16356,8945
16357,2441
16358,8576
16359,9955
16360,6359
16361,3907
16362,7558
16363,2001
16364,2938
16365,5440
16366,3456
16367,6785
16368,8793
16369,5171
16370,2579
16371,2882
16372,9378
16373,1345
16374,5423
16375,122
16376,3782
16377,5304
16378,1997
16379,4839
16380,1995
16381,5101
16382,262
16383,8325
16384,9438
16385,633
16386,3166
16387,3399
16388,3427
16389,9857
16390,9468
16391,2955
16392,9362
16393,8642
16394,2102
16395,2715
16396,3769
16397,5122
16398,563
16399,4914
16400,1122
16401,2787
16402,7107
16403,1324
16404,3503
16405,8300
16406,7483
16407,7025
16408,9681
16409,5720
16410,1232
16411,4593
16412,5530
16413,7882
16414,9206
16415,8678
16416,5441
16417,9337
16418,1715
16419,527
16420,1230
16421,2516
16422,4335
16423,9393
16424,5489
16425,7446
16426,3100
16427,6507
16428,5178
16429,7003
16430,983
16431,5287
16432,8267
16433,6102
16434,2916
16435,580
16436,317
16437,3752
16438,8984
16439,775
16440,8974
16441,7824
16442,7745
16443,8046
16444,7606
16445,549
16446,7995
16447,2059
16448,3293
16449,4685
16450,1673
16451,6486
16452,9249
16453,3449
16454,8707
16455,7153
16456,3257
16457,3510
16458,1920
16459,742
16460,3523
16461,9773
16462,4619
16463,4466
16464,3345
16465,8178
16466,7066
16467,2763
16468,1382
16469,9646
16470,3386
16471,8491
16472,73
16473,3955
16474,339
16475,4868
16476,1973
16477,3098
16478,150
16479,4549
16480,2483
16481,5604
16482,3913
16483,5374
16484,459
16485,4456
16486,4704
16487,4816
16488,879
16489,6089
16490,7317
16491,3669
16492,3612
16493,8594
16494,9043
16495,2458
16496,7602
16497,2963
16498,5141
16499,1368
16500,9192
16501,9240
16502,8229
16503,397
16504,842
16505,8451
16506,9730
16507,4203
16508,1848
16509,9562
16510,9525
16511,901
16512,5598
16513,1315
16514,5293
16515,4558
16516,4202
16517,6462
16518,8463
16519,2350
16520,1803
16521,6404
16522,334
16523,9187
16524,7858
16525,8124
16526,6654
16527,4792
16528,9941
16529,3147
16530,3908
16531,845
16532,4164
16533,2788
16534,9598
16535,6419
16536,9878
16537,4323
16538,5656
16539,7618
16540,3731
16541,7921
16542,1681
16543,926
16544,5598
16545,9119
16546,9335
16547,6506
16548,1846
16549,2148
16550,4017
16551,1915
16552,3999
16553,3495
16554,4807
16555,2742
16556,7724
16557,1331
16558,3364
16559,9730
16560,7111
16561,4753
16562,8961
16563,7024
16564,3422
16565,7835
16566,1367
16567,3491
16568,9150
16569,1776
16570,8229
16571,7173
16572,2480
16573,169
16574,2902
16575,5336
16576,4123
16577,7759
16578,7808
16579,5009
16580,1580
16581,9038
16582,3415
16583,5537
16584,5858
16585,6827
16586,1637
16587,6153
16588,8406
16589,6568
16590,5282
16591,7891
16592,8993
16593,3757
16594,9307
16595,9292
16596,1617
16597,5084
16598,7163
16599,6743
16600,76
16601,8010
16602,7655
16603,9480
16604,4168
16605,9015
16606,412
16607,7935
16608,4176
16609,2935
16610,3003
16611,9288
16612,781
16613,7381
16614,9871
16615,5723
16616,8177
16617,1566
16618,1161
16619,5324
16620,1227
16621,3954
16622,8049
16623,2052
16624,6313
16625,8907
16626,2679
16627,2123
16628,2987
16629,4388
16630,7237
16631,6271
16632,432
16633,8732
16634,100
16635,3382
16636,6046
16637,1952
16638,3815
16639,9442
16640,9960
16641,107
16642,1489
16643,4636
16644,5157
16645,3657
16646,5453
16647,89
16648,5587
16649,2233
16650,2579
16651,9974
16652,4528
16653,1133
16654,2633
16655,1413
16656,2588
16657,341
16658,7495
16659,749
16660,8243
16661,4990
16662,3888
16663,1959
16664,3470
16665,2138
16666,4507
16667,2164
16668,5240
16669,7454
16670,1247
16671,9968
16672,8707
16673,5250
16674,4825
16675,9596
16676,266
16677,1730
16678,7357
16679,7086
16680,1081
16681,1632
16682,2076
16683,9271
16684,8652
16685,907
16686,5185
16687,8283
16688,8938
16689,4184
16690,5791
16691,3954
16692,6436
16693,5445
16694,9893
16695,9381
16696,2945
16697,5843
16698,8098
16699,471
16700,126
16701,5795
16702,6517
16703,9856
16704,5840
16705,4571
16706,8137
16707,669
16708,2132
16709,1596
16710,4692
16711,6809
16712,8836
16713,6997
16714,7985
16715,2892
16716,5259
16717,2821
16718,5537
16719,1894
16720,9720
16721,8823
16722,5083
16723,9739
16724,5426
16725,5810
16726,6905
16727,6325
16728,4940
16729,2375
16730,864
16731,2738
16732,925
16733,7183
16734,4948
16735,141
16736,9318
16737,3603
16738,9062
16739,303
16740,9201
16741,3695
16742,8026
16743,7772
16744,6856
16745,7594
16746,7320
16747,5366
16748,296
16749,8651
16750,6596
16751,5313
16752,3126
16753,5884
16754,6980
16755,8158
16756,8454
16757,9621
16758,1245
16759,1009
16760,3770
16761,4126
16762,4421
16763,5567
16764,9648
16765,5362
16766,3693
16767,2271
16768,1863
16769,8801
16770,6905
16771,3000
16772,872
16773,4537
16774,1229
16775,3805
16776,537
16777,7379
16778,2932
16779,5859
16780,1172
16781,856
16782,6969
16783,3096
16784,9972
16785,3293
16786,3333
16787,455
16788,1035
16789,9973
16790,1369
16791,8220
16792,6123
16793,8762
16794,481
16795,37
16796,8761
16797,3246
16798,9146
16799,3958
16800,6182
16801,1989
16802,4931
16803,9017
16804,2336
16805,2340
16806,7656
16807,1012
16808,9744
16809,6458
16810,6847
16811,6477
16812,9431
16813,7364
16814,2539
16815,1440
16816,3922
16817,1542
16818,1902
16819,1431
16820,8592
16821,5778
16822,2828
16823,5627
16824,1205
16825,6239
16826,9059
16827,5315
16828,9718
16829,8087
16830,9355
16831,852
16832,5210
16833,5931
16834,9884
16835,304
16836,6107
16837,6422
16838,8846
16839,6688
16840,5030
16841,5753
16842,120
16843,8785
16844,9688
16845,4874
16846,1658
16847,6391
16848,2391
16849,115
16850,5828
16851,9896
16852,9935
16853,391
16854,4366
16855,5928
16856,1326
16857,5464
16858,4084
16859,4814
16860,916
16861,7631
16862,672
16863,6728
16864,8664
16865,952
16866,8359
16867,6425
16868,3319
16869,1336
16870,2116
16871,4809
16872,8849
16873,2948
16874,2493
16875,1385
16876,7866
16877,254
16878,2358
16879,9069
16880,489
16881,1945
16882,5767
16883,97
16884,9442
16885,8774
16886,9015
16887,188
16888,9927
16889,172
16890,2650
16891,9207
16892,2358
16893,2431
16894,4308
16895,4152
16896,4513
16897,1227
16898,2484
16899,939
16900,7968
16901,8518
16902,1512
16903,430
16904,5840
16905,4368
16906,1459
16907,5821
16908,8629
16909,7881
16910,8598
16911,8997
16912,116
16913,4059
16914,8299
16915,1913
16916,7659
16917,3580
16918,5386
16919,52
16920,6395
16921,1587
16922,6075
16923,5895
16924,8586
16925,3587
16926,3248
16927,5254
16928,9898
16929,2144
16930,3902
16931,4331
16932,5786
16933,5838
16934,3825
16935,305
16936,423
16937,5966
16938,6288
16939,6678
16940,8205
16941,187
16942,8947
16943,4364
16944,8853
16945,5924
16946,5492
16947,3281
16948,6697
16949,5402
16950,299
16951,9004
16952,8435
16953,417
16954,703
16955,1179
16956,8633
16957,7792
16958,9184
16959,3054
16960,5540
16961,5002
16962,3934
16963,6980
16964,3322
16965,4328
16966,1698
16967,477
16968,9547
16969,2432
16970,7289
16971,4517
16972,4731
16973,5381
16974,9213
16975,7551
16976,9879
16977,1496
16978,9618
16979,9559
16980,9593
16981,9780
16982,3759
16983,8069
16984,2513
16985,7865
16986,7065
16987,409
16988,4392
16989,1549
16990,8438
16991,7195
16992,4920
16993,9129
16994,4519
16995,6061
16996,6162
16997,8621
16998,4134
16999,2405
17000,8862
17001,3960
17002,459
17003,389
17004,9452
17005,7295
17006,2311
17007,7720
17008,5802
17009,8928
17010,9669
17011,7226
17012,4915
17013,6009
17014,8617
17015,7132
17016,609
17017,7298
17018,7931
17019,1577
17020,1104
17021,9649
17022,9694
17023,6201
17024,1468
17025,9410
17026,8056
17027,4944
17028,1364
17029,6483
17030,8414
17031,3904
17032,8042
17033,2973
17034,3052
17035,6983
17036,7149
17037,6940
17038,1742
17039,7880
17040,5350
17041,5121
17042,3091
17043,7812
17044,9472
17045,7537
17046,4878
17047,1539
17048,1091
17049,8004
17050,3541
17051,9353
17052,9924
17053,726
17054,6239
17055,214
17056,6794
17057,4104
17058,5492
17059,5750
17060,9534
17061,7229
17062,6164
17063,4852
17064,8113
17065,9439
17066,2028
17067,5061
17068,8719
17069,7845
17070,1448
17071,4096
17072,5137
17073,2062
17074,7539
17075,7157
17076,4378
17077,4527
17078,2322
17079,5587
17080,8983
17081,1254
17082,2426
17083,6500
17084,6178
17085,9177
17086,5849
17087,8618
17088,8416
17089,9337
17090,7107
17091,5019
17092,1592
17093,8934
17094,7886
17095,2437
17096,5731
17097,8433
17098,4940
17099,4363
17100,7842
17101,5385
17102,412
17103,6577
17104,4875
17105,8156
17106,74
17107,2247
17108,7780
17109,9151
17110,182
17111,7945
17112,2685
17113,9452
17114,4015
17115,6554
17116,8839
17117,958
17118,1704
17119,4767
17120,6292
17121,152
17122,6011
17123,6662
17124,4591
17125,5097
17126,1470
17127,3897
17128,8494
17129,9845
17130,847
17131,9239
17132,5856
17133,8473
17134,2379
17135,9007
17136,3184
17137,5995
17138,892
17139,9033
17140,3181
17141,2050
17142,6742
17143,9796
17144,6382
17145,9828
17146,5995
17147,7572
17148,5910
17149,7975
17150,5326
17151,8475
17152,599
17153,8784
17154,5073
17155,3643
17156,2000
17157,6525
17158,1268
17159,2876
17160,3748
17161,581
17162,8746
17163,4232
17164,647
17165,8242
17166,4892
17167,4402
17168,9822
17169,3682
17170,9501
17171,7267
17172,4721
17173,5653
17174,169
17175,9933
17176,5948
17177,9934
17178,590
17179,8421
17180,7596
17181,4484
17182,9951
17183,7083
17184,9672
17185,5069
17186,4338
17187,1404
17188,931
17189,2783
17190,4472
17191,4586
17192,3444
17193,6743
17194,9320
17195,1875
17196,734
17197,721
17198,7720
17199,5090
17200,400
17201,9272
17202,4497
17203,8126
17204,6757
17205,6076
17206,4504
17207,3582
17208,7779
17209,2321
17210,6783
17211,6915
17212,3652
17213,6348
17214,2619
17215,9632
17216,6250
17217,7816
17218,767
17219,5096
17220,6230
17221,9941
17222,5612
17223,9336
17224,6131
17225,8966
17226,2735
17227,3378
17228,3507
17229,8184
17230,9874
17231,5652
17232,8784
17233,4776
17234,4643
17235,1831
17236,1195
17237,1647
17238,7246
17239,8390
17240,1756
17241,5807
17242,8099
17243,2630
17244,7607
17245,8012
17246,6117
17247,9386
17248,2803
17249,2510
17250,8371
17251,4935
17252,1090
17253,9465
17254,4874
17255,4463
17256,2258
17257,1335
17258,3883
17259,1698
17260,2995
17261,2086
17262,9731
17263,1471
17264,9604
17265,82
17266,6040
17267,4621
17268,2806
17269,7727
17270,4526
17271,2503
17272,4241
17273,3586
17274,8110
17275,5738
17276,42
17277,4383
17278,3608
17279,2402
17280,6715
17281,6800
17282,2687
17283,1411
17284,827
17285,6213
17286,9862
17287,4572
17288,4733
17289,2448
17290,6838
17291,1220
17292,6651
17293,609
17294,5490
17295,1856
17296,6602
17297,7871
17298,1897
17299,689
17300,3262
17301,1845
17302,2187
17303,8152
17304,158
17305,1505
17306,1754
17307,1656
17308,3005
17309,6653
17310,9874
17311,7388
17312,8859
17313,3677
17314,9255
17315,586
17316,4789
17317,8197
17318,2982
17319,7766
17320,3958
17321,6554
17322,2055
17323,1637
17324,1498
17325,9137
17326,3573
17327,9916
17328,1812
17329,9622
17330,3601
17331,3530
17332,5906
17333,7653
17334,7051
17335,3321
17336,2315
17337,7885
17338,1977
17339,8019
17340,5472
17341,6907
17342,3468
17343,8595
17344,4788
17345,3740
17346,4375
17347,7557
17348,37
17349,3501
17350,6433
17351,5311
17352,6170
17353,1183
17354,348
17355,9270
17356,851
17357,303
17358,9524
17359,6568
17360,1657
17361,4908
17362,4536
17363,5624
17364,3811
17365,8290
17366,7386
17367,909
17368,3487
17369,1754
17370,6106
17371,2263
17372,1643
17373,7011
17374,7030
17375,9063
17376,8159
17377,4711
17378,6745
17379,1023
17380,3309
17381,1516
17382,4813
17383,987
17384,1827
17385,4911
17386,9150
17387,6808
17388,483
17389,577
17390,7976
17391,2268
17392,8130
17393,4320
17394,1992
17395,1106
17396,6620
17397,3580
17398,6507
17399,3656
17400,2429
17401,4289
17402,683
17403,2812
17404,7322
17405,2379
17406,4540
17407,1076
17408,5442
17409,8083
17410,697
17411,78
17412,6784
17413,429
17414,6901
17415,5603
17416,6114
17417,3902
17418,449
17419,9488
17420,1218
17421,9280
17422,2573
17423,7476
17424,1263
17425,3219
17426,3559
17427,624
17428,3088
17429,3500
17430,3553
17431,8112
17432,1910
17433,5690
17434,6761
17435,5872
17436,1722
17437,2339
17438,1204
17439,6791
17440,8172
17441,4916
17442,1388
17443,9514
17444,759
17445,5302
17446,310
17447,4705
17448,4634
17449,3847
17450,287
17451,3927
17452,7317
17453,2171
17454,1399
17455,8892
17456,4742
17457,3478
17458,6151
17459,5979
17460,3826
17461,9141
17462,5047
17463,6004
17464,9948
17465,2461
17466,34
17467,5972
17468,2566
17469,7642
17470,70
17471,7685
17472,132
17473,5626
17474,1196
17475,5168
17476,7874
17477,9932
17478,4099
17479,2482
17480,7460
17481,2974
17482,8114
17483,1320
17484,8356
17485,2222
17486,9464
17487,6802
17488,9564
17489,9139
17490,8713
17491,8388
17492,1855
17493,7670
17494,1712
17495,400
17496,664
17497,5845
17498,4281
17499,8965
17500,3410
17501,5329
17502,6742
17503,6684
17504,1095
17505,5456
17506,4386
17507,1973
17508,9987
17509,5187
17510,4582
17511,7553
17512,8917
17513,252
17514,6520
17515,3925
17516,9725
17517,847
17518,3333
17519,2963
17520,9547
17521,1442
17522,6864
17523,7665
17524,8441
17525,8340
17526,8621
17527,313
17528,2172
17529,6496
17530,4112
17531,6884
17532,1178
17533,425
17534,5253
17535,159
17536,6534
17537,5909
17538,848
17539,6154
17540,9898
17541,9623
17542,7476
17543,1330
17544,1533
17545,5244
17546,6154
17547,562
17548,3766
17549,3681
17550,491
17551,609
17552,7687
17553,9366
17554,9205
17555,1992
17556,1644
17557,7840
17558,3007
17559,696
17560,5539
17561,1769
17562,7033
17563,6218
17564,7244
17565,2490
17566,9539
17567,7486
17568,7780
17569,124
17570,578
17571,9755
17572,7961
17573,2699
17574,4600
17575,3350
17576,2998
17577,3161
17578,3025
17579,9023
17580,6355
17581,3584
17582,7848
17583,1618
17584,569
17585,6631
17586,7136
17587,5575
17588,4445
17589,5660
17590,8813
17591,1891
17592,4179
17593,3873
17594,7446
17595,3718
17596,1719
17597,7870
17598,9963
17599,1702
17600,9447
17601,135
17602,1209
17603,6102
17604,2721
17605,9192
17606,9723
17607,6238
17608,6005
17609,8192
17610,5512
17611,5770
17612,5592
17613,2508
17614,2575
17615,6999
17616,4800
17617,5034
17618,8317
17619,1041
17620,1251
17621,1752
17622,5719
17623,6009
17624,4100
17625,8170
17626,6893
17627,5139
17628,4413
17629,6587
17630,4907
17631,173
17632,3320
17633,3398
17634,1005
17635,6171
17636,1887
17637,8113
17638,3274
17639,1358
17640,2261
17641,7300
17642,9795
17643,8028
17644,6600
17645,7668
17646,442
17647,5753
17648,5257
17649,7725
17650,3827
17651,1080
17652,4610
17653,8316
17654,9641
17655,9992
17656,1004
17657,4328
17658,4741
17659,6078
17660,7680
17661,4777
17662,967
17663,8297
17664,2164
17665,641
17666,9903
17667,6055
17668,707
17669,41
17670,6219
17671,4884
17672,5572
17673,8750
17674,2258
17675,6202
17676,9905
17677,6416
17678,1166
17679,8545
17680,5305
17681,6164
17682,2258
17683,9146
17684,3295
17685,9532
17686,2013
17687,3625
17688,9989
17689,3682
17690,7468
17691,2165
17692,3489
17693,61
17694,2169
17695,4400
17696,3661
17697,7366
17698,2122
17699,5775
17700,1364
17701,5630
17702,3764
17703,219
17704,6242
17705,7856
17706,6181
17707,247
17708,8537
17709,8085
17710,1586
17711,8701
17712,9766
17713,8992
17714,3550
17715,9337
17716,7267
17717,159
17718,1634
17719,7671
17720,2584
17721,4438
17722,7539
17723,4279
17724,7779
17725,2118
17726,3957
17727,7909
17728,4924
17729,6677
17730,2273
17731,9814
17732,3825
17733,587
17734,432
17735,2773
17736,1239
17737,3186
17738,8955
17739,697
17740,732
17741,756
17742,4347
17743,2722
17744,717
17745,8636
17746,493
17747,1543
17748,179
17749,1030
17750,7103
17751,6476
17752,857
17753,8897
17754,3356
17755,4023
17756,8088
17757,41
17758,8378
17759,7887
17760,6180
17761,7840
17762,9704
17763,2325
17764,75
17765,1938
17766,5021
17767,7543
17768,6235
17769,5457
17770,594
17771,6480
17772,6695
17773,5254
17774,8164
17775,7961
17776,1758
17777,7680
17778,2214
17779,1902
17780,7028
17781,3103
17782,983
17783,4034
17784,9644
17785,6625
17786,4339
17787,6725
17788,1487
17789,5699
17790,8972
17791,7339
17792,6454
17793,8507
17794,11
17795,8472
17796,6853
17797,9065
17798,5982
17799,7913
17800,5115
17801,7712
17802,2924
17803,5166
17804,8308
17805,3178
17806,2609
17807,5726
17808,2245
17809,2809
17810,7023
17811,9713
17812,5483
17813,28
17814,868
17815,9618
17816,5390
17817,3042
17818,4515
17819,9628
17820,5799
17821,2541
17822,7481
17823,4729
17824,4873
17825,4048
17826,2462
17827,2856
17828,8074
17829,6632
17830,9982
17831,8906
17832,9543
17833,3472
17834,1169
17835,4636
17836,7066
17837,3732
17838,3570
17839,6127
17840,6599
17841,9917
17842,6859
17843,2253
17844,8187
17845,1770
17846,5452
17847,9998
17848,7689
17849,2685
17850,7134
17851,5791
17852,3246
17853,5908
17854,8245
17855,8690
17856,4286
17857,4733
17858,9158
17859,5654
17860,1125
17861,1791
17862,8852
17863,1886
17864,5373
17865,8542
17866,3385
17867,2760
17868,9556
17869,3286
17870,458
17871,5547
17872,4182
17873,8999
17874,3506
17875,2192
17876,3336
17877,8847
17878,729
17879,1532
17880,6766
17881,6637
17882,1079
17883,5572
17884,7759
17885,4897
17886,4684
17887,2166
17888,7954
17889,4149
17890,5639
17891,7097
17892,5088
17893,6415
17894,6881
17895,642
17896,2209
17897,5363
17898,2920
17899,632
17900,6083
17901,370
17902,6375
17903,8411
17904,9132
17905,3953
17906,4879
17907,8138
17908,887
17909,4805
17910,7801
17911,2533
17912,6280
17913,8593
17914,6633
17915,5098
17916,7574
17917,7076
17918,6555
17919,2331
17920,8159
17921,8135
17922,8340
17923,8304
17924,5343
17925,8685
17926,7868
17927,4329
17928,5399
17929,1858
17930,3215
17931,2171
17932,1474
17933,653
17934,5361
17935,4563
17936,6528
17937,5733
17938,7956
17939,620
17940,4312
17941,1553
17942,1476
17943,9118
17944,6246
17945,1191
17946,2156
17947,2282
17948,9053
17949,4546
17950,729
17951,4690
17952,3482
17953,3652
17954,73
17955,569
17956,7456
17957,1743
17958,8871
17959,3904
17960,1552
17961,9473
17962,2425
17963,6100
17964,5227
17965,5397
17966,5189
17967,8197
17968,6653
17969,7670
17970,2468
17971,9365
17972,6038
17973,5457
17974,4569
17975,2759
17976,1958
17977,6316
17978,8261
17979,8102
17980,8534
17981,199
17982,6018
17983,7492
17984,305
17985,8378
17986,8178
17987,809
17988,9007
17989,7013
17990,9944
17991,8416
17992,2710
17993,8798
17994,9919
17995,9557
17996,9494
17997,5883
17998,4724
17999,6501
18000,8343
18001,2849
18002,3523
18003,9916
18004,1145
18005,6367
18006,2257
18007,6558
18008,4526
18009,4112
18010,1558
18011,6542
18012,4521
18013,2841
18014,9208
18015,3072
18016,7985
18017,3062
18018,7220
18019,3549
18020,536
18021,2817
18022,9397
18023,1763
18024,9874
18025,6892
18026,1664
18027,4851
18028,4051
18029,5034
18030,9049
18031,9069
18032,8975
18033,8744
18034,4427
18035,8987
18036,4645
18037,2893
18038,5894
18039,458
18040,3320
18041,4595
18042,8118
18043,4419
18044,7883
18045,6061
18046,8586
18047,304
18048,1248
18049,8051
18050,2826
18051,1108
18052,1747
18053,2199
18054,2775
18055,1232
18056,6559
18057,420
18058,2955
18059,8112
18060,4796
18061,9079
18062,796
18063,2119
18064,5456
18065,5845
18066,1996
18067,8136
18068,9080
18069,7310
18070,9809
18071,5719
18072,2413
18073,8272
18074,4411
18075,6711
18076,3305
18077,8963
18078,2131
18079,3592
18080,4207
18081,9831
18082,5710
18083,7242
18084,4298
18085,1095
18086,8655
18087,2631
18088,8820
18089,8838
18090,2358
18091,4884
18092,3046
18093,2359
18094,5753
18095,4442
18096,6185
18097,7275
18098,6113
18099,7368
18100,9273
18101,2041
18102,1259
18103,9497
18104,6818
18105,3566
18106,8529
18107,8998
18108,5309
18109,3104
18110,2987
18111,972
18112,5735
18113,5499
18114,1278
18115,5289
18116,382
18117,4390
18118,7627
18119,9806
18120,6289
18121,105
18122,4379
18123,3951
18124,7031
18125,9402
18126,3954
18127,5878
18128,5406
18129,8051
18130,141
18131,7300
18132,9592
18133,6526
18134,9351
18135,5916
18136,817
18137,60
18138,5287
18139,65
18140,3674
18141,753
18142,6040
18143,8141
18144,89
18145,2976
18146,3738
18147,4546
18148,135
18149,5823
18150,8420
18151,957
18152,604
18153,5040
18154,150
18155,3065
18156,9832
18157,9078
18158,4215
18159,5181
18160,7792
18161,2670
18162,6866
18163,6099
18164,5328
18165,2562
18166,3621
18167,8072
18168,1050
18169,8516
18170,7613
18171,4182
18172,2956
18173,3246
18174,3690
18175,4817
18176,1547
18177,3882
18178,1877
18179,1171
18180,3930
18181,5703
18182,3892
18183,7748
18184,8466
18185,6341
18186,5192
18187,9504
18188,9396
18189,1536
18190,8141
18191,4404
18192,1168
18193,4377
18194,4640
18195,3523
18196,1154
18197,78
18198,3727
18199,9028
18200,9371
18201,9185
18202,9654
18203,9241
18204,4733
18205,4223
18206,6423
18207,3476
18208,3036
18209,7008
18210,2757
18211,7281
18212,6181
18213,3865
18214,8763
18215,2213
18216,3429
18217,1154
18218,2709
18219,9753
18220,570
18221,1197
18222,3143
18223,3421
18224,1699
18225,4417
18226,2433
18227,1379
18228,6017
18229,6738
18230,8782
18231,986
18232,4282
18233,6507
18234,128
18235,1552
18236,4872
18237,3053
18238,982
18239,925
18240,6631
18241,9639
18242,596
18243,8552
18244,5635
18245,7364
18246,4601
18247,2572
18248,6849
18249,8474
18250,2937
18251,6205
18252,6286
18253,9966
18254,4300
18255,5892
18256,6456
18257,5177
18258,9972
18259,1532
18260,9033
18261,571
18262,3550
18263,1489
18264,6687
18265,1215
18266,6670
18267,8858
18268,599
18269,4336
18270,4914
18271,9573
18272,6431
18273,3769
18274,8949
18275,8665
18276,8955
18277,5946
18278,8784
18279,2215
18280,4124
18281,4037
18282,4826
18283,7198
18284,2818
18285,3613
18286,3923
18287,1429
18288,2177
18289,2154
18290,2177
18291,9762
18292,9378
18293,9470
18294,5901
18295,6546
18296,1176
18297,3585
18298,2851
18299,1880
18300,2896
18301,169
18302,7253
18303,3773
18304,1065
18305,343
18306,3606
18307,7617
18308,9093
18309,1372
18310,935
18311,5529
18312,2453
18313,3990
18314,7270
18315,1429
18316,69
18317,2534
18318,3807
18319,1588
18320,7211
18321,717
18322,8175
18323,5287
18324,1790
18325,2423
18326,7760
18327,2171
18328,8810
18329,318
18330,5449
18331,4317
18332,2374
18333,194
18334,5334
18335,5493
18336,255
18337,8440
18338,8193
18339,5934
18340,529
18341,3917
18342,286
18343,5111
18344,8807
18345,4583
18346,4613
18347,4063
18348,6822
18349,6083
18350,151
18351,1727
18352,7323
18353,5724
18354,409
18355,4773
18356,9724
18357,9536
18358,6265
18359,248
18360,3225
18361,7551
18362,3657
18363,5418
18364,9818
18365,6350
18366,2439
18367,3662
18368,9923
18369,6317
18370,9474
18371,5150
18372,2888
18373,1545
18374,8737
18375,6264
18376,958
18377,3951
18378,9223
18379,6613
18380,8635
18381,1413
18382,7829
18383,3521
18384,2945
18385,4888
18386,7516
18387,7601
18388,5070
18389,3343
18390,1612
18391,8430
18392,2206
18393,120
18394,9446
18395,6033
18396,4169
18397,3877
18398,9579
18399,7651
18400,5014
18401,9973
18402,8214
18403,7087
18404,3271
18405,672
18406,8895
18407,3400
18408,9383
18409,3028
18410,9706
18411,1912
18412,4181
18413,338
18414,9641
18415,6305
18416,3856
18417,234
18418,2530
18419,8074
18420,3724
18421,2417
18422,6693
18423,820
18424,6762
18425,3127
18426,4783
18427,3300
18428,2261
18429,4671
18430,4616
18431,9125
18432,6431
18433,3062
18434,8217
18435,4461
18436,4935
18437,2656
18438,9303
18439,9292
18440,2916
18441,1756
18442,4319
18443,9922
18444,458
18445,3022
18446,1578
18447,3501
18448,7320
18449,6893
18450,5994
18451,9249
18452,7098
18453,4778
18454,1074
18455,3831
18456,8769
18457,1446
18458,6107
18459,2493
18460,7729
18461,4810
18462,6392
18463,4839
18464,6163
18465,2804
18466,7622
18467,1107
18468,1648
18469,9860
18470,9327
18471,8465
18472,170
18473,9458
18474,5916
18475,8512
18476,8428
18477,8474
18478,7091
18479,4422
18480,3167
18481,2348
18482,5598
18483,1611
18484,5898
18485,3728
18486,5556
18487,1935
18488,8768
18489,2925
18490,6908
18491,8453
18492,5662
18493,3511
18494,7284
18495,1612
18496,7369
18497,523
18498,8643
18499,8202
18500,6511
18501,912
18502,5729
18503,9422
18504,8158
18505,2331
18506,865
18507,1027
18508,5289
18509,7722
18510,4690
18511,7082
18512,6634
18513,205
18514,4704
18515,9534
18516,4661
18517,7001
18518,9719
18519,2707
18520,1067
18521,5217
18522,2802
18523,430
18524,2824
18525,2850
18526,1041
18527,7649
18528,1501
18529,4985
18530,4957
18531,519
18532,1869
18533,5071
18534,1868
18535,9115
18536,5617
18537,2075
18538,2976
18539,6783
18540,7902
18541,9798
18542,4452
18543,9257
18544,9225
18545,3214
18546,585
18547,208
18548,7433
18549,1375
18550,7844
18551,2008
18552,5360
18553,6454
18554,1026
18555,3628
18556,35
18557,9760
18558,3734
18559,3468
18560,6603
18561,8672
18562,7290
18563,8079
18564,4756
18565,7599
18566,9087
18567,6988
18568,9077
18569,9143
18570,3051
18571,7775
18572,5414
18573,581
18574,8806
18575,4990
18576,8583
18577,1246
18578,2390
18579,7187
18580,1527
18581,1543
18582,5897
18583,7869
18584,3499
18585,4652
18586,9072
18587,2160
18588,5329
18589,3776
18590,4970
18591,6071
18592,5867
18593,4497
18594,7760
18595,9814
18596,1087
18597,1310
18598,6659
18599,7191
18600,8148
18601,2539
18602,3270
18603,373
18604,855
18605,3042
18606,1337
18607,8593
18608,3265
18609,5146
18610,7118
18611,3247
18612,9507
18613,5678
18614,6322
18615,8966
18616,5475
18617,508
18618,6072
18619,2954
18620,7962
18621,5866
18622,7848
18623,6087
18624,145
18625,9302
18626,4043
18627,6710
18628,4123
18629,6556
18630,8406
18631,4604
18632,571
18633,5410
18634,7343
18635,3324
18636,3970
18637,2221
18638,2381
18639,6984
18640,2691
18641,2816
18642,2265
18643,9102
18644,6392
18645,9952
18646,4909
18647,3169
18648,5666
18649,1462
18650,9445
18651,2332
18652,9872
18653,7107
18654,1778
18655,6106
18656,5195
18657,1179
18658,4720
18659,6600
18660,396
18661,2440
18662,1415
18663,133
18664,4007
18665,5919
18666,3906
18667,9826
18668,8076
18669,9383
18670,737
18671,7049
18672,7725
18673,3680
18674,1151
18675,4041
18676,8560
18677,3752
18678,2854
18679,2221
18680,982
18681,370
18682,2642
18683,3200
18684,4958
18685,1634
18686,1766
18687,7828
18688,5129
18689,6036
18690,8442
18691,6985
18692,985
18693,4328
18694,5933
18695,2323
18696,9507
18697,797
18698,2438
18699,8757
18700,6674
18701,9761
18702,7493
18703,1373
18704,3969
18705,8791
18706,1759
18707,6681
18708,550
18709,7644
18710,8492
18711,3945
18712,3968
18713,3869
18714,8060
18715,9457
18716,5341
18717,8209
18718,1667
18719,6195
18720,4438
18721,9458
18722,7247
18723,1049
18724,2126
18725,8886
18726,4028
18727,9999
18728,7556
18729,1834
18730,3544
18731,6680
18732,8264
18733,8462
18734,3581
18735,3202
18736,4963
18737,9690
18738,9332
18739,4285
18740,364
18741,5039
18742,2784
18743,598
18744,614
18745,8375
18746,363
18747,5444
18748,443
18749,8460
18750,877
18751,8797
18752,5774
18753,403
18754,3764
18755,4380
18756,4531
18757,7709
18758,4588
18759,8415
18760,2136
18761,8340
18762,4203
18763,3970
18764,673
18765,2842
18766,9275
18767,4584
18768,6381
18769,7634
18770,6302
18771,5187
18772,8363
18773,7016
18774,9702
18775,3188
18776,5556
18777,4500
18778,4906
18779,195
18780,4663
18781,1990
18782,4551
18783,7818
18784,839
18785,3529
18786,8018
18787,5919
18788,1235
18789,5784
18790,2854
18791,7357
18792,2743
18793,4430
18794,4006
18795,9700
18796,1698
18797,2457
18798,877
18799,6962
18800,6094
18801,8441
18802,5315
18803,8249
18804,4059
18805,3467
18806,3238
18807,1258
18808,1177
18809,3500
18810,1907
18811,2189
18812,5965
18813,2730
18814,1953
18815,5922
18816,7696
18817,3706
18818,2835
18819,8424
18820,1756
18821,539
18822,6394
18823,8335
18824,4496
18825,111
18826,3733
18827,2738
18828,2555
18829,2568
18830,6856
18831,958
18832,9770
18833,4946
18834,2063
18835,203
18836,8943
18837,7314
18838,2969
18839,8184
18840,2933
18841,3249
18842,3875
18843,8239
18844,9900
18845,4576
18846,6605
18847,5619
18848,3223
18849,5118
18850,1793
18851,8304
18852,5840
18853,5841
18854,51
18855,6219
18856,1071
18857,9878
18858,3699
18859,7605
18860,6817
18861,4007
18862,335
18863,7215
18864,1130
18865,117
18866,6304
18867,5203
18868,7234
18869,8536
18870,2049
18871,813
18872,776
18873,3537
18874,2316
18875,1498
18876,4139
18877,2383
18878,9038
18879,3319
18880,6844
18881,5745
18882,4844
18883,7000
18884,3993
18885,3778
18886,1514
18887,6803
18888,2460
18889,2043
18890,8012
18891,9901
18892,6029
18893,1317
18894,985
18895,4949
18896,3743
18897,8561
18898,2233
18899,494
18900,1438
18901,2090
18902,705
18903,6310
18904,4670
18905,211
18906,9400
18907,9469
18908,8275
18909,8297
18910,3487
18911,2212
18912,7500
18913,8459
18914,6327
18915,4435
18916,5360
18917,2816
18918,7173
18919,195
18920,8080
18921,8344
18922,7060
18923,8841
18924,2084
18925,7664
18926,211
18927,5720
18928,3175
18929,2112
18930,9112
18931,1581
18932,5135
18933,6707
18934,5179
18935,2169
18936,1339
18937,3623
18938,8662
18939,9008
18940,3709
18941,6037
18942,2283
18943,8260
18944,4833
18945,9357
18946,7085
18947,507
18948,6969
18949,6220
18950,7136
18951,3986
18952,6430
18953,1617
18954,8922
18955,1284
18956,700
18957,4033
18958,7257
18959,3447
18960,2365
18961,5591
18962,759
18963,3061
18964,7773
18965,3574
18966,5768
18967,1714
18968,6084
18969,2387
18970,8029
18971,5284
18972,3241
18973,6419
18974,2225
18975,6298
18976,6339
18977,895
18978,874
18979,6927
18980,3064
18981,8987
18982,8658
18983,8546
18984,563
18985,5126
18986,7693
18987,797
18988,8906
18989,4917
18990,7200
18991,9154
18992,824
18993,9750
18994,8345
18995,2787
18996,3776
18997,4968
18998,3835
18999,1226
19000,4480
19001,6782
19002,9491
19003,7727
19004,8757
19005,872
19006,6227
19007,5948
19008,2365
19009,9167
19010,2405
19011,8677
19012,9540
19013,534
19014,571
19015,8177
19016,8123
19017,7426
19018,4674
19019,1215
19020,2248
19021,1170
19022,5249
19023,6984
19024,81
19025,764
19026,7308
19027,6610
19028,9106
19029,8162
19030,8253
19031,2631
19032,3200
19033,3958
19034,1297
19035,5368
19036,7528
19037,7046
19038,4790
19039,1782
19040,3912
19041,5736
19042,6210
19043,9151
19044,3148
19045,7223
19046,2426
19047,9627
19048,7061
19049,1594
19050,1056
19051,6994
19052,2175
19053,5729
19054,7232
19055,1186
19056,6421
19057,8084
19058,9233
19059,3298
19060,1325
19061,902
19062,5179
19063,8308
19064,3090
19065,8946
19066,6476
19067,8823
19068,5100
19069,4250
19070,9022
19071,421
19072,8315
19073,2456
19074,3356
19075,95
19076,7759
19077,4152
19078,7097
19079,7378
19080,9774
19081,5844
19082,813
19083,6729
19084,6095
19085,9271
19086,4192
19087,9610
19088,274
19089,3103
19090,4808
19091,9675
19092,8153
19093,335
19094,1216
19095,9706
19096,1450
19097,5194
19098,9157
19099,8756
19100,5146
19101,8150
19102,5829
19103,8079
19104,2046
19105,9488
19106,9399
19107,5570
19108,3639
19109,8973
19110,5324
19111,2466
19112,8672
19113,1380
19114,7639
19115,8873
19116,1184
19117,120
19118,3569
19119,6702
19120,9228
19121,3243
19122,1482
19123,4882
19124,4763
19125,1843
19126,5938
19127,8655
19128,6826
19129,750
19130,7266
19131,2390
19132,9645
19133,3690
19134,9950
19135,2411
19136,7187
19137,2016
19138,9988
19139,1419
19140,1772
19141,919
19142,770
19143,6648
19144,5622
19145,3250
19146,540
19147,9561
19148,2570
19149,2187
19150,5113
19151,7716
19152,1547
19153,9475
19154,2791
19155,956
19156,5267
19157,9500
19158,5107
19159,2521
19160,2198
19161,6073
19162,891
19163,1857
19164,6609
19165,1985
19166,6587
19167,5736
19168,4578
19169,7173
19170,6592
19171,8699
19172,2226
19173,9190
19174,5711
19175,8027
19176,2618
19177,9572
19178,4819
19179,6355
19180,188
19181,7781
19182,7981
19183,1939
19184,2558
19185,4844
19186,121
19187,7958
19188,724
19189,9603
19190,6044
19191,1391
19192,3137
19193,7493
19194,1218
19195,46
19196,1838
19197,3351
19198,7016
19199,7685
19200,5357
19201,7900
19202,819
19203,4128
19204,1536
19205,505
19206,434
19207,2757
19208,1992
19209,1478
19210,7738
19211,6780
19212,1243
19213,9999
19214,8766
19215,3029
19216,1314
19217,8044
19218,142
19219,458
19220,6417
19221,859
19222,5367
19223,3972
19224,9682
19225,9102
19226,4864
19227,1549
19228,1909
19229,2954
19230,4967
19231,5953
19232,3254
19233,6346
19234,8716
19235,1601
19236,7963
19237,7865
19238,7805
19239,8285
19240,3752
19241,2137
19242,1611
19243,1232
19244,5700
19245,1852
19246,8068
19247,9791
19248,5575
19249,4498
19250,8210
19251,6960
19252,8916
19253,1937
19254,8311
19255,4939
19256,8467
19257,5502
19258,3233
19259,6137
19260,5081
19261,964
19262,7060
19263,9551
19264,1584
19265,6678
19266,7105
19267,7730
19268,3265
19269,1068
19270,1967
19271,6658
19272,4954
19273,5068
19274,2529
19275,7923
19276,2580
19277,7460
19278,3897
19279,7713
19280,6427
19281,9089
19282,754
19283,6430
19284,3524
19285,2940
19286,5547
19287,6723
19288,185
19289,575
19290,3227
19291,4367
19292,5983
19293,9596
19294,5812
19295,7044
19296,9422
19297,957
19298,8786
19299,9822
19300,3365
19301,5261
19302,3201
19303,5857
19304,6726
19305,541
19306,1241
19307,1707
19308,3380
19309,1555
19310,1447
19311,8572
19312,4514
19313,5512
19314,7618
19315,6007
19316,5576
19317,7796
19318,8818
19319,4176
19320,4024
19321,2266
19322,4364
19323,3320
19324,7409
19325,941
19326,2339
19327,403
19328,2475
19329,3287
19330,5440
19331,7012
19332,8827
19333,5998
19334,7519
19335,5942
19336,9367
19337,2791
19338,1649
19339,8983
19340,2284
19341,2490
19342,6809
19343,8557
19344,4684
19345,3532
19346,6114
19347,5829
19348,173
19349,6932
19350,3391
19351,2074
19352,6599
19353,7457
19354,3994
19355,3897
19356,349
19357,4831
19358,3791
19359,3600
19360,5140
19361,7701
19362,9847
19363,7325
19364,7743
19365,5059
19366,4714
19367,648
19368,7719
19369,5153
19370,1234
19371,4255
19372,9751
19373,5433
19374,6617
19375,7417
19376,9707
19377,8083
19378,8162
19379,9577
19380,8869
19381,5778
19382,2384
19383,4100
19384,1025
19385,345
19386,90
19387,2144
19388,267
19389,194
19390,6851
19391,132
19392,8066
19393,7273
19394,4710
19395,6668
19396,3524
19397,5643
19398,6087
19399,1404
19400,2362
19401,9510
19402,5971
19403,3954
19404,6415
19405,500
19406,1064
19407,711
19408,2944
19409,5397
19410,6047
19411,4705
19412,9336
19413,8281
19414,9037
19415,8853
19416,426
19417,5576
19418,5183
19419,6009
19420,3876
19421,8947
19422,2012
19423,249
19424,1954
19425,6571
19426,9057
19427,5877
19428,3204
19429,7743
19430,6369
19431,7597
19432,4814
19433,1363
19434,2890
19435,689
19436,8688
19437,3630
19438,9640
19439,4324
19440,6874
19441,1494
19442,700
19443,8093
19444,6135
19445,9214
19446,6678
19447,2357
19448,3718
19449,6386
19450,7940
19451,647
19452,5876
19453,6803
19454,3018
19455,7226
19456,7382
19457,5610
19458,1409
19459,8013
19460,1515
19461,5852
19462,8451
19463,5330
19464,8737
19465,6453
19466,3559
19467,6962
19468,8659
19469,2748
19470,3379
19471,4145
19472,7993
19473,3421
19474,5645
19475,4079
19476,6261
19477,3195
19478,3248
19479,8462
19480,5747
19481,9449
19482,2583
19483,6863
19484,135
19485,9431
19486,1316
19487,2111
19488,145
19489,7321
19490,1469
19491,4241
19492,7666
19493,822
19494,7910
19495,9053
19496,9946
19497,7578
19498,880
19499,8836
19500,678
19501,1303
19502,8470
19503,9062
19504,8683
19505,3400
19506,9463
19507,8304
19508,5559
19509,4897
19510,4344
19511,5694
19512,9083
19513,6760
19514,2245
19515,4993
19516,7762
19517,5029
19518,8051
19519,2587
19520,685
19521,2449
19522,9883
19523,5597
19524,5955
19525,9478
19526,4777
19527,7014
19528,7738
19529,6619
19530,4944
19531,3658
19532,7141
19533,1322
19534,9275
19535,4109
19536,1664
19537,6028
19538,1295
19539,7862
19540,8736
19541,7056
19542,5190
19543,1389
19544,655
19545,8225
19546,5422
19547,4662
19548,6844
19549,4461
19550,6113
19551,7094
19552,4134
19553,374
19554,2665
19555,8610
19556,7443
19557,1324
19558,5282
19559,228
19560,4713
19561,5141
19562,1549
19563,3443
19564,1612
19565,2714
19566,5074
19567,3658
19568,1115
19569,5746
19570,5822
19571,2498
19572,8818
19573,2428
19574,37
19575,8217
19576,8534
19577,7987
19578,4671
19579,4559
19580,3963
19581,4271
19582,8133
19583,4983
19584,8446
19585,1366
19586,9144
19587,3477
19588,6974
19589,7077
19590,1755
19591,3889
19592,3787
19593,2125
19594,6267
19595,2277
19596,2277
19597,9698
19598,7096
19599,4491
19600,7475
19601,939
19602,7783
19603,3334
19604,4597
19605,366
19606,4320
19607,4074
19608,5509
19609,3851
19610,9028
19611,5343
19612,6681
19613,7069
19614,675
19615,6863
19616,563
19617,8529
19618,7055
19619,9390
19620,7293
19621,159
19622,2863
19623,2746
19624,966
19625,5190
19626,8617
19627,2655
19628,3784
19629,5023
19630,94
19631,1945
19632,9618
19633,9272
19634,9723
19635,6759
19636,1511
19637,6579
19638,2483
19639,745
19640,2848
19641,2572
19642,3916
19643,1282
19644,4846
19645,1872
19646,4236
19647,9965
19648,9024
19649,552
19650,6219
19651,2775
19652,7278
19653,894
19654,3659
19655,6900
19656,3581
19657,3943
19658,5866
19659,3676
19660,9923
19661,8576
19662,567
19663,9482
19664,6050
19665,1138
19666,1370
19667,5430
19668,9302
19669,9736
19670,5359
19671,2635
19672,9833
19673,67
19674,9329
19675,8513
19676,5858
19677,2747
19678,5503
19679,3887
19680,2292
19681,6796
19682,5518
19683,1441
19684,1785
19685,9520
19686,4217
19687,9530
19688,4395
19689,6361
19690,3984
19691,5915
19692,4687
19693,4475
19694,8421
19695,3312
19696,6955
19697,2312
19698,6295
19699,4976
19700,3736
19701,2052
19702,8724
19703,3008
19704,7981
19705,919
19706,4143
19707,1890
19708,2570
19709,7537
19710,5706
19711,3082
19712,4486
19713,4499
19714,4501
19715,8746
19716,6865
19717,7411
19718,3107
19719,3515
19720,1094
19721,562
19722,5570
19723,1163
19724,5483
19725,2255
19726,1696
19727,5845
19728,703
19729,7548
19730,8101
19731,5845
19732,8699
19733,6804
19734,8814
19735,8577
19736,815
19737,930
19738,3614
19739,1453
19740,7058
19741,1555
19742,1220
19743,6222
19744,4697
19745,5320
19746,9710
19747,923
19748,2790
19749,8591
19750,7742
19751,4997
19752,3635
19753,9272
19754,7336
19755,2580
19756,3747
19757,2789
19758,8540
19759,1986
19760,804
19761,1732
19762,908
19763,112
19764,7463
19765,9649
19766,2042
19767,6182
19768,1544
19769,7207
19770,4580
19771,6716
19772,444
19773,9459
19774,8256
19775,9132
19776,8513
19777,7266
19778,9158
19779,6471
19780,4093
19781,6006
19782,4862
19783,2522
19784,5538
19785,1273
19786,5961
19787,2757
19788,7290
19789,1103
19790,3773
19791,7361
19792,242
19793,2111
19794,2038
19795,6243
19796,7936
19797,1939
19798,9660
19799,9850
19800,8609
19801,3350
19802,1987
19803,2423
19804,8036
19805,5428
19806,6035
19807,4947
19808,9962
19809,3607
19810,1388
19811,630
19812,939
19813,6554
19814,7582
19815,5836
19816,984
19817,1699
19818,4681
19819,6930
19820,6786
19821,8927
19822,8363
19823,7794
19824,668
19825,2907
19826,5678
19827,6235
19828,2552
19829,9780
19830,9276
19831,3215
19832,4054
19833,3443
19834,6721
19835,7394
19836,887
19837,1101
19838,3069
19839,7017
19840,5272
19841,7523
19842,1684
19843,9810
19844,2836
19845,9419
19846,3062
19847,323
19848,8931
19849,393
19850,5894
19851,1822
19852,2334
19853,5258
19854,3439
19855,3301
19856,7183
19857,4856
19858,6777
19859,237
19860,6083
19861,5714
19862,8213
19863,7775
19864,1532
19865,701
19866,1749
19867,1535
19868,79
19869,6261
19870,3133
19871,4734
19872,7659
19873,1297
19874,8777
19875,4964
19876,754
19877,6285
19878,4586
19879,5086
19880,9226
19881,951
19882,5060
19883,777
19884,2448
19885,9035
19886,8829
19887,386
19888,99
19889,9267
19890,6076
19891,9260
19892,5585
19893,2665
19894,1525
19895,3027
19896,7821
19897,7353
19898,1583
19899,5607
19900,3936
19901,3806
19902,8833
19903,1242
19904,2274
19905,2057
19906,545
19907,7894
19908,6891
19909,7388
19910,3107
19911,9477
19912,3083
19913,1035
19914,2061
19915,3631
19916,4573
19917,8402
19918,4413
19919,3333
19920,3368
19921,6151
19922,5027
19923,6445
19924,7331
19925,2981
19926,8787
19927,3355
19928,5826
19929,4614
19930,3434
19931,4110
19932,8561
19933,3487
19934,7192
19935,7450
19936,4668
19937,2822
19938,54
19939,643
19940,9412
19941,9951
19942,6814
19943,2778
19944,8795
19945,9626
19946,7885
19947,1936
19948,866
19949,5998
19950,8753
19951,7857
19952,4148
19953,4284
19954,9682
19955,616
19956,8873
19957,5032
19958,26
19959,5744
19960,2883
19961,7775
19962,5159
19963,5321
19964,2494
19965,6332
19966,8817
19967,6787
19968,3215
19969,4417
19970,3817
19971,8726
19972,3183
19973,1483
19974,3348
19975,4567
19976,2422
19977,2161
19978,3192
19979,8629
19980,8172
19981,4574
19982,1024
19983,1614
19984,879
19985,6923
19986,2737
19987,2862
19988,9087
19989,2618
19990,1283
19991,7659
19992,1965
19993,8788
19994,8402
19995,4559
19996,9027
19997,8312
19998,8110
19999,2921
20000,9109
20001,5878
20002,5673
20003,564
20004,8308
20005,3346
20006,6379
20007,2544
20008,2236
20009,3303
20010,9595
20011,176
20012,3634
20013,2357
20014,1414
20015,6188
20016,9727
20017,2784
20018,9027
20019,9326
20020,8770
20021,3749
20022,8028
20023,4474
20024,7751
20025,7646
20026,8030
20027,7298
20028,4104
20029,2940
20030,773
20031,3460
20032,3405
20033,3729
20034,4811
20035,8422
20036,1871
20037,9223
20038,119
20039,6559
20040,8900
20041,5539
20042,8309
20043,8590
20044,8626
20045,2504
20046,7742
20047,5769
20048,1537
20049,2036
20050,1865
20051,8648
20052,1607
20053,8411
20054,858
20055,5968
20056,9853
20057,3539
20058,1928
20059,8778
20060,5771
20061,698
20062,8991
20063,6316
20064,5082
20065,1365
20066,1697
20067,8551
20068,9331
20069,4360
20070,6511
20071,6096
20072,4218
20073,6677
20074,1000
20075,5300
20076,1386
20077,9428
20078,7257
20079,7212
20080,8765
20081,6314
20082,2897
20083,6691
20084,7623
20085,1350
20086,7982
20087,9639
20088,104
20089,3306
20090,5908
20091,9150
20092,2702
20093,4171
20094,8136
20095,3291
20096,1507
20097,7063
20098,6724
20099,7667
20100,8013
20101,7701
20102,8116
20103,211
20104,1508
20105,3096
20106,2600
20107,7135
20108,7870
20109,5418
20110,1958
20111,3973
20112,703
20113,9921
20114,5373
20115,5897
20116,7744
20117,9923
20118,5727
20119,5303
20120,4061
20121,2301
20122,2708
20123,9212
20124,1051
20125,1567
20126,1217
20127,9882
20128,3631
20129,3362
20130,7465
20131,1688
20132,8982
20133,6762
20134,955
20135,3438
20136,7983
20137,7178
20138,8749
20139,2994
20140,2600
20141,1807
20142,5053
20143,2267
20144,2207
20145,8232
20146,8813
20147,4407
20148,2922
20149,8884
20150,8458
20151,9141
20152,6162
20153,7182
20154,2904
20155,3195
20156,8978
20157,2742
20158,8933
20159,5334
20160,9171
20161,7859
20162,8304
20163,1093
20164,5215
20165,4872
20166,3080
20167,8573
20168,8880
20169,211
20170,98
20171,6309
20172,8389
20173,5181
20174,1564
20175,5609
20176,8431
20177,64
20178,4376
20179,4041
20180,9325
20181,3150
20182,8088
20183,1562
20184,7805
20185,5281
20186,125
20187,3623
20188,6382
20189,8561
20190,8229
20191,3847
20192,3543
20193,9620
20194,5841
20195,5973
20196,1304
20197,5980
20198,7560
20199,2085
20200,7376
20201,5217
20202,5827
20203,1788
20204,383
20205,7567
20206,9333
20207,1583
20208,6036
20209,4454
20210,797
20211,1555
20212,8571
20213,4384
20214,5457
20215,9904
20216,9859
20217,4065
20218,616
20219,2586
20220,6579
20221,4134
20222,5061
20223,332
20224,593
20225,5399
20226,8857
20227,4891
20228,8424
20229,2132
20230,7709
20231,7806
20232,2230
20233,5133
20234,3560
20235,5789
20236,4938
20237,176
20238,6453
20239,8319
20240,6665
20241,7352
20242,2216
20243,1260
20244,4016
20245,4568
20246,9873
20247,2161
20248,5087
20249,2307
20250,9238
20251,2624
20252,1889
20253,8798
20254,630
20255,6708
20256,5517
20257,8272
20258,1813
20259,7126
20260,4543
20261,9269
20262,1935
20263,1047
20264,3193
20265,9604
20266,9640
20267,8686
20268,4274
20269,4908
20270,8447
20271,6131
20272,5799
20273,3381
20274,1360
20275,8731
20276,5724
20277,3824
20278,7157
20279,6495
20280,9990
20281,9904
20282,3635
20283,8961
20284,8127
20285,9605
20286,8999
20287,541
20288,4147
20289,608
20290,7438
20291,8507
20292,4914
20293,2919
20294,688
20295,3394
20296,8932
20297,2035
20298,4238
20299,2776
20300,2108
20301,6771
20302,401
20303,3794
20304,6676
20305,3847
20306,1695
20307,6507
20308,2924
20309,7126
20310,9620
20311,3736
20312,4961
20313,6068
20314,7665
20315,4620
20316,7831
20317,1094
20318,7593
20319,9209
20320,1327
20321,6890
20322,2359
20323,7347
20324,2703
20325,7218
20326,6891
20327,3732
20328,3703
20329,4402
20330,7234
20331,7812
20332,5727
20333,3144
20334,2608
20335,4062
20336,3834
20337,3530
20338,1259
20339,6596
20340,7853
20341,2084
20342,2514
20343,2024
20344,4954
20345,958
20346,116
20347,4702
20348,8356
20349,3250
20350,8997
20351,9772
20352,5313
20353,1644
20354,1542
20355,7618
20356,1450
20357,9600
20358,3656
20359,5609
20360,1625
20361,9715
20362,8004
20363,6306
20364,2608
20365,9046
20366,3540
20367,7600
20368,2337
20369,6575
20370,7777
20371,1986
20372,1845
20373,4909
20374,364
20375,9807
20376,4483
20377,3205
20378,9189
20379,8355
20380,916
20381,7208
20382,1630
20383,4428
20384,8533
20385,4348
20386,439
20387,5311
20388,2433
20389,8282
20390,1583
20391,8045
20392,429
20393,476
20394,5186
20395,3403
20396,9767
20397,9720
20398,7443
20399,7404
20400,2045
20401,9005
20402,9279
20403,1642
20404,1994
20405,7131
20406,13
20407,7487
20408,6008
20409,612
20410,7266
20411,8702
20412,6724
20413,8386
20414,3261
20415,3157
20416,9497
20417,8154
20418,64
20419,9926
20420,2920
20421,1880
20422,3358
20423,1611
20424,5777
20425,5840
20426,8130
20427,7053
20428,2100
20429,5490
20430,9453
20431,6380
20432,5192
20433,180
20434,2819
20435,7003
20436,7939
20437,9975
20438,6721
20439,4001
20440,7145
20441,836
20442,9867
20443,139
20444,1427
20445,6808
20446,6783
20447,1417
20448,5146
20449,8795
20450,1047
20451,7556
20452,5913
20453,32
20454,9835
20455,6297
20456,1415
20457,9680
20458,6477
20459,1204
20460,8777
20461,7933
20462,1616
20463,8653
20464,8326
20465,6260
20466,1693
20467,9108
20468,8631
20469,2761
20470,7514
20471,7673
20472,8563
20473,8633
20474,2732
20475,5649
20476,3233
20477,5451
20478,9832
20479,7391
20480,5194
20481,279
20482,7714
20483,6125
20484,9325
20485,7308
20486,4543
20487,1052
20488,1651
20489,6613
20490,3307
20491,7065
20492,1393
20493,4006
20494,24
20495,1684
20496,5109
20497,3627
20498,8109
20499,6567
20500,5484
20501,1490
20502,9947
20503,7708
20504,3056
20505,7373
20506,5967
20507,4220
20508,5481
20509,985
20510,1695
20511,2093
20512,1696
20513,4168
20514,6819
20515,8710
20516,197
20517,2792
20518,4198
20519,4110
20520,2082
20521,6661
20522,107
20523,9493
20524,6815
20525,3474
20526,1797
20527,7773
20528,5414
20529,693
20530,1142
20531,5887
20532,6208
20533,3846
20534,9816
20535,1051
20536,5899
20537,864
20538,5748
20539,2036
20540,5375
20541,2560
20542,7099
20543,249
20544,499
20545,1046
20546,9540
20547,6142
20548,4790
20549,7919
20550,3279
20551,6132
20552,5720
20553,1777
20554,4718
20555,8363
20556,8857
20557,3016
20558,1266
20559,7087
20560,5361
20561,759
20562,718
20563,6426
20564,9823
20565,6960
20566,8667
20567,9302
20568,1723
20569,7946
20570,8318
20571,205
20572,4724
20573,9676
20574,1284
20575,3719
20576,348
20577,6771
20578,3521
20579,4285
20580,1666
20581,6772
20582,8844
20583,9882
20584,9552
20585,5283
20586,8820
20587,1179
20588,8453
20589,8183
20590,311
20591,1576
20592,7826
20593,2220
20594,7240
20595,8813
20596,6598
20597,1953
20598,8275
20599,4647
20600,8358
20601,5395
20602,265
20603,3120
20604,9253
20605,5042
20606,6271
20607,2427
20608,2266
20609,2644
20610,1901
20611,3474
20612,9977
20613,7436
20614,1980
20615,3963
20616,5828
20617,6781
20618,6758
20619,5013
20620,658
20621,9842
20622,8730
20623,2111
20624,428
20625,2362
20626,5785
20627,8286
20628,7701
20629,1761
20630,2667
20631,6133
20632,5534
20633,2361
20634,8081
20635,1299
20636,2712
20637,8845
20638,2915
20639,4679
20640,2932
20641,6664
20642,2031
20643,3634
20644,6354
20645,7788
20646,146
20647,4235
20648,9420
20649,9219
20650,3150
20651,2597
20652,6679
20653,2615
20654,5014
20655,8410
20656,7514
20657,3820
20658,6090
20659,7418
20660,4163
20661,3386
20662,1378
20663,7819
20664,3810
20665,1047
20666,1002
20667,7322
20668,4520
20669,403
20670,8015
20671,3696
20672,367
20673,4014
20674,1191
20675,6827
20676,2075
20677,6881
20678,3139
20679,164
20680,9756
20681,8688
20682,6304
20683,9584
20684,2425
20685,1080
20686,2264
20687,8052
20688,9708
20689,7817
20690,6850
20691,6723
20692,2200
20693,7274
20694,9272
20695,8392
20696,8341
20697,7408
20698,2982
20699,1524
20700,3980
20701,4729
20702,1355
20703,1927
20704,7651
20705,8654
20706,1621
20707,2088
20708,2074
20709,7389
20710,5789
20711,9460
20712,7160
20713,363
20714,5728
20715,3646
20716,9765
20717,6054
20718,721
20719,9058
20720,4282
20721,1439
20722,6454
20723,3430
20724,2078
20725,7169
20726,4816
20727,6854
20728,8353
20729,3241
20730,2916
20731,3561
20732,9668
20733,4201
20734,3433
20735,4067
20736,5204
20737,3675
20738,4745
20739,9358
20740,6399
20741,7892
20742,5299
20743,7808
20744,3418
20745,1171
20746,1269
20747,4100
20748,5700
20749,2991
20750,8075
20751,3564
20752,9426
20753,2399
20754,8168
20755,1024
20756,5739
20757,3723
20758,1502
20759,7595
20760,4132
20761,9902
20762,464
20763,927
20764,6733
20765,8215
20766,6251
20767,4384
20768,6069
20769,499
20770,994
20771,970
20772,8060
20773,1792
20774,5993
20775,1879
20776,2654
20777,6848
20778,4355
20779,5712
20780,8085
20781,7640
20782,5912
20783,6042
20784,1835
20785,3120
20786,3780
20787,39
20788,8968
20789,8816
20790,9206
20791,2131
20792,3019
20793,3829
20794,7749
20795,8225
20796,4069
20797,2920
20798,1980
20799,9740
20800,6665
20801,4777
20802,8772
20803,1252
20804,722
20805,9495
20806,2876
20807,9876
20808,6163
20809,5597
20810,9561
20811,8837
20812,9411
20813,7723
20814,6871
20815,1307
20816,367
20817,5112
20818,250
20819,6864
20820,1836
20821,8125
20822,3568
20823,3870
20824,4457
20825,4149
20826,147
20827,3744
20828,1977
20829,6589
20830,4859
20831,8344
20832,7177
20833,5952
20834,7476
20835,6415
20836,5525
20837,8061
20838,2029
20839,6184
20840,7102
20841,2859
20842,1202
20843,2365
20844,2516
20845,343
20846,2572
20847,1805
20848,263
20849,3667
20850,7512
20851,9625
20852,3247
20853,3341
20854,1037
20855,2176
20856,479
20857,7670
20858,7915
20859,5993
20860,1103
20861,4799
20862,2922
20863,5499
20864,190
20865,9422
20866,4152
20867,3633
20868,4739
20869,5269
20870,8039
20871,9765
20872,4694
20873,7864
20874,3642
20875,5983
20876,6427
20877,1572
20878,1423
20879,6514
20880,1027
20881,3664
20882,6852
20883,8959
20884,6108
20885,8822
20886,3594
20887,191
20888,6839
20889,2677
20890,6183
20891,5431
20892,9701
20893,9186
20894,2374
20895,5526
20896,3315
20897,2225
20898,135
20899,2630
20900,4225
20901,1461
20902,9210
20903,9415
20904,5557
20905,6713
20906,7379
20907,3140
20908,706
20909,2280
20910,9717
20911,9236
20912,9737
20913,9015
20914,8511
20915,9213
20916,9220
20917,3421
20918,3728
20919,6727
20920,4930
20921,2054
20922,1126
20923,1166
20924,998
20925,5597
20926,1838
20927,7882
20928,6098
20929,2355
20930,9286
20931,3015
20932,4445
20933,6638
20934,86
20935,5762
20936,2572
20937,1582
20938,7097
20939,5980
20940,7962
20941,6619
20942,8066
20943,3121
20944,2747
20945,9554
20946,5414
20947,9148
20948,4659
20949,3878
20950,3147
20951,7834
20952,6146
20953,7809
20954,3496
20955,1012
20956,9021
20957,8624
20958,8773
20959,7916
20960,5369
20961,4540
20962,9625
20963,1643
20964,6679
20965,1763
20966,8669
20967,6363
20968,9908
20969,8274
20970,156
20971,7517
20972,326
20973,8807
20974,8776
20975,1187
20976,3432
20977,2604
20978,8513
20979,774
20980,7846
20981,6287
20982,445
20983,3361
20984,2940
20985,144
20986,4628
20987,9005
20988,2376
20989,9678
20990,3425
20991,1016
20992,7918
20993,9194
20994,4701
20995,7679
20996,7839
20997,1906
20998,3075
20999,2758
21000,6702
21001,2671
21002,2988
21003,6959
21004,6385
21005,6469
21006,6117
21007,9950
21008,6511
21009,2671
21010,6175
21011,8220
21012,3368
21013,285
21014,4088
21015,4764
21016,4708
21017,374
21018,804
21019,6805
21020,5880
21021,599
21022,4304
21023,4323
21024,8942
21025,4755
21026,7387
21027,8871
21028,1447
21029,9057
21030,4043
21031,1903
21032,7529
21033,9388
21034,1852
21035,6254
21036,336
21037,2410
21038,8116
21039,4288
21040,4560
21041,7510
21042,4025
21043,5462
21044,4316
21045,8252
21046,9670
21047,7836
21048,9211
21049,6793
21050,3567
21051,9276
21052,163
21053,8783
21054,797
21055,4896
21056,3391
21057,7576
21058,6287
21059,2277
21060,4268
21061,980
21062,8849
21063,955
21064,5628
21065,8201
21066,1505
21067,2057
21068,9374
21069,2896
21070,5198
21071,4168
21072,8934
21073,3471
21074,6743
21075,1667
21076,5053
21077,6370
21078,488
21079,9339
21080,3963
21081,9178
21082,8438
21083,4053
21084,607
21085,9904
21086,8366
21087,2334
21088,7309
21089,579
21090,3338
21091,150
21092,8887
21093,8888
21094,3290
21095,2773
21096,3600
21097,2048
21098,1084
21099,5632
21100,2235
21101,7533
21102,9543
21103,9891
21104,373
21105,9269
21106,2040
21107,6695
21108,6475
21109,6801
21110,6167
21111,627
21112,5447
21113,1992
21114,5720
21115,203
21116,8174
21117,4468
21118,1129
21119,6921
21120,6550
21121,536
21122,7164
21123,4889
21124,9984
21125,5855
21126,7981
21127,2683
21128,7770
21129,7207
21130,5111
21131,3536
21132,3859
21133,1644
21134,103
21135,3376
21136,7726
21137,2956
21138,98
21139,2560
21140,6147
21141,6367
21142,1455
21143,4631
21144,6345
21145,1840
21146,6795
21147,7401
21148,564
21149,2444
21150,8882
21151,6929
21152,5603
21153,9833
21154,212
21155,7163
21156,4552
21157,8020
21158,9888
21159,838
21160,7180
21161,2032
21162,8304
21163,9759
21164,4221
21165,4964
21166,4097
21167,8305
21168,6795
21169,9008
21170,7176
21171,4665
21172,2084
21173,8728
21174,6928
21175,3446
21176,5058
21177,8499
21178,4882
21179,370
21180,4609
21181,6741
21182,2087
21183,2183
21184,4701
21185,9791
21186,1399
21187,7972
21188,5981
21189,3524
21190,8464
21191,2929
21192,11
21193,1943
21194,403
21195,8507
21196,539
21197,4633
21198,9166
21199,8872
21200,4078
21201,7517
21202,6505
21203,6963
21204,5063
21205,2682
21206,1723
21207,4054
21208,645
21209,5144
21210,6629
21211,9319
21212,7455
21213,6612
21214,47
21215,9834
21216,3785
21217,4095
21218,8720
21219,5130
21220,6754
21221,1051
21222,4725
21223,1404
21224,2879
21225,3686
21226,3731
21227,5700
21228,5828
21229,244
21230,3150
21231,8648
21232,8209
21233,1009
21234,1344
21235,8335
21236,8257
21237,5098
21238,5489
21239,6100
21240,1121
21241,9725
21242,8345
21243,2926
21244,6809
21245,2113
21246,8821
21247,5135
21248,6600
21249,9610
21250,2931
21251,4744
21252,3383
21253,6764
21254,846
21255,9787
21256,9038
21257,6717
21258,5322
21259,9599
21260,3832
21261,6163
21262,814
21263,1085
21264,9615
21265,4462
21266,1673
21267,7438
21268,2063
21269,2430
21270,2538
21271,4327
21272,7987
21273,8716
21274,7237
21275,8422
21276,237
21277,2347
21278,965
21279,1507
21280,9482
21281,1988
21282,1539
21283,2672
21284,6443
21285,7455
21286,4294
21287,9119
21288,1211
21289,7141
21290,9823
21291,769
21292,5583
21293,5171
21294,4299
21295,5456
21296,9690
21297,4268
21298,4381
21299,1675
21300,6928
21301,6633
21302,8661
21303,7442
21304,6692
21305,6238
21306,5837
21307,5445
21308,7646
21309,1375
21310,7354
21311,3211
21312,4762
21313,9585
21314,6101
21315,6624
21316,1531
21317,7531
21318,6569
21319,1633
21320,8883
21321,3144
21322,5830
21323,5004
21324,4706
21325,1877
21326,9401
21327,2833
21328,6116
21329,178
21330,7797
21331,8640
21332,4919
21333,8037
21334,4691
21335,9065
21336,5147
21337,8341
21338,5244
21339,234
21340,8759
21341,6592
21342,1583
21343,8587
21344,8722
21345,6773
21346,5227
21347,3152
21348,3511
21349,1509
21350,9679
21351,9105
21352,9833
21353,6697
21354,5255
21355,9372
21356,1754
21357,2049
21358,8321
21359,3867
21360,9877
21361,9522
21362,4960
21363,9217
21364,7097
21365,6041
21366,1753
21367,3551
21368,9648
21369,3626
21370,3904
21371,1734
21372,6237
21373,4072
21374,7857
21375,4291
21376,8273
21377,2210
21378,2153
21379,3191
21380,9683
21381,2885
21382,6530
21383,1106
21384,8925
21385,6928
21386,8158
21387,3224
21388,7759
21389,5574
21390,2881
21391,4499
21392,4617
21393,6774
21394,5844
21395,9922
21396,3409
21397,5388
21398,1867
21399,7614
21400,7741
21401,2406
21402,2271
21403,1322
21404,2315
21405,5517
21406,2751
21407,3346
21408,7490
21409,5169
21410,1007
21411,6363
21412,2329
21413,3217
21414,8800
21415,9285
21416,3591
21417,3096
21418,7176
21419,731
21420,1164
21421,7177
21422,26
21423,7107
21424,9193
21425,2242
21426,1456
21427,9667
21428,5784
21429,3093
21430,9745
21431,8281
21432,6962
21433,7851
21434,9473
21435,9766
21436,5401
21437,9915
21438,9211
21439,8974
21440,7924
21441,492
21442,5691
21443,7447
21444,9783
21445,9307
21446,5213
21447,3371
21448,5957
21449,9043
21450,3544
21451,1882
21452,7268
21453,5992
21454,3515
21455,3330
21456,2738
21457,964
21458,1605
21459,2298
21460,6855
21461,7673
21462,6946
21463,753
21464,1504
21465,6616
21466,6954
21467,7218
21468,217
21469,1093
21470,2422
21471,3321
21472,6761
21473,7967
21474,8598
21475,218
21476,7558
21477,8634
21478,2666
21479,5860
21480,2446
21481,5403
21482,143
21483,7243
21484,648
21485,1238
21486,4029
21487,9492
21488,2206
21489,9905
21490,985
21491,6131
21492,1038
21493,535
21494,2337
21495,2556
21496,845
21497,2493
21498,2744
21499,9740
21500,7314
21501,4059
21502,9505
21503,8333
21504,402
21505,2476
21506,1235
21507,2715
21508,471
21509,3995
21510,161
21511,1795
21512,6252
21513,8155
21514,6366
21515,7320
21516,6855
21517,3470
21518,1846
21519,9599
21520,9277
21521,5753
21522,6288
21523,1503
21524,9337
21525,1558
21526,8986
21527,5173
21528,9622
21529,5714
21530,6414
21531,6698
21532,3661
21533,2073
21534,2030
21535,4767
21536,5933
21537,7363
21538,9152
21539,8226
21540,8219
21541,579
21542,5122
21543,1365
21544,8066
21545,9794
21546,840
21547,5141
21548,5412
21549,9073
21550,844
21551,4962
21552,979
21553,602
21554,264
21555,2671
21556,8804
21557,9267
21558,1849
21559,5915
21560,2441
21561,7766
21562,5363
21563,975
21564,1747
21565,494
21566,7951
21567,8212
21568,6261
21569,2037
21570,5223
21571,8000
21572,6237
21573,6991
21574,8806
21575,978
21576,446
21577,1819
21578,6556
21579,8117
21580,5515
21581,5267
21582,4919
21583,8494
21584,471
21585,3243
21586,5212
21587,2949
21588,98
21589,1673
21590,3311
21591,5147
21592,6039
21593,431
21594,3759
21595,4981
21596,6855
21597,4443
21598,275
21599,2860
21600,1388
21601,6513
21602,7167
21603,4426
21604,859
21605,4824
21606,9193
21607,3774
21608,7389
21609,3284
21610,726
21611,5090
21612,905
21613,9378
21614,9978
21615,9661
21616,2553
21617,7781
21618,4647
21619,8076
21620,3563
21621,1359
21622,2996
21623,7206
21624,2132
21625,8699
21626,8056
21627,8923
21628,1373
21629,317
21630,2761
21631,9085
21632,7792
21633,1274
21634,5349
21635,7513
21636,5858
21637,9254
21638,503
21639,2031
21640,1757
21641,5097
21642,3312
21643,7137
21644,5032
21645,6165
21646,9133
21647,6419
21648,5264
21649,8958
21650,9256
21651,4364
21652,3463
21653,2526
21654,6079
21655,7384
21656,8848
21657,5218
21658,204
21659,9347
21660,4301
21661,6220
21662,5140
21663,331
21664,6715
21665,1712
21666,840
21667,8390
21668,5616
21669,101
21670,3887
21671,2346
21672,7686
21673,1590
21674,9610
21675,8376
21676,5802
21677,7756
21678,483
21679,279
21680,6560
21681,703
21682,1425
21683,2093
21684,1245
21685,3977
21686,8335
21687,4795
21688,6135
21689,6644
21690,5978
21691,850
21692,5093
21693,1471
21694,4944
21695,3482
21696,7173
21697,6585
21698,4853
21699,7749
21700,2519
21701,9167
21702,6032
21703,2048
21704,1860
21705,7442
21706,8936
21707,2463
21708,3026
21709,6635
21710,7414
21711,4013
21712,2323
21713,4633
21714,3173
21715,7196
21716,7025
21717,7792
21718,5224
21719,8631
21720,6948
21721,2998
21722,5166
21723,5522
21724,9798
21725,2360
21726,9981
21727,3998
21728,2880
21729,6497
21730,2920
21731,4623
21732,2874
21733,1027
21734,4700
21735,9534
21736,8383
21737,6769
21738,2461
21739,1962
21740,4710
21741,8464
21742,6223
21743,670
21744,1325
21745,7391
21746,2929
21747,2082
21748,5452
21749,2029
21750,6635
21751,825
21752,4787
21753,4744
21754,3639
21755,2763
21756,6515
21757,4695
21758,211
21759,1014
21760,1322
21761,2035
21762,3143
21763,4231
21764,6202
21765,3681
21766,4951
21767,9998
21768,1614
21769,1912
21770,4598
21771,8170
21772,2359
21773,5069
21774,7938
21775,7130
21776,4374
21777,4729
21778,6253
21779,8091
21780,9020
21781,2687
21782,557
21783,8560
21784,3371
21785,1934
21786,5253
21787,4657
21788,6691
21789,2711
21790,431
21791,345
21792,9728
21793,66
21794,3960
21795,7065
21796,3157
21797,3547
21798,6438
21799,731
21800,395
21801,2827
21802,7436
21803,7125
21804,269
21805,4498
21806,8801
21807,7546
21808,3265
21809,9241
21810,4058
21811,8957
21812,3167
21813,486
21814,5293
21815,9801
21816,2369
21817,7415
21818,8034
21819,1271
21820,6333
21821,5947
21822,1592
21823,1508
21824,8950
21825,8732
21826,2219
21827,4073
21828,7238
21829,9310
21830,5676
21831,8691
21832,8206
21833,8277
21834,5382
21835,6160
21836,482
21837,9583
21838,847
21839,8804
21840,1196
21841,6471
21842,1491
21843,7709
21844,7342
21845,241
21846,337
21847,6391
21848,5249
21849,959
21850,7048
21851,8058
21852,2307
21853,1317
21854,8399
21855,2789
21856,7328
21857,3346
21858,5345
21859,9540
21860,9893
21861,8417
21862,7512
21863,7536
21864,1659
21865,2872
21866,8811
21867,927
21868,8363
21869,4147
21870,7357
21871,5459
21872,5692
21873,2821
21874,3431
21875,4225
21876,9300
21877,2731
21878,8324
21879,3263
21880,798
21881,266
21882,4035
21883,5966
21884,6751
21885,3664
21886,7670
21887,3261
21888,5278
21889,7186
21890,7572
21891,8809
21892,4436
21893,3937
21894,5336
21895,2162
21896,8748
21897,7898
21898,5484
21899,9884
21900,498
21901,1832
21902,7770
21903,5632
21904,3131
21905,3784
21906,6456
21907,3462
21908,8851
21909,8849
21910,5491
21911,8582
21912,7843
21913,7127
21914,9401
21915,4897
21916,3000
21917,9309
21918,3457
21919,231
21920,7628
21921,9641
21922,6598
21923,627
21924,2580
21925,6319
21926,2765
21927,2800
21928,7836
21929,3319
21930,7162
21931,4064
21932,7066
21933,7434
21934,7691
21935,6518
21936,234
21937,7149
21938,8146
21939,3360
21940,3837
21941,1413
21942,4222
21943,419
21944,1926
21945,4077
21946,2869
21947,7082
21948,2061
21949,3711
21950,8224
21951,2978
21952,8946
21953,611
21954,7944
21955,5284
21956,1852
21957,2672
21958,8684
21959,4046
21960,2649
21961,5536
21962,5378
21963,7153
21964,6113
21965,3835
21966,9884
21967,5680
21968,4806
21969,3618
21970,6888
21971,1028
21972,5359
21973,4770
21974,1321
21975,9620
21976,2510
21977,2677
21978,6044
21979,9588
21980,5240
21981,9346
21982,4844
21983,1556
21984,2155
21985,2173
21986,3022
21987,4454
21988,3433
21989,7189
21990,3569
21991,9758
21992,2696
21993,2342
21994,6076
21995,1666
21996,6789
21997,6048
21998,8746
21999,8593
22000,5299
22001,6230
22002,306
22003,6483
22004,1096
22005,6369
22006,5204
22007,5815
22008,6732
22009,9318
22010,9278
22011,505
22012,3005
22013,103
22014,4334
22015,6403
22016,5520
22017,730
22018,5085
22019,6335
22020,5109
22021,4036
22022,5067
22023,6820
22024,1116
22025,5315
22026,7744
22027,6684
22028,9573
22029,8624
22030,2015
22031,5271
22032,773
22033,9099
22034,9154
22035,5701
22036,7069
22037,4489
22038,4208
22039,9101
22040,4033
22041,4215
22042,3651
22043,3553
22044,5601
22045,7253
22046,6126
22047,6343
22048,771
22049,2417
22050,895
22051,6232
22052,2653
22053,9437
22054,5120
22055,1478
22056,6302
22057,8211
22058,5671
22059,8993
22060,6073
22061,7025
22062,9864
22063,6333
22064,8945
22065,2438
22066,9318
22067,7118
22068,1364
22069,5837
22070,2490
22071,1196
22072,6919
22073,4097
22074,6238
22075,2841
22076,3671
22077,1758
22078,7944
22079,9316
22080,7562
22081,3274
22082,5382
22083,5784
22084,5373
22085,7901
22086,6860
22087,1073
22088,6669
22089,3758
22090,4555
22091,2742
22092,1882
22093,4730
22094,1979
22095,9086
22096,328
22097,3727
22098,5501
22099,1384
22100,5452
22101,8689
22102,460
22103,8554
22104,7190
22105,1950
22106,2377
22107,7897
22108,257
22109,3513
22110,8769
22111,8885
22112,8845
22113,488
22114,2770
22115,7978
22116,5950
22117,4462
22118,1378
22119,2236
22120,3622
22121,5572
22122,1069
22123,1654
22124,5275
22125,1821
22126,2203
22127,177
22128,7452
22129,4192
22130,8355
22131,2554
22132,3878
22133,8516
22134,5960
22135,8924
22136,2319
22137,6640
22138,6696
22139,2033
22140,359
22141,9025
22142,8639
22143,8370
22144,7963
22145,3311
22146,4128
22147,6829
22148,2779
22149,4509
22150,2190
22151,3355
22152,2675
22153,8433
22154,9260
22155,2552
22156,9335
22157,5450
22158,8158
22159,7120
22160,3890
22161,2747
22162,2441
22163,1397
22164,9639
22165,3375
22166,9931
22167,2449
22168,1326
22169,5214
22170,5014
22171,694
22172,6450
22173,3097
22174,9877
22175,2123
22176,967
22177,5788
22178,8089
22179,6038
22180,5710
22181,3104
22182,2817
22183,7592
22184,9022
22185,897
22186,6025
22187,5434
22188,4003
22189,3094
22190,885
22191,5279
22192,7518
22193,4006
22194,566
22195,5303
22196,8910
22197,727
22198,3675
22199,6557
22200,5206
22201,2029
22202,8492
22203,2193
22204,3889
22205,2946
22206,6701
22207,7055
22208,2823
22209,1247
22210,4851
22211,3053
22212,6482
22213,3097
22214,3568
22215,5303
22216,8900
22217,2863
22218,1855
22219,6372
22220,6666
22221,7576
22222,3192
22223,473
22224,3870
22225,5770
22226,7270
22227,460
22228,1925
22229,9125
22230,3632
22231,7086
22232,325
22233,4776
22234,4803
22235,1386
22236,2825
22237,1272
22238,9329
22239,2935
22240,9254
22241,3478
22242,4031
22243,4419
22244,557
22245,4901
22246,3533
22247,7052
22248,9731
22249,5615
22250,116
22251,9058
22252,2994
22253,5478
22254,5862
22255,1260
22256,6749
22257,6142
22258,1621
22259,7938
22260,1800
22261,7227
22262,877
22263,2779
22264,337
22265,3826
22266,3158
22267,6786
22268,2565
22269,9332
22270,4346
22271,2492
22272,3109
22273,9758
22274,5796
22275,6742
22276,7995
22277,6064
22278,578
22279,1664
22280,7142
22281,3743
22282,3239
22283,6821
22284,8352
22285,1805
22286,6549
22287,8550
22288,6224
22289,8598
22290,6155
22291,2619
22292,9360
22293,8347
22294,2236
22295,8465
22296,5940
22297,6852
22298,3090
22299,997
22300,9549
22301,1370
22302,7060
22303,7556
22304,1736
22305,917
22306,9385
22307,2834
22308,9460
22309,8035
22310,8400
22311,9258
22312,2465
22313,5218
22314,7784
22315,3375
22316,9462
22317,5289
22318,5961
22319,9515
22320,6707
22321,8779
22322,6686
22323,1030
22324,3854
22325,3583
22326,5452
22327,7924
22328,6068
22329,7961
22330,8812
22331,8530
22332,556
22333,8540
22334,3191
22335,9008
22336,9235
22337,3997
22338,3343
22339,2750
22340,4911
22341,9898
22342,5718
22343,2092
22344,4662
22345,9887
22346,4596
22347,9805
22348,270
22349,3806
22350,5992
22351,510
22352,1025
22353,8115
22354,7674
22355,3973
22356,5328
22357,2716
22358,6145
22359,5791
22360,2109
22361,6396
22362,5348
22363,2575
22364,8310
22365,5026
22366,8267
22367,3091
22368,4307
22369,5923
22370,2958
22371,8415
22372,6221
22373,1050
22374,7998
22375,7483
22376,7569
22377,997
22378,3205
22379,5109
22380,513
22381,5354
22382,8957
22383,9543
22384,8158
22385,6020
22386,1391
22387,5612
22388,7022
22389,3736
22390,1897
22391,9525
22392,3819
22393,2141
22394,2434
22395,5449
22396,5484
22397,9210
22398,1327
22399,6657
22400,3226
22401,26
22402,4680
22403,2633
22404,139
22405,1483
22406,9151
22407,9270
22408,4321
22409,9825
22410,2905
22411,2746
22412,5108
22413,1956
22414,5569
22415,8818
22416,310
22417,9186
22418,4511
22419,8362
22420,5924
22421,5681
22422,8227
22423,92
22424,8374
22425,1008
22426,5814
22427,6947
22428,3151
22429,2892
22430,7372
22431,3094
22432,2055
22433,8962
22434,214
22435,5294
22436,1562
22437,7826
22438,834
22439,3758
22440,5588
22441,5922
22442,7400
22443,5207
22444,9040
22445,4705
22446,6778
22447,3693
22448,1971
22449,947
22450,7605
22451,434
22452,3061
22453,2915
22454,2704
22455,3605
22456,1277
22457,431
22458,3276
22459,7027
22460,9859
22461,2110
22462,7139
22463,8105
22464,8886
22465,2236
22466,4398
22467,2432
22468,7236
22469,9279
22470,7326
22471,2853
22472,4121
22473,5669
22474,1913
22475,4234
22476,4989
22477,5373
22478,435
22479,2411
22480,8951
22481,7258
22482,53
22483,6308
22484,5052
22485,1569
22486,6045
22487,7081
22488,4204
22489,3961
22490,157
22491,2180
22492,8313
22493,5128
22494,7165
22495,7307
22496,4173
22497,8036
22498,9029
22499,9954
22500,8077
22501,2949
22502,5737
22503,8074
22504,3626
22505,5415
22506,7295
22507,8361
22508,5890
22509,1023
22510,8753
22511,7401
22512,1185
22513,9365
22514,5257
22515,7528
22516,6300
22517,1318
22518,9694
22519,9443
22520,4837
22521,5274
22522,1787
22523,69
22524,9835
22525,6996
22526,7870
22527,8537
22528,9032
22529,1602
22530,4390
22531,6107
22532,6468
22533,9161
22534,5727
22535,4176
22536,6498
22537,8167
22538,9323
22539,5429
22540,9300
22541,8344
22542,1056
22543,9270
22544,7646
22545,4197
22546,3350
22547,6187
22548,4783
22549,3445
22550,7310
22551,6912
22552,5809
22553,975
22554,7454
22555,9381
22556,6688
22557,510
22558,4564
22559,59
22560,9171
22561,997
22562,6781
22563,1125
22564,3942
22565,9681
22566,4444
22567,3577
22568,1668
22569,7954
22570,5810
22571,4386
22572,8027
22573,2825
22574,980
22575,7830
22576,5522
22577,217
22578,269
22579,5035
22580,4368
22581,8984
22582,514
22583,9775
22584,1769
22585,7524
22586,7770
22587,3804
22588,3600
22589,6980
22590,9603
22591,8990
22592,6295
22593,3339
22594,4022
22595,2102
22596,2977
22597,9271
22598,1685
22599,4406
22600,297
22601,795
22602,2326
22603,2848
22604,7239
22605,8147
22606,8128
22607,1275
22608,2993
22609,5911
22610,7941
22611,8153
22612,8040
22613,8272
22614,621
22615,7238
22616,3533
22617,5522
22618,3712
22619,5434
22620,8392
22621,9949
22622,1638
22623,7917
22624,3382
22625,8218
22626,9799
22627,9268
22628,3149
22629,2269
22630,2260
22631,6131
22632,8191
22633,293
22634,5735
22635,7928
22636,5247
22637,8804
22638,9565
22639,4085
22640,6172
22641,7646
22642,5747
22643,9002
22644,8961
22645,8012
22646,7082
22647,1503
22648,9016
22649,382
22650,5597
22651,7081
22652,2901
22653,6596
22654,7633
22655,3329
22656,3977
22657,832
22658,231
22659,6890
22660,9589
22661,3898
22662,5310
22663,3280
22664,4703
22665,7576
22666,4003
22667,2608
22668,1676
22669,4767
22670,1564
22671,6125
22672,5447
22673,6251
22674,9282
22675,97
22676,7125
22677,2713
22678,2428
22679,4157
22680,1757
22681,8242
22682,48
22683,7053
22684,2161
22685,3947
22686,6896
22687,218
22688,609
22689,8806
22690,3719
22691,7736
22692,223
22693,5733
22694,6562
22695,9778
22696,6248
22697,8470
22698,2418
22699,7982
22700,4788
22701,832
22702,6110
22703,2605
22704,8127
22705,3963
22706,3841
22707,4593
22708,6245
22709,8852
22710,7993
22711,6510
22712,5861
22713,1644
22714,4824
22715,1177
22716,4086
22717,8400
22718,6968
22719,5452
22720,9557
22721,6370
22722,6709
22723,3515
22724,812
22725,7637
22726,8902
22727,512
22728,5835
22729,7949
22730,6042
22731,7416
22732,4729
22733,7758
22734,2880
22735,4768
22736,5978
22737,9620
22738,1108
22739,3179
22740,392
22741,7800
22742,3950
22743,9595
22744,7462
22745,6462
22746,9854
22747,4281
22748,4333
22749,2048
22750,5471
22751,8073
22752,1995
22753,1272
22754,5741
22755,5126
22756,9913
22757,359
22758,450
22759,2818
22760,2572
22761,3162
22762,9586
22763,8489
22764,9199
22765,2343
22766,9624
22767,83
22768,9664
22769,7554
22770,6959
22771,2215
22772,8631
22773,1481
22774,3491
22775,7548
22776,3190
22777,1740
22778,45
22779,1030
22780,5544
22781,7171
22782,8019
22783,3127
22784,2545
22785,4724
22786,8347
22787,4973
22788,6101
22789,1036
22790,3675
22791,1296
22792,2856
22793,8522
22794,7784
22795,2303
22796,1622
22797,486
22798,7436
22799,8984
22800,1957
22801,3341
22802,5270
22803,6076
22804,7657
22805,5479
22806,1603
22807,9949
22808,7714
22809,6164
22810,266
22811,6522
22812,3001
22813,1427
22814,7770
22815,7975
22816,4124
22817,8311
22818,2562
22819,9259
22820,5417
22821,4743
22822,2052
22823,2191
22824,4502
22825,3568
22826,9823
22827,3668
22828,2704
22829,3894
22830,4790
22831,3294
22832,5962
22833,7527
22834,6172
22835,5116
22836,2176
22837,4407
22838,7678
22839,3402
22840,3721
22841,5889
22842,1596
22843,9416
22844,7148
22845,7672
22846,7414
22847,9847
22848,9552
22849,8566
22850,3949
22851,3209
22852,9828
22853,9847
22854,6951
22855,991
22856,3562
22857,931
22858,3668
22859,4005
22860,7074
22861,5062
22862,5416
22863,4287
22864,1484
22865,7108
22866,3777
22867,6729
22868,8604
22869,9349
22870,622
22871,7296
22872,9815
22873,3027
22874,4798
22875,9936
22876,7112
22877,3211
22878,762
22879,7566
22880,1351
22881,8706
22882,7024
22883,6765
22884,3492
22885,7738
22886,5575
22887,7621
22888,7940
22889,6527
22890,2432
22891,8875
22892,5995
22893,6957
22894,8794
22895,7645
22896,3678
22897,6472
22898,3148
22899,4519
22900,2510
22901,2803
22902,4303
22903,9914
22904,5409
22905,309
22906,1916
22907,2495
22908,7469
22909,8408
22910,6130
22911,8495
22912,1883
22913,6112
22914,6182
22915,6332
22916,2098
22917,7647
22918,5321
22919,6497
22920,9974
22921,6890
22922,4731
22923,3436
22924,538
22925,1934
22926,6470
22927,5986
22928,6031
22929,9562
22930,872
22931,4330
22932,3504
22933,6062
22934,8269
22935,1652
22936,9222
22937,5206
22938,7009
22939,7332
22940,3153
22941,1480
22942,5688
22943,1392
22944,5406
22945,9538
22946,7124
22947,9444
22948,1715
22949,6007
22950,6073
22951,7972
22952,8106
22953,2604
22954,9881
22955,1325
22956,8149
22957,8769
22958,2714
22959,9950
22960,5735
22961,4701
22962,8849
22963,134
22964,9739
22965,5107
22966,4817
22967,1980
22968,2772
22969,5527
22970,824
22971,3111
22972,1664
22973,141
22974,8432
22975,404
22976,7329
22977,3583
22978,9183
22979,7116
22980,9134
22981,5635
22982,9611
22983,4638
22984,5070
22985,7757
22986,6279
22987,6642
22988,6765
22989,6599
22990,5599
22991,2514
22992,3043
22993,8913
22994,2986
22995,1481
22996,6605
22997,1152
22998,2578
22999,1618
23000,5562
23001,1907
23002,2202
23003,1101
23004,709
23005,4102
23006,2188
23007,742
23008,8714
23009,2697
23010,3766
23011,6071
23012,8633
23013,6544
23014,5395
23015,4504
23016,9009
23017,1289
23018,6548
23019,2231
23020,5174
23021,864
23022,3222
23023,2596
23024,4850
23025,2778
23026,7238
23027,3350
23028,5269
23029,6750
23030,9821
23031,285
23032,7208
23033,3873
23034,724
23035,6064
23036,819
23037,3736
23038,3988
23039,9063
23040,46
23041,8124
23042,8656
23043,3318
23044,2665
23045,991
23046,6457
23047,161
23048,8801
23049,9524
23050,5658
23051,1521
23052,2268
23053,241
23054,2752
23055,7851
23056,4472
23057,7759
23058,581
23059,1212
23060,9709
23061,9814
23062,9772
23063,9241
23064,6619
23065,9627
23066,180
23067,5161
23068,6416
23069,198
23070,4688
23071,7155
23072,5937
23073,609
23074,5311
23075,3586
23076,9155
23077,5203
23078,9827
23079,1880
23080,4271
23081,2034
23082,5504
23083,8842
23084,5463
23085,1837
23086,4712
23087,549
23088,7212
23089,4448
23090,3511
23091,3547
23092,6726
23093,6828
23094,6210
23095,4296
23096,4749
23097,2099
23098,5615
23099,7350
23100,6832
23101,3331
23102,2559
23103,1226
23104,4895
23105,6903
23106,8943
23107,6318
23108,9916
23109,5092
23110,7235
23111,7440
23112,8849
23113,2807
23114,828
23115,8444
23116,6816
23117,7011
23118,7936
23119,4114
23120,8056
23121,22
23122,5904
23123,7060
23124,3027
23125,7402
23126,699
23127,5888
23128,3148
23129,7986
23130,8878
23131,6337
23132,4313
23133,9525
23134,1012
23135,7418
23136,8152
23137,1775
23138,9755
23139,5788
23140,2301
23141,7740
23142,4876
23143,8439
23144,6463
23145,1594
23146,1317
23147,2095
23148,41
23149,7730
23150,301
23151,3696
23152,1652
23153,7776
23154,8779
23155,3919
23156,1233
23157,8648
23158,4383
23159,2589
23160,1432
23161,7568
23162,6755
23163,2619
23164,3091
23165,6744
23166,8260
23167,8660
23168,113
23169,4936
23170,8990
23171,751
23172,9774
23173,6454
23174,4733
23175,7669
23176,5213
23177,2986
23178,7436
23179,6513
23180,8629
23181,6496
23182,6500
23183,1954
23184,6249
23185,7432
23186,5983
23187,9473
23188,5531
23189,421
23190,6100
23191,256
23192,6852
23193,6574
23194,2181
23195,7288
23196,7467
23197,5728
23198,2070
23199,3344
23200,7200
23201,954
23202,5371
23203,9464
23204,5294
23205,6891
23206,8377
23207,9254
23208,9519
23209,7950
23210,9876
23211,343
23212,9466
23213,2955
23214,4790
23215,4666
23216,2675
23217,7141
23218,4945
23219,425
23220,717
23221,7798
23222,2694
23223,7504
23224,3376
23225,3513
23226,4452
23227,6190
23228,2569
23229,8147
23230,3981
23231,2967
23232,6926
23233,1739
23234,9243
23235,36
23236,2593
23237,9254
23238,9876
23239,3065
23240,6811
23241,1668
23242,3961
23243,7309
23244,7466
23245,9943
23246,4147
23247,7941
23248,1724
23249,3341
23250,3357
23251,1996
23252,3554
23253,6989
23254,711
23255,7747
23256,9656
23257,3796
23258,7272
23259,2481
23260,5024
23261,6669
23262,4270
23263,5555
23264,3054
23265,3893
23266,2950
23267,5171
23268,1830
23269,6894
23270,2812
23271,2473
23272,3381
23273,7232
23274,8537
23275,4986
23276,5077
23277,7511
23278,2798
23279,4135
23280,3616
23281,1550
23282,8776
23283,230
23284,4932
23285,5623
23286,763
23287,7498
23288,7216
23289,9222
23290,9690
23291,7948
23292,1971
23293,5968
23294,3493
23295,6645
23296,8639
23297,8680
23298,792
23299,5113
23300,4177
23301,229
23302,9229
23303,8039
23304,7156
23305,299
23306,389
23307,9580
23308,6896
23309,1968
23310,8267
23311,2193
23312,3784
23313,3929
23314,6212
23315,787
23316,2576
23317,7414
23318,88
23319,1591
23320,7977
23321,7849
23322,2172
23323,9187
23324,1495
23325,5755
23326,2630
23327,974
23328,9030
23329,2683
23330,5303
23331,7269
23332,1728
23333,1238
23334,3788
23335,1850
23336,507
23337,546
23338,3315
23339,7134
23340,9366
23341,1981
23342,7597
23343,3537
23344,309
23345,2396
23346,3973
23347,4697
23348,4181
23349,3869
23350,9115
23351,3705
23352,9122
23353,9725
23354,7252
23355,9951
23356,6141
23357,3627
23358,2710
23359,1015
23360,1711
23361,3312
23362,9005
23363,3376
23364,3172
23365,8316
23366,2147
23367,4862
23368,40
23369,5958
23370,1815
23371,6423
23372,3579
23373,9638
23374,5320
23375,466
23376,458
23377,77
23378,4099
23379,1872
23380,1812
23381,7564
23382,8329
23383,5905
23384,9469
23385,9244
23386,5525
23387,3748
23388,377
23389,6211
23390,2650
23391,4917
23392,68
23393,4266
23394,8304
23395,4951
23396,4517
23397,795
23398,2456
23399,9158
23400,8638
23401,2375
23402,4711
23403,7427
23404,5576
23405,8698
23406,9568
23407,9224
23408,6393
23409,1499
23410,2344
23411,7700
23412,3399
23413,212
23414,240
23415,7057
23416,2972
23417,2337
23418,2794
23419,813
23420,5776
23421,3733
23422,6406
23423,185
23424,9646
23425,5701
23426,3542
23427,4359
23428,1553
23429,5466
23430,3423
23431,7095
23432,4189
23433,9342
23434,4817
23435,7396
23436,9963
23437,1950
23438,666
23439,2513
23440,668
23441,7048
23442,8112
23443,6035
23444,9256
23445,6508
23446,6358
23447,3051
23448,2348
23449,120
23450,5197
23451,1728
23452,6526
23453,135
23454,8463
23455,2944
23456,5927
23457,1614
23458,7600
23459,2092
23460,8856
23461,5103
23462,7153
23463,294
23464,5576
23465,8228
23466,2284
23467,3982
23468,9793
23469,9330
23470,4123
23471,6739
23472,8358
23473,1299
23474,2521
23475,5730
23476,9973
23477,1165
23478,2798
23479,5163
23480,6236
23481,2986
23482,5261
23483,3509
23484,2923
23485,213
23486,1832
23487,9561
23488,8643
23489,6981
23490,7435
23491,9517
23492,9350
23493,5792
23494,7936
23495,9400
23496,6013
23497,4185
23498,7796
23499,2869
23500,2972
23501,1377
23502,5220
23503,2919
23504,3415
23505,4504
23506,830
23507,7712
23508,7265
23509,2672
23510,7114
23511,5382
23512,4463
23513,3139
23514,4626
23515,8096
23516,1676
23517,7399
23518,3410
23519,2210
23520,9094
23521,993
23522,6633
23523,8784
23524,6061
23525,4125
23526,2650
23527,6381
23528,3427
23529,6597
23530,9090
23531,1893
23532,4831
23533,3832
23534,8348
23535,1726
23536,5633
23537,2487
23538,9665
23539,9512
23540,378
23541,9465
23542,2859
23543,2757
23544,7572
23545,7149
23546,6714
23547,1897
23548,69
23549,554
23550,3074
23551,6456
23552,5813
23553,1240
23554,7552
23555,568
23556,9714
23557,6073
23558,8871
23559,8459
23560,1080
23561,1060
23562,4048
23563,5156
23564,4032
23565,8346
23566,2644
23567,7298
23568,9002
23569,1495
23570,2833
23571,682
23572,4432
23573,1424
23574,6125
23575,3904
23576,3856
23577,9396
23578,2034
23579,1367
23580,7486
23581,8058
23582,578
23583,6500
23584,7479
23585,1955
23586,8548
23587,417
23588,4238
23589,8815
23590,7141
23591,8307
23592,2228
23593,7721
23594,4367
23595,503
23596,3878
23597,4395
23598,5443
23599,6238
23600,1448
23601,1362
23602,8246
23603,4920
23604,2390
23605,4570
23606,209
23607,4434
23608,7857
23609,4807
23610,6810
23611,7536
23612,6030
23613,2778
23614,2417
23615,5507
23616,3801
23617,3303
23618,2856
23619,7852
23620,6518
23621,3321
23622,9639
23623,136
23624,5616
23625,9822
23626,7704
23627,3329
23628,8683
23629,5441
23630,4388
23631,7179
23632,2131
23633,3145
23634,6500
23635,6150
23636,248
23637,1430
23638,350
23639,7530
23640,4997
23641,9688
23642,4085
23643,5422
23644,8934
23645,3488
23646,8363
23647,7680
23648,2505
23649,7872
23650,8062
23651,8333
23652,1867
23653,9444
23654,8873
23655,514
23656,7477
23657,2166
23658,9463
23659,8494
23660,4933
23661,9261
23662,5564
23663,5748
23664,2805
23665,9403
23666,6910
23667,2170
23668,7343
23669,7681
23670,6231
23671,8920
23672,9079
23673,3277
23674,4507
23675,6986
23676,8265
23677,2709
23678,5554
23679,382
23680,4037
23681,8507
23682,2524
23683,941
23684,7481
23685,2000
23686,3666
23687,9617
23688,6800
23689,8563
23690,5393
23691,725
23692,9847
23693,8744
23694,1557
23695,8002
23696,661
23697,1060
23698,4752
23699,5054
23700,5066
23701,9004
23702,7271
23703,1690
23704,9809
23705,3532
23706,2067
23707,2731
23708,4831
23709,2573
23710,212
23711,951
23712,598
23713,8772
23714,8397
23715,9547
23716,8619
23717,1652
23718,1375
23719,7566
23720,18
23721,541
23722,9754
23723,1045
23724,1627
23725,6732
23726,3726
23727,6085
23728,1086
23729,7613
23730,4025
23731,7139
23732,2972
23733,4850
23734,922
23735,4159
23736,4080
23737,5709
23738,5932
23739,8545
23740,9394
23741,5290
23742,8904
23743,1908
23744,6565
23745,8400
23746,3242
23747,2832
23748,4494
23749,8675
23750,5510
23751,1664
23752,601
23753,1858
23754,5201
23755,3051
23756,177
23757,4389
23758,7671
23759,6977
23760,7293
23761,4020
23762,4996
23763,3858
23764,2191
23765,9856
23766,842
23767,1031
23768,3502
23769,9096
23770,9717
23771,298
23772,7826
23773,1086
23774,1381
23775,1084
23776,4944
23777,49
23778,4284
23779,192
23780,9961
23781,9971
23782,5506
23783,8698
23784,8798
23785,2518
23786,8886
23787,8082
23788,328
23789,9637
23790,2413
23791,738
23792,1297
23793,4011
23794,5616
23795,8762
23796,1385
23797,9667
23798,34
23799,1164
23800,1469
23801,5117
23802,4716
23803,9422
23804,2166
23805,5989
23806,7953
23807,6052
23808,8921
23809,7496
23810,1115
23811,3779
23812,2489
23813,4741
23814,3182
23815,8195
23816,7078
23817,6567
23818,3340
23819,6032
23820,2068
23821,5700
23822,5781
23823,1880
23824,3631
23825,9347
23826,4001
23827,8326
23828,8513
23829,784
23830,8895
23831,5288
23832,1386
23833,5949
23834,9191
23835,2856
23836,6827
23837,7440
23838,9954
23839,1726
23840,9828
23841,6790
23842,3341
23843,9091
23844,1388
23845,4594
23846,7391
23847,4285
23848,5548
23849,9909
23850,7320
23851,241
23852,9814
23853,5432
23854,4436
23855,257
23856,4388
23857,3751
23858,72
23859,4233
23860,1561
23861,6316
23862,3015
23863,3332
23864,8007
23865,8496
23866,892
23867,403
23868,2749
23869,4177
23870,4423
23871,4700
23872,4484
23873,4241
23874,2787
23875,1411
23876,8096
23877,915
23878,539
23879,8021
23880,7088
23881,4628
23882,3731
23883,8588
23884,2631
23885,6736
23886,582
23887,653
23888,4081
23889,8081
23890,7023
23891,9494
23892,5615
23893,5692
23894,564
23895,3403
23896,9145
23897,4578
23898,9195
23899,3469
23900,1131
23901,5540
23902,5119
23903,65
23904,9958
23905,8859
23906,8461
23907,4746
23908,2619
23909,3919
23910,413
23911,804
23912,1571
23913,9385
23914,7433
23915,6805
23916,5502
23917,9954
23918,5009
23919,6208
23920,5207
23921,3572
23922,1704
23923,865
23924,9497
23925,4765
23926,3631
23927,4216
23928,1048
23929,4606
23930,4523
23931,4380
23932,7671
23933,5326
23934,3457
23935,5860
23936,7240
23937,3442
23938,7126
23939,5239
23940,2251
23941,7828
23942,7008
23943,4904
23944,6454
23945,3025
23946,6825
23947,4874
23948,9686
23949,4244
23950,4966
23951,2349
23952,8536
23953,6852
23954,1868
23955,1217
23956,934
23957,2955
23958,5391
23959,5439
23960,4449
23961,7601
23962,5902
23963,5955
23964,7701
23965,4037
23966,4305
23967,7489
23968,4671
23969,2408
23970,37
23971,1908
23972,7310
23973,2437
23974,1635
23975,2046
23976,9512
23977,3365
23978,7056
23979,3730
23980,4912
23981,5246
23982,8290
23983,8323
23984,4971
23985,42
23986,4708
23987,8897
23988,3851
23989,8726
23990,5454
23991,6187
23992,8448
23993,3936
23994,2969
23995,2237
23996,1403
23997,2033
23998,6074
23999,7572
24000,6649
24001,2488
24002,7384
24003,7939
24004,4469
24005,6463
24006,9183
24007,8428
24008,1276
24009,2067
24010,8006
24011,2951
24012,166
24013,7008
24014,770
24015,8975
24016,6417
24017,9754
24018,6741
24019,967
24020,263
24021,7895
24022,1579
24023,7503
24024,7515
24025,6893
24026,5016
24027,9009
24028,5778
24029,4926
24030,9983
24031,9423
24032,7551
24033,6717
24034,3210
24035,6567
24036,7557
24037,9081
24038,5098
24039,10
24040,176
24041,2073
24042,8313
24043,1135
24044,2651
24045,1439
24046,6111
24047,1644
24048,8872
24049,3121
24050,1700
24051,7725
24052,6650
24053,3967
24054,9166
24055,290
24056,4456
24057,2818
24058,5412
24059,1974
24060,832
24061,9639
24062,2071
24063,5185
24064,3875
24065,4304
24066,9666
24067,87
24068,2169
24069,3197
24070,9367
24071,7145
24072,799
24073,1573
24074,1332
24075,6683
24076,1512
24077,7126
24078,9693
24079,1669
24080,9517
24081,3072
24082,8326
24083,3072
24084,8720
24085,2080
24086,4267
24087,2563
24088,1054
24089,9989
24090,5967
24091,4588
24092,5631
24093,1976
24094,4979
24095,2260
24096,8343
24097,9205
24098,2024
24099,4634
24100,3618
24101,6729
24102,9170
24103,3935
24104,5878
24105,814
24106,1344
24107,677
24108,394
24109,9810
24110,3264
24111,3450
24112,2758
24113,22
24114,7736
24115,5413
24116,7464
24117,6161
24118,6240
24119,110
24120,4988
24121,9514
24122,6544
24123,4714
24124,459
24125,3177
24126,5390
24127,8322
24128,3866
24129,1085
24130,4423
24131,711
24132,3358
24133,8195
24134,6846
24135,8222
24136,5844
24137,2259
24138,3232
24139,5001
24140,9384
24141,8128
24142,2561
24143,8267
24144,8112
24145,8673
24146,2224
24147,8544
24148,727
24149,2470
24150,3265
24151,5800
24152,5344
24153,6840
24154,7764
24155,6950
24156,3642
24157,9257
24158,24
24159,8218
24160,9981
24161,1959
24162,8282
24163,6809
24164,6589
24165,3089
24166,8137
24167,9220
24168,8981
24169,1834
24170,6339
24171,3874
24172,2523
24173,6720
24174,8526
24175,3500
24176,8878
24177,6135
24178,8089
24179,4898
24180,2714
24181,9396
24182,6270
24183,9106
24184,4607
24185,2914
24186,1133
24187,6945
24188,4326
24189,2280
24190,2734
24191,8131
24192,7681
24193,2268
24194,3872
24195,9132
24196,3656
24197,7035
24198,1281
24199,8999
24200,3473
24201,8618
24202,4951
24203,907
24204,8254
24205,615
24206,3687
24207,4557
24208,8662
24209,784
24210,5266
24211,5501
24212,4040
24213,5166
24214,5783
24215,7185
24216,3528
24217,6785
24218,7616
24219,5388
24220,6683
24221,6454
24222,8686
24223,9389
24224,3737
24225,4006
24226,6391
24227,9911
24228,6822
24229,1999
24230,4355
24231,8184
24232,2724
24233,7056
24234,4196
24235,348
24236,9863
24237,5978
24238,7694
24239,6731
24240,8371
24241,6515
24242,6397
24243,8020
24244,6486
24245,3022
24246,7494
24247,2620
24248,2483
24249,5265
24250,2698
24251,4814
24252,1300
24253,8308
24254,2617
24255,8088
24256,1698
24257,6521
24258,8207
24259,8724
24260,6682
24261,3353
24262,75
24263,3420
24264,2991
24265,5598
24266,2825
24267,5106
24268,2027
24269,6683
24270,1752
24271,5730
24272,3519
24273,6396
24274,3544
24275,5146
24276,5595
24277,8564
24278,7168
24279,1644
24280,534
24281,4936
24282,1732
24283,8621
24284,6939
24285,6167
24286,3874
24287,1077
24288,9602
24289,6448
24290,1429
24291,7281
24292,4012
24293,639
24294,1844
24295,5328
24296,5010
24297,4141
24298,6739
24299,2363
24300,3065
24301,8213
24302,9633
24303,3167
24304,6092
24305,5873
24306,9636
24307,966
24308,3868
24309,4818
24310,6148
24311,8442
24312,7894
24313,7051
24314,1965
24315,5001
24316,4075
24317,2813
24318,1034
24319,8802
24320,2339
24321,2708
24322,4704
24323,3036
24324,7857
24325,9344
24326,1021
24327,7053
24328,5634
24329,9305
24330,9848
24331,1710
24332,228
24333,8088
24334,8928
24335,7162
24336,5836
24337,5595
24338,8068
24339,821
24340,5466
24341,7687
24342,4919
24343,4719
24344,4531
24345,9785
24346,4047
24347,9084
24348,8021
24349,441
24350,8185
24351,9149
24352,9869
24353,6558
24354,2549
24355,400
24356,92
24357,1012
24358,8682
24359,8978
24360,7406
24361,9956
24362,9450
24363,9338
24364,3266
24365,9737
24366,3254
24367,6017
24368,532
24369,1704
24370,2262
24371,4847
24372,7336
24373,8479
24374,157
24375,8158
24376,3630
24377,9141
24378,3719
24379,4347
24380,5104
24381,9425
24382,7482
24383,3373
24384,3033
24385,1827
24386,693
24387,5517
24388,6741
24389,9434
24390,8818
24391,2920
24392,2027
24393,4233
24394,2194
24395,1367
24396,6701
24397,6541
24398,4676
24399,7407
24400,2478
24401,7301
24402,7265
24403,3930
24404,4246
24405,1949
24406,3866
24407,60
24408,7140
24409,1370
24410,6815
24411,8567
24412,6040
24413,3055
24414,267
24415,54
24416,8470
24417,1344
24418,681
24419,7010
24420,3648
24421,6095
24422,244
24423,6844
24424,3217
24425,5574
24426,2410
24427,9619
24428,5099
24429,7561
24430,5015
24431,7500
24432,7750
24433,8641
24434,5192
24435,660
24436,43
24437,3042
24438,7654
24439,1120
24440,8663
24441,8523
24442,4520
24443,1884
24444,3049
24445,1266
24446,3250
24447,4273
24448,5279
24449,7727
24450,1419
24451,1842
24452,2034
24453,5746
24454,5003
24455,7644
24456,4967
24457,3223
24458,6218
24459,9654
24460,6463
24461,2763
24462,7338
24463,315
24464,1394
24465,3377
24466,1584
24467,882
24468,8370
24469,5588
24470,9805
24471,1040
24472,7774
24473,9936
24474,6741
24475,6915
24476,4452
24477,3677
24478,1286
24479,6563
24480,552
24481,8556
24482,4818
24483,7741
24484,593
24485,520
24486,6686
24487,6681
24488,9148
24489,7705
24490,3483
24491,1208
24492,4005
24493,4545
24494,5881
24495,3313
24496,2457
24497,9418
24498,7749
24499,6854
24500,1300
24501,5844
24502,7559
24503,6697
24504,8703
24505,7438
24506,396
24507,8613
24508,2016
24509,5223
24510,2157
24511,3878
24512,9540
24513,6047
24514,6647
24515,362
24516,4974
24517,3198
24518,1312
24519,7759
24520,856
24521,7531
24522,8727
24523,2534
24524,1888
24525,4115
24526,3640
24527,7680
24528,6677
24529,2829
24530,5989
24531,8087
24532,9260
24533,2499
24534,5698
24535,3274
24536,6033
24537,2303
24538,684
24539,6267
24540,1021
24541,8995
24542,242
24543,3037
24544,3619
24545,2183
24546,3394
24547,2338
24548,807
24549,7131
24550,3694
24551,4497
24552,7700
24553,2599
24554,4711
24555,8710
24556,7677
24557,6424
24558,1473
24559,3120
24560,1057
24561,4881
24562,5299
24563,4445
24564,8370
24565,1571
24566,7869
24567,6815
24568,7822
24569,6296
24570,7853
24571,584
24572,9944
24573,4026
24574,7237
24575,4034
24576,8732
24577,1000
24578,2130
24579,4974
24580,2451
24581,5887
24582,2530
24583,4418
24584,9663
24585,961
24586,974
24587,2144
24588,4464
24589,8896
24590,2254
24591,2813
24592,3921
24593,1418
24594,5247
24595,4603
24596,8061
24597,8663
24598,7673
24599,9819
24600,7123
24601,8152
24602,6387
24603,8618
24604,5611
24605,1398
24606,6306
24607,4377
24608,9948
24609,3988
24610,4500
24611,862
24612,6387
24613,9913
24614,6511
24615,8124
24616,8438
24617,1066
24618,2270
24619,9227
24620,918
24621,459
24622,578
24623,3508
24624,5880
24625,1318
24626,727
24627,9171
24628,3355
24629,7224
24630,7692
24631,2728
24632,9105
24633,9652
24634,1465
24635,7307
24636,7045
24637,4240
24638,541
24639,2277
24640,342
24641,5259
24642,7209
24643,5731
24644,9523
24645,8022
24646,7938
24647,9910
24648,6510
24649,410
24650,7049
24651,4001
24652,9680
24653,1067
24654,7943
24655,3003
24656,8243
24657,36
24658,3543
24659,2628
24660,9372
24661,6649
24662,6639
24663,7637
24664,7052
24665,8912
24666,2028
24667,4888
24668,2908
24669,6085
24670,2057
24671,5212
24672,1568
24673,1732
24674,4062
24675,1661
24676,5232
24677,1788
24678,693
24679,9481
24680,2020
24681,9417
24682,2592
24683,8515
24684,7453
24685,5502
24686,453
24687,1681
24688,3276
24689,7435
24690,5919
24691,7024
24692,5489
24693,7829
24694,5151
24695,725
24696,901
24697,3817
24698,510
24699,2650
24700,9555
24701,8904
24702,2343
24703,2204
24704,6947
24705,8585
24706,9087
24707,1601
24708,5069
24709,4408
24710,4450
24711,1793
24712,5395
24713,4127
24714,6992
24715,2593
24716,9931
24717,8464
24718,2440
24719,5679
24720,7070
24721,8593
24722,2946
24723,8741
24724,9317
24725,6719
24726,9085
24727,4333
24728,6626
24729,2429
24730,1409
24731,9778
24732,2094
24733,7814
24734,6997
24735,5166
24736,5319
24737,1545
24738,4763
24739,8291
24740,7058
24741,4200
24742,1664
24743,7563
24744,7462
24745,8567
24746,3970
24747,6844
24748,5101
24749,528
24750,3720
24751,839
24752,6637
24753,8472
24754,7998
24755,2996
24756,6785
24757,6700
24758,4824
24759,9209
24760,8806
24761,186
24762,9916
24763,8838
24764,6180
24765,2633
24766,2788
24767,3762
24768,8862
24769,4375
24770,4350
24771,4765
24772,8286
24773,3680
24774,9108
24775,3531
24776,1885
24777,3968
24778,2146
24779,9055
24780,516
24781,8609
24782,5400
24783,8725
24784,5623
24785,6760
24786,3060
24787,7102
24788,2407
24789,7922
24790,8529
24791,1319
24792,7212
24793,7710
24794,4728
24795,5960
24796,765
24797,155
24798,5126
24799,3584
24800,9829
24801,4933
24802,1868
24803,4732
24804,3608
24805,639
24806,3528
24807,6568
24808,4362
24809,7439
24810,9106
24811,5565
24812,8007
24813,117
24814,9244
24815,9590
24816,9878
24817,5508
24818,4265
24819,4205
24820,8466
24821,3831
24822,686
24823,5188
24824,5576
24825,3979
24826,5430
24827,617
24828,5684
24829,5898
24830,5342
24831,7366
24832,6796
24833,2404
24834,8080
24835,9362
24836,5159
24837,6299
24838,9693
24839,2031
24840,7794
24841,4608
24842,3025
24843,5320
24844,2058
24845,5979
24846,903
24847,9289
24848,6097
24849,2943
24850,2291
24851,8274
24852,1390
24853,493
24854,9231
24855,3789
24856,6111
24857,4964
24858,5963
24859,6290
24860,788
24861,3485
24862,4733
24863,6896
24864,6723
24865,8611
24866,1069
24867,6383
24868,7404
24869,2319
24870,1610
24871,2243
24872,9854
24873,7363
24874,9499
24875,361
24876,6479
24877,8666
24878,3176
24879,5263
24880,2219
24881,8757
24882,309
24883,3876
24884,8557
24885,573
24886,4898
24887,9224
24888,1200
24889,3220
24890,6388
24891,9228
24892,8457
24893,2428
24894,2573
24895,2961
24896,7393
24897,279
24898,6629
24899,5657
24900,9129
24901,8265
24902,4565
24903,1052
24904,5454
24905,5013
24906,4198
24907,9011
24908,3098
24909,1656
24910,497
24911,3091
24912,1757
24913,8950
24914,537
24915,1177
24916,4620
24917,4482
24918,7671
24919,5814
24920,493
24921,461
24922,4079
24923,5665
24924,7217
24925,4407
24926,5681
24927,3143
24928,1783
24929,5632
24930,9200
24931,7422
24932,2075
24933,8599
24934,6342
24935,7923
24936,1956
24937,3425
24938,1404
24939,2431
24940,3929
24941,7355
24942,3093
24943,8040
24944,8130
24945,1854
24946,1814
24947,9091
24948,2513
24949,1903
24950,1676
24951,4354
24952,6601
24953,3075
24954,5085
24955,3085
24956,1269
24957,2230
24958,5451
24959,8988
24960,4945
24961,2457
24962,3139
24963,1908
24964,7707
24965,6701
24966,4513
24967,3959
24968,8020
24969,7449
24970,26
24971,7969
24972,6251
24973,7916
24974,3032
24975,1276
24976,488
24977,4306
24978,3987
24979,6078
24980,4284
24981,6423
24982,7801
24983,495
24984,4683
24985,347
24986,9062
24987,6910
24988,2013
24989,1481
24990,6737
24991,2052
24992,1529
24993,6499
24994,8903
24995,4398
24996,7866
24997,9375
24998,1615
24999,5674
25000,6949
25001,5127
25002,5389
25003,2134
25004,5001
25005,6804
25006,1456
25007,3316
25008,2382
25009,160
25010,1669
25011,6149
25012,9080
25013,7209
25014,2329
25015,2893
25016,7813
25017,1525
25018,599
25019,597
25020,2629
25021,5497
25022,6233
25023,9397
25024,4363
25025,2615
25026,2548
25027,8767
25028,1766
25029,1370
25030,2383
25031,1205
25032,2141
25033,8019
25034,5653
25035,9769
25036,3420
25037,2377
25038,3353
25039,7291
25040,3107
25041,9462
25042,1343
25043,7175
25044,3346
25045,8167
25046,3094
25047,3397
25048,4723
25049,7815
25050,5111
25051,2441
25052,1026
25053,651
25054,4072
25055,8517
25056,450
25057,1148
25058,9116
25059,5253
25060,2313
25061,5960
25062,7056
25063,6616
25064,3431
25065,2088
25066,6113
25067,4160
25068,2210
25069,4561
25070,6439
25071,8237
25072,9019
25073,1956
25074,3966
25075,2235
25076,7725
25077,3335
25078,8709
25079,3755
25080,8170
25081,4824
25082,8661
25083,6113
25084,1415
25085,6100
25086,7297
25087,2046
25088,6044
25089,2687
25090,6154
25091,1754
25092,9433
25093,1187
25094,771
25095,4788
25096,6468
25097,5633
25098,4724
25099,3736
25100,9745
25101,1943
25102,3571
25103,7189
25104,4454
25105,2974
25106,9232
25107,7234
25108,8791
25109,3111
25110,3907
25111,3688
25112,1853
25113,1948
25114,8454
25115,7876
25116,7093
25117,5382
25118,1476
25119,745
25120,349
25121,1386
25122,4729
25123,714
25124,3734
25125,8199
25126,4428
25127,5269
25128,9670
25129,562
25130,3501
25131,799
25132,1183
25133,562
25134,3432
25135,4221
25136,8833
25137,279
25138,870
25139,300
25140,9659
25141,5880
25142,639
25143,7017
25144,5953
25145,484
25146,4642
25147,4090
25148,1770
25149,4718
25150,6930
25151,3408
25152,3571
25153,3854
25154,3814
25155,9826
25156,1518
25157,4120
25158,4863
25159,6841
25160,8205
25161,3457
25162,5594
25163,3801
25164,5091
25165,9362
25166,843
25167,5345
25168,5497
25169,6270
25170,9404
25171,2185
25172,9583
25173,4183
25174,2798
25175,7470
25176,8543
25177,9563
25178,6731
25179,4201
25180,7322
25181,8197
25182,4626
25183,1005
25184,366
25185,8387
25186,1703
25187,2600
25188,9544
25189,7931
25190,1701
25191,9284
25192,2067
25193,2914
25194,4461
25195,6947
25196,2390
25197,8218
25198,8525
25199,2080
25200,940
25201,1454
25202,8604
25203,3412
25204,4562
25205,9708
25206,1531
25207,3108
25208,8130
25209,7365
25210,2197
25211,2578
25212,8293
25213,4957
25214,4950
25215,4772
25216,1763
25217,5064
25218,4902
25219,5791
25220,97
25221,1651
25222,2972
25223,5423
25224,7430
25225,8752
25226,6920
25227,5183
25228,5239
25229,8825
25230,3767
25231,4806
25232,3302
25233,3842
25234,2621
25235,8363
25236,8238
25237,9047
25238,6776
25239,7547
25240,5306
25241,3356
25242,4064
25243,4210
25244,8537
25245,1570
25246,7532
25247,4174
25248,6730
25249,8863
25250,5449
25251,4862
25252,6605
25253,6723
25254,3193
25255,9687
25256,8042
25257,2419
25258,4308
25259,2544
25260,5609
25261,13
25262,36
25263,5171
25264,974
25265,6217
25266,3106
25267,81
25268,5611
25269,2957
25270,6248
25271,4500
25272,2421
25273,8318
25274,2934
25275,2847
25276,586
25277,8973
25278,7917
25279,8401
25280,1765
25281,8381
25282,2415
25283,6893
25284,8173
25285,6149
25286,2998
25287,5794
25288,9804
25289,1129
25290,2224
25291,8010
25292,8075
25293,2911
25294,1095
25295,183
25296,3542
25297,1248
25298,4844
25299,3823
25300,7094
25301,8022
25302,1983
25303,3792
25304,2254
25305,9859
25306,8614
25307,7231
25308,7824
25309,1392
25310,1133
25311,5191
25312,4022
25313,2253
25314,2599
25315,9980
25316,1139
25317,8846
25318,9759
25319,6309
25320,4511
25321,7049
25322,2783
25323,2795
25324,6950
25325,1716
25326,2611
25327,8576
25328,1622
25329,464
25330,4307
25331,1485
25332,9055
25333,8925
25334,1401
25335,8463
25336,8018
25337,8744
25338,8752
25339,5435
25340,647
25341,8366
25342,2815
25343,8822
25344,1233
25345,3352
25346,8252
25347,498
25348,5152
25349,8866
25350,1256
25351,6071
25352,2720
25353,4371
25354,3962
25355,890
25356,444
25357,6134
25358,8114
25359,5194
25360,1994
25361,9994
25362,2808
25363,7613
25364,1503
25365,2689
25366,1635
25367,3027
25368,1857
25369,3256
25370,9740
25371,1326
25372,9921
25373,1960
25374,233
25375,2036
25376,1557
25377,3788
25378,6521
25379,5795
25380,7767
25381,3733
25382,1533
25383,1982
25384,4614
25385,626
25386,4525
25387,5201
25388,5784
25389,2631
25390,2103
25391,9966
25392,3186
25393,9334
25394,7494
25395,3580
25396,1076
25397,2156
25398,715
25399,2368
25400,3544
25401,3822
25402,3778
25403,5988
25404,2329
25405,8173
25406,5231
25407,219
25408,4844
25409,2817
25410,3972
25411,2400
25412,5529
25413,4804
25414,2454
25415,8342
25416,8493
25417,2874
25418,4187
25419,2617
25420,3946
25421,2927
25422,2228
25423,1807
25424,9178
25425,8781
25426,2583
25427,2599
25428,3293
25429,1471
25430,4427
25431,723
25432,2433
25433,7230
25434,1900
25435,3577
25436,5385
25437,9880
25438,2157
25439,9119
25440,1816
25441,4061
25442,8761
25443,8830
25444,3772
25445,9208
25446,8250
25447,6920
25448,6183
25449,2142
25450,6942
25451,1535
25452,338
25453,2667
25454,8789
25455,5982
25456,5378
25457,5981
25458,3215
25459,6843
25460,6151
25461,7542
25462,7917
25463,1608
25464,3861
25465,7592
25466,7833
25467,4617
25468,9610
25469,5517
25470,5944
25471,9213
25472,5578
25473,4669
25474,4408
25475,6252
25476,9531
25477,6621
25478,6722
25479,2033
25480,6186
25481,4517
25482,3195
25483,7733
25484,205
25485,9992
25486,1116
25487,2799
25488,8740
25489,4794
25490,728
25491,7086
25492,4005
25493,315
25494,5440
25495,8589
25496,8926
25497,8196
25498,2606
25499,2445
25500,8380
25501,1913
25502,9906
25503,3393
25504,4185
25505,7191
25506,4552
25507,5501
25508,8297
25509,1293
25510,257
25511,6652
25512,991
25513,4373
25514,1575
25515,2151
25516,745
25517,458
25518,7544
25519,1845
25520,4725
25521,623
25522,9635
25523,6244
25524,5638
25525,886
25526,9335
25527,681
25528,1640
25529,7449
25530,370
25531,7383
25532,3911
25533,807
25534,1793
25535,7061
25536,76
25537,5687
25538,2100
25539,6080
25540,5942
25541,8435
25542,9424
25543,1065
25544,6266
25545,3357
25546,9371
25547,4111
25548,7517
25549,8695
25550,3189
25551,6224
25552,1373
25553,7277
25554,1066
25555,152
25556,4841
25557,7809
25558,2274
25559,1934
25560,2491
25561,6987
25562,7906
25563,3135
25564,9143
25565,9817
25566,7060
25567,6021
25568,4160
25569,9673
25570,9260
25571,7014
25572,9208
25573,1230
25574,4671
25575,4876
25576,1807
25577,5984
25578,2881
25579,8715
25580,1627
25581,7015
25582,6081
25583,4622
25584,3767
25585,2042
25586,8906
25587,9875
25588,4963
25589,4324
25590,4673
25591,9979
25592,7061
25593,5642
25594,5506
25595,902
25596,981
25597,112
25598,9309
25599,6061
25600,5155
25601,3256
25602,5864
25603,3722
25604,3427
25605,6455
25606,5427
25607,4161
25608,6527
25609,3669
25610,9121
25611,7516
25612,4562
25613,5683
25614,2167
25615,591
25616,805
25617,1893
25618,6054
25619,9011
25620,5230
25621,582
25622,1216
25623,3090
25624,2470
25625,9943
25626,4015
25627,4935
25628,2623
25629,1725
25630,5255
25631,1579
25632,686
25633,2523
25634,9002
25635,9343
25636,3062
25637,2041
25638,1518
25639,9312
25640,4339
25641,922
25642,5253
25643,5332
25644,1065
25645,7640
25646,7117
25647,5680
25648,1760
25649,7585
25650,6397
25651,3022
25652,3438
25653,6473
25654,5148
25655,8558
25656,6270
25657,5265
25658,4401
25659,7557
25660,7332
25661,9819
25662,9825
25663,5234
25664,9867
25665,7961
25666,9797
25667,1999
25668,8730
25669,2614
25670,2417
25671,73
25672,2822
25673,4037
25674,111
25675,3145
25676,1190
25677,5519
25678,7540
25679,2738
25680,7641
25681,8600
25682,414
25683,2883
25684,3278
25685,2704
25686,2477
25687,4325
25688,1931
25689,3969
25690,6850
25691,9742
25692,4858
25693,7633
25694,3378
25695,7882
25696,689
25697,7516
25698,757
25699,1331
25700,7937
25701,3758
25702,5872
25703,4799
25704,543
25705,1828
25706,2351
25707,6704
25708,5016
25709,4555
25710,9670
25711,7237
25712,4917
25713,7988
25714,4495
25715,1245
25716,9910
25717,7665
25718,1155
25719,7430
25720,1485
25721,2931
25722,5689
25723,7706
25724,5425
25725,4948
25726,1614
25727,5057
25728,8753
25729,8185
25730,7629
25731,6127
25732,7939
25733,1846
25734,5914
25735,6486
25736,7283
25737,9326
25738,1392
25739,9972
25740,3410
25741,8066
25742,8236
25743,2214
25744,3354
25745,3024
25746,7929
25747,9982
25748,1638
25749,6774
25750,9531
25751,5755
25752,9761
25753,9006
25754,1300
25755,7020
25756,2596
25757,6133
25758,4940
25759,2560
25760,965
25761,8781
25762,2007
25763,6993
25764,9867
25765,7139
25766,2140
25767,7219
25768,6309
25769,3750
25770,2510
25771,9844
25772,7461
25773,5317
25774,6777
25775,1507
25776,8823
25777,3154
25778,9661
25779,8035
25780,302
25781,8856
25782,2814
25783,7614
25784,7149
25785,7838
25786,6213
25787,1631
25788,7881
25789,4024
25790,3515
25791,8720
25792,2695
25793,37
25794,275
25795,9508
25796,7115
25797,6916
25798,5085
25799,5829
25800,820
25801,4686
25802,3400
25803,620
25804,4556
25805,5037
25806,5734
25807,212
25808,411
25809,2037
25810,9091
25811,188
25812,5827
25813,1989
25814,7195
25815,3994
25816,5675
25817,5031
25818,5532
25819,5522
25820,2993
25821,8552
25822,4292
25823,5538
25824,7998
25825,7285
25826,2797
25827,4636
25828,6571
25829,6362
25830,4818
25831,8639
25832,5898
25833,5747
25834,2368
25835,8584
25836,5400
25837,4226
25838,416
25839,4350
25840,75
25841,237
25842,2194
25843,6810
25844,9714
25845,7761
25846,9131
25847,5833
25848,1190
25849,9241
25850,1111
25851,2109
25852,523
25853,1842
25854,7147
25855,5817
25856,3126
25857,5860
25858,7608
25859,4353
25860,4638
25861,6194
25862,8991
25863,1310
25864,1957
25865,2252
25866,9296
25867,1368
25868,3666
25869,317
25870,1460
25871,7376
25872,2133
25873,4892
25874,2852
25875,1674
25876,6383
25877,3958
25878,9596
25879,4082
25880,3644
25881,224
25882,3082
25883,4482
25884,2469
25885,3716
25886,1216
25887,8611
25888,3479
25889,8417
25890,4857
25891,358
25892,3661
25893,2888
25894,4759
25895,4004
25896,12
25897,1127
25898,9284
25899,6893
25900,1527
25901,4856
25902,3589
25903,2389
25904,9214
25905,4274
25906,2833
25907,858
25908,9906
25909,5046
25910,215
25911,530
25912,3586
25913,5123
25914,6268
25915,6817
25916,2144
25917,4848
25918,2485
25919,5827
25920,4555
25921,7803
25922,795
25923,8153
25924,7718
25925,4107
25926,5207
25927,2167
25928,8880
25929,3538
25930,3569
25931,8144
25932,8572
25933,2947
25934,8182
25935,8148
25936,5151
25937,731
25938,933
25939,5401
25940,7667
25941,845
25942,2503
25943,2989
25944,2434
25945,4531
25946,2386
25947,463
25948,3469
25949,3557
25950,1158
25951,532
25952,4587
25953,131
25954,3628
25955,6640
25956,3732
25957,3093
25958,5940
25959,6733
25960,4823
25961,3317
25962,3652
25963,2827
25964,7431
25965,7057
25966,9686
25967,8478
25968,5598
25969,7397
25970,9450
25971,9326
25972,9859
25973,9955
25974,3412
25975,4342
25976,8953
25977,174
25978,6999
25979,9894
25980,1966
25981,3870
25982,2785
25983,1778
25984,6236
25985,6631
25986,792
25987,7830
25988,9156
25989,9861
25990,150
25991,729
25992,1660
25993,7895
25994,3583
25995,1025
25996,4393
25997,8544
25998,6302
25999,6363
26000,9177
26001,3130
26002,1833
26003,4436
26004,20
26005,4614
26006,9670
26007,9315
26008,8823
26009,910
26010,3757
26011,1481
26012,6871
26013,3113
26014,8528
26015,83
26016,260
26017,2507
26018,4638
26019,8497
26020,307
26021,8503
26022,8786
26023,6527
26024,1644
26025,5015
26026,6039
26027,8254
26028,5625
26029,2854
26030,5633
26031,4600
26032,4958
26033,5200
26034,7894
26035,6342
26036,672
26037,8209
26038,6485
26039,3097
26040,4771
26041,678
26042,9487
26043,3630
26044,170
26045,6470
26046,27
26047,2543
26048,6520
26049,4456
26050,5564
26051,2928
26052,9255
26053,325
26054,4842
26055,2221
26056,7079
26057,8521
26058,5143
26059,6432
26060,4537
26061,2725
26062,8835
26063,9907
26064,6675
26065,7117
26066,5142
26067,8874
26068,8672
26069,6792
26070,2617
26071,3342
26072,4707
26073,9584
26074,6755
26075,5644
26076,6270
26077,1195
26078,7005
26079,6119
26080,6451
26081,925
26082,7474
26083,1627
26084,9885
26085,2435
26086,435
26087,1797
26088,2594
26089,4658
26090,178
26091,524
26092,3445
26093,4535
26094,2626
26095,8892
26096,3214
26097,7775
26098,8554
26099,1127
26100,1415
26101,5424
26102,6351
26103,4184
26104,687
26105,8752
26106,9021
26107,223
26108,1676
26109,9095
26110,4264
26111,2796
26112,8223
26113,5870
26114,1271
26115,1182
26116,4890
26117,2064
26118,2825
26119,4684
26120,5206
26121,4594
26122,5031
26123,6240
26124,9989
26125,2641
26126,6355
26127,8106
26128,6310
26129,7358
26130,5854
26131,2186
26132,5372
26133,8107
26134,5609
26135,9078
26136,4268
26137,9156
26138,4129
26139,6650
26140,4298
26141,887
26142,4495
26143,2554
26144,5069
26145,7174
26146,2610
26147,3538
26148,2418
26149,4870
26150,3958
26151,9440
26152,2344
26153,777
26154,4893
26155,4216
26156,5958
26157,7095
26158,754
26159,4184
26160,9719
26161,7208
26162,2566
26163,5076
26164,7807
26165,4171
26166,9596
26167,296
26168,3257
26169,5109
26170,13
26171,5945
26172,421
26173,4355
26174,3737
26175,1366
26176,8359
26177,1610
26178,7167
26179,5716
26180,5569
26181,7206
26182,5083
26183,2392
26184,162
26185,9831
26186,2806
26187,7292
26188,6961
26189,2815
26190,4090
26191,9257
26192,5860
26193,7372
26194,1338
26195,2402
26196,3163
26197,8202
26198,176
26199,3264
26200,5070
26201,1895
26202,4378
26203,7539
26204,909
26205,2258
26206,3422
26207,6459
26208,9421
26209,3142
26210,8165
26211,8146
26212,369
26213,6460
26214,7657
26215,8535
26216,740
26217,7077
26218,9699
26219,1427
26220,7777
26221,7898
26222,3773
26223,9945
26224,6938
26225,5706
26226,888
26227,5492
26228,2894
26229,2307
26230,8862
26231,7381
26232,3995
26233,1279
26234,1304
26235,1019
26236,1767
26237,7786
26238,9393
26239,6588
26240,8190
26241,9255
26242,2851
26243,5726
26244,2414
26245,3572
26246,1281
26247,9921
26248,8454
26249,2778
26250,9761
26251,7811
26252,8938
26253,6152
26254,1938
26255,6276
26256,5423
26257,6838
26258,2200
26259,1012
26260,6664
26261,8104
26262,6077
26263,3762
26264,6210
26265,4147
26266,3712
26267,5953
26268,4448
26269,4437
26270,5566
26271,8542
26272,2398
26273,7002
26274,6335
26275,1710
26276,5393
26277,1243
26278,2308
26279,8339
26280,2940
26281,1843
26282,2149
26283,8409
26284,9889
26285,6446
26286,2218
26287,7563
26288,5632
26289,9052
26290,6296
26291,7946
26292,3700
26293,2619
26294,6188
26295,233
26296,3784
26297,9613
26298,7926
26299,8524
26300,5983
26301,9713
26302,2096
26303,6906
26304,7493
26305,7673
26306,7294
26307,5471
26308,2297
26309,8888
26310,9670
26311,4845
26312,9198
26313,2544
26314,5540
26315,632
26316,1085
26317,6886
26318,8505
26319,8865
26320,5247
26321,4004
26322,2704
26323,4314
26324,3208
26325,5422
26326,8720
26327,7399
26328,4443
26329,5919
26330,8027
26331,3820
26332,922
26333,7452
26334,4912
26335,3198
26336,9517
26337,3238
26338,581
26339,7778
26340,5145
26341,8299
26342,4043
26343,1649
26344,6453
26345,4852
26346,5551
26347,4037
26348,270
26349,9137
26350,1807
26351,341
26352,4220
26353,8469
26354,2069
26355,82
26356,5121
26357,2931
26358,3898
26359,187
26360,2009
26361,8973
26362,9147
26363,7436
26364,4505
26365,279
26366,1665
26367,2543
26368,4992
26369,4371
26370,6128
26371,8706
26372,2414
26373,2211
26374,6029
26375,5669
26376,1163
26377,4171
26378,1346
26379,8608
26380,3488
26381,286
26382,6768
26383,3490
26384,2371
26385,5378
26386,8662
26387,2456
26388,9784
26389,7611
26390,5061
26391,3527
26392,4812
26393,2385
26394,7860
26395,6754
26396,6399
26397,6258
26398,981
26399,7146
26400,9527
26401,8354
26402,3970
26403,3096
26404,8931
26405,3977
26406,4961
26407,4012
26408,2342
26409,9775
26410,4385
26411,695
26412,3898
26413,9781
26414,978
26415,7330
26416,2043
26417,7085
26418,5271
26419,8969
26420,655
26421,4131
26422,8122
26423,9281
26424,6446
26425,8838
26426,7107
26427,8302
26428,5596
26429,878
26430,5924
26431,8223
26432,6365
26433,1913
26434,2586
26435,4119
26436,4624
26437,8024
26438,3303
26439,1945
26440,625
26441,5067
26442,8488
26443,1933
26444,6465
26445,7614
26446,8162
26447,2783
26448,5203
26449,9194
26450,9786
26451,1913
26452,9077
26453,153
26454,7506
26455,2266
26456,9324
26457,709
26458,6328
26459,280
26460,8264
26461,1017
26462,7213
26463,3734
26464,6609
26465,9494
26466,6497
26467,7927
26468,4519
26469,5410
26470,4330
26471,9379
26472,5482
26473,7216
26474,6882
26475,7933
26476,4726
26477,7128
26478,2630
26479,2546
26480,5113
26481,7090
26482,5327
26483,1205
26484,8709
26485,414
26486,1304
26487,6064
26488,3635
26489,7878
26490,2829
26491,4769
26492,5755
26493,7574
26494,3647
26495,1883
26496,1416
26497,5524
26498,1587
26499,7782
26500,5389
26501,5321
26502,8838
26503,5557
26504,817
26505,2405
26506,4534
26507,1425
26508,7518
26509,2459
26510,3506
26511,7113
26512,4742
26513,7032
26514,7505
26515,8716
26516,5109
26517,7342
26518,3304
26519,2918
26520,5426
26521,9568
26522,8542
26523,9762
26524,5680
26525,2478
26526,2438
26527,3698
26528,6158
26529,2037
26530,7181
26531,325
26532,3999
26533,9303
26534,540
26535,7894
26536,1869
26537,4767
26538,7882
26539,9421
26540,9968
26541,1077
26542,737
26543,253
26544,9987
26545,721
26546,7934
26547,9710
26548,8472
26549,9999
26550,2570
26551,5149
26552,3570
26553,4013
26554,2187
26555,847
26556,3724
26557,3088
26558,9978
26559,5042
26560,1660
26561,2958
26562,2530
26563,7279
26564,7607
26565,9374
26566,372
26567,8851
26568,2266
26569,7362
26570,9337
26571,4368
26572,5307
26573,4871
26574,885
26575,5965
26576,7139
26577,3861
26578,9354
26579,7815
26580,6666
26581,1932
26582,8830
26583,9926
26584,1138
26585,4571
26586,8965
26587,1029
26588,5034
26589,7584
26590,3937
26591,2851
26592,5487
26593,8876
26594,1018
26595,1236
26596,1645
26597,7271
26598,8525
26599,7539
26600,1695
26601,3722
26602,7068
26603,8743
26604,2954
26605,1337
26606,5916
26607,8840
26608,2270
26609,1439
26610,9163
26611,2972
26612,7396
26613,2478
26614,3238
26615,8330
26616,4409
26617,3976
26618,9118
26619,5291
26620,5027
26621,5165
26622,1260
26623,4698
26624,4083
26625,3797
26626,9141
26627,5668
26628,9203
26629,3782
26630,2222
26631,6877
26632,6973
26633,9812
26634,9829
26635,5703
26636,4001
26637,9305
26638,2197
26639,3042
26640,3913
26641,8230
26642,9462
26643,3680
26644,5737
26645,4904
26646,5528
26647,2346
26648,3333
26649,7130
26650,7869
26651,109
26652,3666
26653,6796
26654,703
26655,4811
26656,8219
26657,3719
26658,2780
26659,1040
26660,4485
26661,4219
26662,7005
26663,1629
26664,9052
26665,9177
26666,2526
26667,9717
26668,8005
26669,1135
26670,8694
26671,6916
26672,5614
26673,3046
26674,2536
26675,176
26676,4199
26677,7358
26678,585
26679,7181
26680,8807
26681,3353
26682,1828
26683,9357
26684,9017
26685,6033
26686,9737
26687,7989
26688,9164
26689,5181
26690,5419
26691,4551
26692,6390
26693,3870
26694,1524
26695,1077
26696,891
26697,6919
26698,5042
26699,6512
26700,3649
26701,9751
26702,4567
26703,8302
26704,3542
26705,2826
26706,6421
26707,417
26708,7214
26709,2525
26710,8143
26711,1749
26712,4062
26713,268
26714,8710
26715,5796
26716,3693
26717,4730
26718,3736
26719,688
26720,9485
26721,9108
26722,8469
26723,6136
26724,4916
26725,7908
26726,1210
26727,5365
26728,1126
26729,6354
26730,5940
26731,9100
26732,1068
26733,7294
26734,697
26735,5587
26736,5600
26737,8162
26738,7073
26739,8989
26740,8405
26741,2501
26742,4832
26743,7014
26744,7021
26745,5710
26746,4872
26747,5360
26748,9428
26749,9115
26750,9621
26751,365
26752,3482
26753,8442
26754,7720
26755,8822
26756,864
26757,6373
26758,6714
26759,3634
26760,5456
26761,9262
26762,8583
26763,6041
26764,6192
26765,1142
26766,2486
26767,3145
26768,2089
26769,954
26770,5850
26771,3972
26772,6684
26773,844
26774,3760
26775,4194
26776,7188
26777,5178
26778,5001
26779,8156
26780,5300
26781,4248
26782,8408
26783,8175
26784,3544
26785,2062
26786,8161
26787,38
26788,9415
26789,8389
26790,1870
26791,7944
26792,2582
26793,8061
26794,6138
26795,4024
26796,4262
26797,2137
26798,2717
26799,9943
26800,1823
26801,7826
26802,8361
26803,8545
26804,8406
26805,8506
26806,8601
26807,6259
26808,6495
26809,9187
26810,1815
26811,5057
26812,5550
26813,2106
26814,5347
26815,1469
26816,6944
26817,9547
26818,8432
26819,3792
26820,3510
26821,9084
26822,5615
26823,6429
26824,8634
26825,9410
26826,7899
26827,5248
26828,1827
26829,7580
26830,5113
26831,627
26832,8519
26833,6295
26834,466
26835,510
26836,8084
26837,2325
26838,3884
26839,6640
26840,4983
26841,4784
26842,1013
26843,6858
26844,4206
26845,6725
26846,1076
26847,4726
26848,9830
26849,6618
26850,3244
26851,6504
26852,4508
26853,5277
26854,6181
26855,8105
26856,3679
26857,4725
26858,9667
26859,6079
26860,1971
26861,885
26862,8744
26863,3526
26864,3875
26865,4509
26866,9220
26867,7243
26868,9630
26869,5957
26870,584
26871,1468
26872,7405
26873,9701
26874,9693
26875,3182
26876,2480
26877,3437
26878,7808
26879,7746
26880,4216
26881,2210
26882,2974
26883,6915
26884,3323
26885,2937
26886,8883
26887,8480
26888,4468
26889,1658
26890,5537
26891,9360
26892,8194
26893,2351
26894,1528
26895,1848
26896,880
26897,5548
26898,9543
26899,5487
26900,9373
26901,1138
26902,6509
26903,1294
26904,8772
26905,2874
26906,6055
26907,1987
26908,8648
26909,9482
26910,5049
26911,7049
26912,8838
26913,2983
26914,4636
26915,128
26916,8009
26917,2302
26918,2114
26919,1077
26920,433
26921,3829
26922,7713
26923,1290
26924,3442
26925,772
26926,1639
26927,5509
26928,8644
26929,3024
26930,1507
26931,8290
26932,9181
26933,8663
26934,3562
26935,7647
26936,8581
26937,4506
26938,4656
26939,2993
26940,3070
26941,7844
26942,6814
26943,7520
26944,2960
26945,4550
26946,7428
26947,6073
26948,7671
26949,3431
26950,2000
26951,3866
26952,1492
26953,2555
26954,4230
26955,652
26956,3928
26957,1596
26958,2419
26959,6514
26960,64
26961,851
26962,6938
26963,4597
26964,9186
26965,2916
26966,5098
26967,5066
26968,5992
26969,2282
26970,6151
26971,8025
26972,8304
26973,9171
26974,1081
26975,746
26976,9567
26977,6386
26978,7759
26979,3640
26980,237
26981,6675
26982,5721
26983,6166
26984,3580
26985,8646
26986,8003
26987,1629
26988,2214
26989,2713
26990,7752
26991,7584
26992,9383
26993,807
26994,9036
26995,3009
26996,2774
26997,3694
26998,8209
26999,6249
27000,3884
27001,3339
27002,6079
27003,5594
27004,8815
27005,8890
27006,9099
27007,8311
27008,1170
27009,3620
27010,4754
27011,7341
27012,2013
27013,8045
27014,1537
27015,7328
27016,7244
27017,5179
27018,4620
27019,6731
27020,8707
27021,4260
27022,6636
27023,2865
27024,3974
27025,7945
27026,1684
27027,9392
27028,2402
27029,6888
27030,1931
27031,4443
27032,1837
27033,726
27034,640
27035,4870
27036,8286
27037,3778
27038,8938
27039,2717
27040,8428
27041,3367
27042,9509
27043,7870
27044,4214
27045,4240
27046,5043
27047,4396
27048,8167
27049,7685
27050,9854
27051,1877
27052,6975
27053,7206
27054,36
27055,6166
27056,9134
27057,6598
27058,5777
27059,476
27060,7699
27061,2710
27062,9700
27063,8819
27064,3787
27065,2697
27066,5342
27067,6816
27068,5066
27069,9706
27070,189
27071,8006
27072,5474
27073,6730
27074,931
27075,3102
27076,5537
27077,9712
27078,7475
27079,2729
27080,8123
27081,9225
27082,161
27083,8214
27084,8916
27085,3635
27086,8450
27087,1154
27088,4492
27089,4544
27090,730
27091,4578
27092,3239
27093,1016
27094,4738
27095,7109
27096,7126
27097,3823
27098,547
27099,2695
27100,1990
27101,5916
27102,549
27103,7056
27104,7271
27105,8685
27106,9230
27107,6310
27108,61
27109,8444
27110,1696
27111,2831
27112,6573
27113,8130
27114,8106
27115,8626
27116,8896
27117,8555
27118,3700
27119,1699
27120,8494
27121,726
27122,7293
27123,4585
27124,4582
27125,647
27126,7989
27127,9501
27128,3958
27129,8891
27130,5560
27131,8913
27132,8640
27133,3351
27134,5560
27135,4248
27136,1793
27137,9069
27138,1498
27139,7170
27140,477
27141,5593
27142,1427
27143,5915
27144,1786
27145,1091
27146,2935
27147,4094
27148,7638
27149,6205
27150,1021
27151,7912
27152,823
27153,282
27154,3654
27155,1726
27156,6286
27157,6242
27158,6838
27159,366
27160,213
27161,3755
27162,1606
27163,6624
27164,506
27165,72
27166,1589
27167,8741
27168,4303
27169,4886
27170,7860
27171,4135
27172,2723
27173,5338
27174,9282
27175,7897
27176,3389
27177,1608
27178,7643
27179,9830
27180,3188
27181,8054
27182,5123
27183,3382
27184,6773
27185,1079
27186,2786
27187,1202
27188,823
27189,1162
27190,5842
27191,1893
27192,277
27193,3681
27194,2822
27195,6572
27196,7023
27197,5187
27198,4095
27199,393
27200,2860
27201,6731
27202,7093
27203,1059
27204,1843
27205,8999
27206,4477
27207,2985
27208,5165
27209,7708
27210,8010
27211,1300
27212,7971
27213,7609
27214,7196
27215,7516
27216,2197
27217,8268
27218,9594
27219,7801
27220,6780
27221,9903
27222,8780
27223,7944
27224,1615
27225,7997
27226,7175
27227,6064
27228,4515
27229,7257
27230,5817
27231,6266
27232,8061
27233,4294
27234,2164
27235,7752
27236,2814
27237,2230
27238,9200
27239,731
27240,9416
27241,9895
27242,6984
27243,5813
27244,3404
27245,4035
27246,8138
27247,5166
27248,4822
27249,8660
27250,9903
27251,8828
27252,2466
27253,216
27254,1366
27255,7471
27256,7166
27257,8161
27258,6532
27259,2683
27260,1059
27261,6833
27262,2601
27263,6886
27264,4014
27265,5983
27266,8292
27267,8677
27268,8066
27269,2056
27270,5317
27271,7746
27272,3700
27273,3276
27274,4639
27275,2755
27276,7033
27277,8286
27278,2649
27279,4946
27280,86
27281,6483
27282,3514
27283,2434
27284,6494
27285,5306
27286,6577
27287,6096
27288,2231
27289,415
27290,2139
27291,6844
27292,407
27293,3483
27294,4999
27295,3936
27296,1954
27297,8639
27298,5401
27299,5409
27300,232
27301,1620
27302,7840
27303,4614
27304,4010
27305,2674
27306,1075
27307,5374
27308,9478
27309,5403
27310,7112
27311,7511
27312,613
27313,5140
27314,6305
27315,8390
27316,7113
27317,8877
27318,647
27319,1854
27320,56
27321,829
27322,3817
27323,3032
27324,1090
27325,3156
27326,1287
27327,6751
27328,2227
27329,5275
27330,2896
27331,5644
27332,8997
27333,3338
27334,7303
27335,3016
27336,6968
27337,7982
27338,4153
27339,5527
27340,1228
27341,8028
27342,9962
27343,8926
27344,1354
27345,147
27346,4460
27347,4916
27348,2769
27349,68
27350,780
27351,398
27352,3432
27353,7022
27354,4862
27355,605
27356,8637
27357,9675
27358,1992
27359,8975
27360,8219
27361,4340
27362,5439
27363,1702
27364,2780
27365,4386
27366,4936
27367,3277
27368,9340
27369,7574
27370,1705
27371,1596
27372,4690
27373,5457
27374,5470
27375,7975
27376,2278
27377,7259
27378,7471
27379,3496
27380,5811
27381,2759
27382,7795
27383,6985
27384,1415
27385,3585
27386,2737
27387,6497
27388,6301
27389,2511
27390,947
27391,1765
27392,3400
27393,5826
27394,1226
27395,1213
27396,1900
27397,8592
27398,7698
27399,6510
27400,6726
27401,3756
27402,8300
27403,2205
27404,4675
27405,9203
27406,7359
27407,9772
27408,4408
27409,3639
27410,7776
27411,6157
27412,1073
27413,8840
27414,9344
27415,8753
27416,3285
27417,986
27418,4079
27419,6412
27420,355
27421,4952
27422,2952
27423,7414
27424,1086
27425,9373
27426,3780
27427,5662
27428,8434
27429,8058
27430,460
27431,9564
27432,360
27433,9510
27434,4014
27435,4688
27436,254
27437,4655
27438,4744
27439,450
27440,9669
27441,5925
27442,421
27443,823
27444,4688
27445,1740
27446,6653
27447,1984
27448,559
27449,1947
27450,213
27451,3598
27452,7093
27453,2546
27454,5798
27455,8308
27456,3821
27457,2711
27458,7835
27459,5984
27460,3946
27461,4100
27462,9159
27463,6966
27464,9262
27465,2556
27466,3746
27467,1682
27468,411
27469,8803
27470,4323
27471,6362
27472,8489
27473,97
27474,7156
27475,6289
27476,2215
27477,2977
27478,4260
27479,3544
27480,8421
27481,9684
27482,3248
27483,8523
27484,2748
27485,4946
27486,1846
27487,2569
27488,1578
27489,4730
27490,7967
27491,8554
27492,9230
27493,6535
27494,7945
27495,9129
27496,8231
27497,7524
27498,7075
27499,6747
27500,2550
27501,3829
27502,8696
27503,8033
27504,9074
27505,844
27506,3334
27507,639
27508,2996
27509,8231
27510,8089
27511,7943
27512,3792
27513,9008
27514,6495
27515,5416
27516,3478
27517,7154
27518,8422
27519,5285
27520,5877
27521,9545
27522,6526
27523,4636
27524,2272
27525,2424
27526,5250
27527,9059
27528,5132
27529,5003
27530,8974
27531,2502
27532,8221
27533,9007
27534,9582
27535,2185
27536,2415
27537,3373
27538,7351
27539,7910
27540,9082
27541,9535
27542,9886
27543,1615
27544,2567
27545,8645
27546,2052
27547,788
27548,3169
27549,6405
27550,1756
27551,5984
27552,5160
27553,430
27554,2118
27555,4684
27556,5355
27557,4006
27558,6092
27559,9560
27560,3920
27561,2636
27562,500
27563,9497
27564,5942
27565,3381
27566,4074
27567,5847
27568,4999
27569,5981
27570,3390
27571,5699
27572,8613
27573,9624
27574,7483
27575,1686
27576,7800
27577,5292
27578,9848
27579,2721
27580,9441
27581,612
27582,1947
27583,8131
27584,8227
27585,6822
27586,1077
27587,5262
27588,5873
27589,389
27590,9486
27591,5512
27592,3192
27593,3757
27594,5206
27595,5142
27596,6050
27597,4130
27598,8747
27599,5269
27600,8476
27601,2932
27602,3397
27603,5452
27604,5562
27605,4023
27606,5377
27607,8312
27608,6969
27609,9957
27610,6300
27611,9569
27612,9730
27613,561
27614,143
27615,6617
27616,6609
27617,5134
27618,1070
27619,7394
27620,2196
27621,2675
27622,3180
27623,2656
27624,605
27625,4116
27626,5827
27627,3431
27628,2288
27629,1174
27630,627
27631,460
27632,7382
27633,1902
27634,5538
27635,2464
27636,3818
27637,9486
27638,1767
27639,232
27640,6963
27641,7046
27642,9102
27643,2375
27644,1619
27645,7231
27646,1233
27647,1917
27648,9564
27649,5820
27650,6458
27651,7976
27652,9470
27653,4947
27654,5758
27655,1241
27656,9949
27657,747
27658,4446
27659,2989
27660,9983
27661,539
27662,7151
27663,4428
27664,9406
27665,1996
27666,356
27667,5835
27668,1225
27669,8055
27670,5808
27671,254
27672,7068
27673,142
27674,1380
27675,1097
27676,9849
27677,9922
27678,4012
27679,8320
27680,2913
27681,6832
27682,904
27683,1275
27684,6433
27685,372
27686,7174
27687,9975
27688,8515
27689,5642
27690,1716
27691,7344
27692,6923
27693,9991
27694,2403
27695,8136
27696,3704
27697,999
27698,3690
27699,9106
27700,6420
27701,3407
27702,4007
27703,920
27704,6596
27705,5991
27706,9947
27707,2133
27708,1861
27709,6466
27710,1625
27711,9407
27712,4036
27713,6879
27714,2456
27715,3322
27716,8024
27717,6867
27718,5029
27719,3226
27720,5485
27721,3679
27722,2534
27723,7508
27724,1971
27725,6313
27726,4635
27727,8302
27728,9515
27729,3458
27730,3254
27731,6057
27732,4684
27733,1224
27734,7616
27735,3636
27736,8991
27737,9568
27738,7885
27739,6278
27740,6822
27741,5489
27742,8704
27743,182
27744,896
27745,9619
27746,6273
27747,4378
27748,9611
27749,7066
27750,4963
27751,270
27752,3362
27753,1362
27754,5253
27755,9701
27756,3016
27757,832
27758,541
27759,2830
27760,176
27761,4936
27762,1065
27763,1264
27764,4296
27765,8019
27766,4017
27767,7768
27768,9733
27769,9174
27770,7899
27771,4754
27772,8307
27773,9806
27774,4297
27775,1012
27776,94
27777,3005
27778,5166
27779,7204
27780,5793
27781,5705
27782,163
27783,9663
27784,6424
27785,6694
27786,2029
27787,9299
27788,580
27789,7932
27790,8350
27791,6163
27792,2701
27793,7679
27794,5517
27795,4879
27796,5859
27797,5977
27798,3665
27799,6681
27800,5679
27801,9914
27802,2502
27803,9546
27804,9308
27805,6522
27806,8784
27807,4360
27808,6609
27809,4666
27810,8521
27811,4325
27812,4804
27813,1447
27814,41
27815,724
27816,7965
27817,9241
27818,418
27819,7356
27820,8048
27821,7750
27822,7674
27823,5041
27824,1137
27825,5446
27826,8908
27827,792
27828,5310
27829,2189
27830,6816
27831,1188
27832,2416
27833,2817
27834,2774
27835,2734
27836,2545
27837,8414
27838,4871
27839,6310
27840,7866
27841,3156
27842,6588
27843,1211
27844,2899
27845,654
27846,5961
27847,4232
27848,4330
27849,3098
27850,8698
27851,8674
27852,3392
27853,7935
27854,1170
27855,4322
27856,8397
27857,2258
27858,4471
27859,2776
27860,1561
27861,2457
27862,5654
27863,4319
27864,7506
27865,8320
27866,3506
27867,1726
27868,4947
27869,2924
27870,1682
27871,9404
27872,1465
27873,6555
27874,7036
27875,3988
27876,2481
27877,8319
27878,377
27879,3186
27880,3384
27881,6783
27882,3822
27883,6301
27884,5995
27885,2207
27886,4921
27887,910
27888,202
27889,2780
27890,5190
27891,960
27892,6689
27893,3616
27894,5048
27895,267
27896,1231
27897,660
27898,2435
27899,9124
27900,3169
27901,407
27902,5311
27903,5412
27904,7710
27905,570
27906,8391
27907,8406
27908,5109
27909,3381
27910,3051
27911,6854
27912,9907
27913,5408
27914,722
27915,3466
27916,6957
27917,4416
27918,7659
27919,3887
27920,3532
27921,5661
27922,4122
27923,4575
27924,4916
27925,5433
27926,8756
27927,4987
27928,2688
27929,8785
27930,4951
27931,7339
27932,851
27933,4048
27934,1814
27935,8931
27936,4359
27937,9665
27938,4956
27939,7128
27940,6667
27941,1582
27942,6250
27943,4976
27944,9595
27945,266
27946,137
27947,9584
27948,6877
27949,7864
27950,2215
27951,8523
27952,4389
27953,8077
27954,6287
27955,9718
27956,4334
27957,8320
27958,7091
27959,2381
27960,5026
27961,6312
27962,6392
27963,6549
27964,6462
27965,6402
27966,4806
27967,2451
27968,1027
27969,4511
27970,3057
27971,5804
27972,4260
27973,5957
27974,8395
27975,7401
27976,2456
27977,7133
27978,1409
27979,6305
27980,3697
27981,7874
27982,6137
27983,562
27984,5553
27985,8931
27986,2570
27987,5118
27988,4276
27989,4955
27990,8995
27991,5694
27992,8326
27993,8376
27994,2561
27995,3858
27996,3466
27997,2768
27998,3765
27999,3652
28000,8129
28001,1670
28002,8239
28003,5596
28004,3586
28005,6468
28006,9510
28007,6135
28008,2933
28009,2718
28010,4181
28011,8432
28012,2760
28013,7486
28014,7941
28015,2814
28016,5454
28017,851
28018,5585
28019,7520
28020,6415
28021,3544
28022,7867
28023,617
28024,7404
28025,4628
28026,3970
28027,4267
28028,5622
28029,211
28030,6569
28031,5141
28032,1374
28033,761
28034,7555
28035,5354
28036,1215
28037,9522
28038,3897
28039,1340
28040,8632
28041,7529
28042,4693
28043,2284
28044,7533
28045,3375
28046,1273
28047,4246
28048,4309
28049,3743
28050,1675
28051,870
28052,854
28053,146
28054,5757
28055,6504
28056,5796
28057,9355
28058,9180
28059,8770
28060,6210
28061,8335
28062,2071
28063,4388
28064,3740
28065,8328
28066,6132
28067,1805
28068,4323
28069,8197
28070,4850
28071,3736
28072,269
28073,1251
28074,1853
28075,5787
28076,9714
28077,2290
28078,9157
28079,7806
28080,4577
28081,9310
28082,9744
28083,8582
28084,1265
28085,6472
28086,1668
28087,2658
28088,3381
28089,3439
28090,9782
28091,4870
28092,7630
28093,2942
28094,5096
28095,9788
28096,6659
28097,8129
28098,4993
28099,2531
28100,2712
28101,28
28102,2579
28103,793
28104,9908
28105,424
28106,8565
28107,1113
28108,4901
28109,5319
28110,1181
28111,9900
28112,8644
28113,6418
28114,4755
28115,4571
28116,8182
28117,6646
28118,2599
28119,9705
28120,5732
28121,732
28122,851
28123,2357
28124,655
28125,8225
28126,3282
28127,16
28128,3711
28129,9473
28130,5640
28131,2566
28132,2964
28133,7397
28134,6798
28135,9801
28136,9868
28137,9263
28138,4671
28139,3811
28140,5643
28141,7423
28142,1173
28143,1291
28144,8197
28145,9410
28146,312
28147,8957
28148,4269
28149,5773
28150,9428
28151,8190
28152,7585
28153,9435
28154,5988
28155,9099
28156,6100
28157,8164
28158,8193
28159,5690
28160,6521
28161,3372
28162,9656
28163,2022
28164,1110
28165,9017
28166,5114
28167,5625
28168,9522
28169,4512
28170,7633
28171,4597
28172,9234
28173,6047
28174,1165
28175,9302
28176,1006
28177,9637
28178,5219
28179,2555
28180,3710
28181,6775
28182,4994
28183,363
28184,2328
28185,8940
28186,2529
28187,5437
28188,4613
28189,8256
28190,2094
28191,909
28192,8725
28193,472
28194,1511
28195,725
28196,5340
28197,7184
28198,3621
28199,9190
28200,221
28201,7366
28202,763
28203,3760
28204,3232
28205,445
28206,9437
28207,8980
28208,4939
28209,1970
28210,4282
28211,5823
28212,1734
28213,8387
28214,1504
28215,1989
28216,5438
28217,4063
28218,8447
28219,7170
28220,8585
28221,7219
28222,294
28223,5093
28224,4004
28225,8501
28226,910
28227,1469
28228,2931
28229,2543
28230,6589
28231,815
28232,7605
28233,2238
28234,1931
28235,4982
28236,2397
28237,2006
28238,4835
28239,5292
28240,2513
28241,114
28242,6872
28243,8640
28244,1531
28245,1361
28246,2708
28247,3622
28248,518
28249,5320
28250,6200
28251,1284
28252,2832
28253,73
28254,3931
28255,869
28256,1557
28257,2086
28258,446
28259,6095
28260,3667
28261,772
28262,745
28263,7224
28264,7594
28265,4104
28266,6604
28267,4738
28268,9780
28269,3739
28270,7251
28271,1086
28272,1840
28273,683
28274,558
28275,9138
28276,905
28277,2579
28278,923
28279,1186
28280,7283
28281,6706
28282,4875
28283,4316
28284,3283
28285,6586
28286,1532
28287,6435
28288,7487
28289,2812
28290,3132
28291,2466
28292,1659
28293,2330
28294,1153
28295,8247
28296,3324
28297,4416
28298,2619
28299,7601
28300,3129
28301,1410
28302,9793
28303,8209
28304,9185
28305,3607
28306,9952
28307,5499
28308,3521
28309,3838
28310,575
28311,7661
28312,9102
28313,2781
28314,6787
28315,123
28316,541
28317,9724
28318,3420
28319,9246
28320,5849
28321,8234
28322,8334
28323,1736
28324,5080
28325,8227
28326,2658
28327,9463
28328,2075
28329,943
28330,1060
28331,9018
28332,6040
28333,7126
28334,5053
28335,8939
28336,6477
28337,3612
28338,6888
28339,802
28340,5973
28341,9557
28342,1395
28343,1070
28344,9573
28345,7933
28346,4148
28347,1159
28348,7703
28349,7502
28350,6337
28351,3363
28352,5979
28353,4638
28354,3458
28355,5337
28356,9702
28357,5059
28358,78
28359,3518
28360,310
28361,6807
28362,2610
28363,2163
28364,4915
28365,4028
28366,3092
28367,7084
28368,1249
28369,469
28370,7992
28371,2636
28372,3773
28373,7030
28374,2811
28375,473
28376,1007
28377,5651
28378,6394
28379,1688
28380,874
28381,9392
28382,7746
28383,2707
28384,9066
28385,2936
28386,7552
28387,4439
28388,7420
28389,7228
28390,7035
28391,2407
28392,2231
28393,5824
28394,6514
28395,7532
28396,5795
28397,9984
28398,6229
28399,4008
28400,2813
28401,4557
28402,9980
28403,6520
28404,9027
28405,3671
28406,61
28407,6068
28408,3525
28409,3340
28410,7501
28411,1684
28412,6038
28413,1371
28414,8988
28415,565
28416,7802
28417,9964
28418,2122
28419,2220
28420,1711
28421,2722
28422,6473
28423,2326
28424,6479
28425,1620
28426,4362
28427,6353
28428,4715
28429,9329
28430,5501
28431,9106
28432,8365
28433,9338
28434,4720
28435,2035
28436,115
28437,4469
28438,3102
28439,9354
28440,708
28441,8948
28442,6081
28443,5749
28444,9162
28445,3501
28446,3307
28447,2987
28448,218
28449,3326
28450,5417
28451,7243
28452,1901
28453,9378
28454,3516
28455,2049
28456,3299
28457,9654
28458,6655
28459,4771
28460,1627
28461,8196
28462,444
28463,1656
28464,6677
28465,5268
28466,7200
28467,1450
28468,6105
28469,6885
28470,4453
28471,4870
28472,9135
28473,9348
28474,7723
28475,390
28476,9026
28477,9740
28478,7183
28479,1647
28480,7553
28481,534
28482,3117
28483,8152
28484,1103
28485,114
28486,1749
28487,3136
28488,1686
28489,7914
28490,8037
28491,4926
28492,2944
28493,5166
28494,1052
28495,9643
28496,1855
28497,3511
28498,1551
28499,476
28500,2954
28501,4304
28502,1601
28503,4082
28504,3582
28505,9395
28506,5988
28507,303
28508,9123
28509,5868
28510,1348
28511,5219
28512,3485
28513,9743
28514,2508
28515,9109
28516,5738
28517,7327
28518,2503
28519,3098
28520,6291
28521,6805
28522,5637
28523,4000
28524,3761
28525,7251
28526,2107
28527,3184
28528,397
28529,308
28530,4444
28531,4071
28532,483
28533,5067
28534,5299
28535,4118
28536,8650
28537,2231
28538,5261
28539,3621
28540,2652
28541,1930
28542,7085
28543,6004
28544,2326
28545,1284
28546,9817
28547,4993
28548,7844
28549,3628
28550,269
28551,3216
28552,9714
28553,5188
28554,5368
28555,4517
28556,6468
28557,7551
28558,3518
28559,7315
28560,5004
28561,8433
28562,6764
28563,8931
28564,5526
28565,5878
28566,5809
28567,2939
28568,8519
28569,1540
28570,7923
28571,9312
28572,725
28573,9543
28574,7537
28575,3322
28576,7233
28577,5202
28578,7037
28579,211
28580,2150
28581,9874
28582,9258
28583,3681
28584,8620
28585,7380
28586,2608
28587,8827
28588,1954
28589,2939
28590,3393
28591,3550
28592,403
28593,7020
28594,6787
28595,8833
28596,331
28597,4679
28598,1703
28599,1073
28600,7931
28601,3121
28602,9678
28603,3271
28604,3096
28605,3821
28606,3361
28607,7090
28608,9160
28609,4153
28610,6342
28611,6457
28612,9784
28613,7873
28614,3186
28615,2426
28616,7678
28617,8661
28618,2321
28619,1239
28620,1540
28621,9589
28622,2807
28623,1373
28624,4512
28625,462
28626,3914
28627,6006
28628,587
28629,3929
28630,7327
28631,3274
28632,1941
28633,4252
28634,8191
28635,192
28636,8437
28637,647
28638,3015
28639,3482
28640,534
28641,5669
28642,2380
28643,9486
28644,1645
28645,9925
28646,4442
28647,7477
28648,4224
28649,9783
28650,589
28651,7860
28652,3951
28653,8397
28654,8534
28655,3101
28656,4728
28657,8859
28658,8905
28659,5562
28660,4988
28661,9651
28662,1262
28663,8725
28664,2432
28665,8237
28666,8977
28667,37
28668,7549
28669,95
28670,6919
28671,4291
28672,4663
28673,8043
28674,7674
28675,5076
28676,266
28677,1457
28678,5710
28679,4609
28680,3353
28681,703
28682,8684
28683,3675
28684,2684
28685,360
28686,8850
28687,7054
28688,8429
28689,2073
28690,5939
28691,8626
28692,7423
28693,1831
28694,4899
28695,1595
28696,9880
28697,4669
28698,2290
28699,3759
28700,2548
28701,9218
28702,453
28703,2077
28704,8312
28705,2544
28706,98
28707,3400
28708,5247
28709,6587
28710,1951
28711,3320
28712,8273
28713,831
28714,8082
28715,825
28716,8605
28717,1708
28718,7372
28719,5701
28720,5739
28721,1963
28722,4973
28723,5996
28724,7762
28725,5001
28726,3811
28727,8457
28728,1941
28729,1121
28730,882
28731,7964
28732,4597
28733,6489
28734,1571
28735,5536
28736,4467
28737,5570
28738,7891
28739,9095
28740,7725
28741,2694
28742,9448
28743,756
28744,5253
28745,6836
28746,4095
28747,6127
28748,1016
28749,8139
28750,4320
28751,9092
28752,2886
28753,9833
28754,2036
28755,5566
28756,4117
28757,5251
28758,5679
28759,5409
28760,8943
28761,3018
28762,7505
28763,3672
28764,5430
28765,2921
28766,6907
28767,5495
28768,5848
28769,783
28770,2154
28771,9194
28772,5990
28773,6407
28774,8151
28775,3247
28776,8205
28777,5592
28778,6298
28779,8366
28780,1907
28781,5443
28782,2577
28783,8140
28784,5727
28785,6762
28786,2569
28787,9540
28788,4647
28789,622
28790,7756
28791,1894
28792,4034
28793,3144
28794,9257
28795,1632
28796,3292
28797,2620
28798,3079
28799,6496
28800,1265
28801,2670
28802,9244
28803,4462
28804,9644
28805,7112
28806,4186
28807,3696
28808,5247
28809,7671
28810,800
28811,8426
28812,3044
28813,235
28814,5358
28815,6476
28816,3189
28817,9013
28818,4233
28819,7530
28820,4076
28821,4372
28822,5033
28823,4319
28824,256
28825,5747
28826,1628
28827,8622
28828,5170
28829,1381
28830,7738
28831,4248
28832,2622
28833,2090
28834,5929
28835,4334
28836,7807
28837,2745
28838,6093
28839,7362
28840,9031
28841,3068
28842,9051
28843,5344
28844,1163
28845,4950
28846,3089
28847,412
28848,2985
28849,9804
28850,7546
28851,5929
28852,6770
28853,990
28854,6690
28855,2394
28856,9000
28857,1376
28858,2948
28859,1272
28860,7669
28861,6197
28862,8505
28863,9895
28864,2326
28865,7919
28866,931
28867,7124
28868,6584
28869,8622
28870,5539
28871,3819
28872,1176
28873,8741
28874,6278
28875,5341
28876,5039
28877,1470
28878,4697
28879,5367
28880,4749
28881,337
28882,5248
28883,8553
28884,5142
28885,4742
28886,3918
28887,5301
28888,8435
28889,3132
28890,4886
28891,2738
28892,9134
28893,8005
28894,1833
28895,3510
28896,4083
28897,9062
28898,1240
28899,4405
28900,6061
28901,1486
28902,2033
28903,2606
28904,7850
28905,7131
28906,2440
28907,7964
28908,6953
28909,543
28910,1266
28911,1667
28912,9354
28913,1762
28914,9885
28915,6723
28916,2988
28917,4342
28918,3663
28919,3023
28920,8902
28921,7662
28922,7110
28923,4876
28924,1774
28925,1132
28926,3840
28927,6710
28928,2968
28929,9624
28930,1550
28931,8724
28932,5477
28933,7063
28934,5680
28935,1748
28936,4199
28937,2543
28938,5279
28939,8700
28940,2428
28941,5086
28942,494
28943,674
28944,3464
28945,637
28946,9886
28947,8933
28948,4297
28949,9446
28950,5176
28951,3884
28952,9341
28953,4550
28954,7486
28955,717
28956,8634
28957,8674
28958,57
28959,1924
28960,1115
28961,3190
28962,8559
28963,577
28964,8681
28965,876
28966,1038
28967,1823
28968,3738
28969,5523
28970,3536
28971,4813
28972,6579
28973,1060
28974,8328
28975,6288
28976,1662
28977,8209
28978,4718
28979,9486
28980,5328
28981,5869
28982,6625
28983,8380
28984,6603
28985,3605
28986,4920
28987,3264
28988,4463
28989,2433
28990,8118
28991,4807
28992,6991
28993,9952
28994,7947
28995,6691
28996,4887
28997,4187
28998,3439
28999,194
29000,3143
29001,4988
29002,8708
29003,6147
29004,1942
29005,6184
29006,5422
29007,1206
29008,5257
29009,4191
29010,1348
29011,6181
29012,2630
29013,6556
29014,8884
29015,5941
29016,1739
29017,9619
29018,28
29019,5981
29020,474
29021,8892
29022,9212
29023,5320
29024,8089
29025,4030
29026,172
29027,9837
29028,304
29029,8780
29030,7250
29031,6854
29032,1595
29033,3390
29034,5437
29035,6822
29036,204
29037,9043
29038,6353
29039,2941
29040,7051
29041,5709
29042,8647
29043,8281
29044,4850
29045,7646
29046,1870
29047,5571
29048,940
29049,1944
29050,4377
29051,2181
29052,3304
29053,4757
29054,4402
29055,5248
29056,2844
29057,9856
29058,7126
29059,2938
29060,7435
29061,5760
29062,6504
29063,1682
29064,8200
29065,7454
29066,4360
29067,1297
29068,6620
29069,9260
29070,8803
29071,6893
29072,5197
29073,140
29074,8054
29075,8312
29076,2744
29077,9032
29078,8867
29079,1076
29080,4980
29081,3798
29082,1327
29083,294
29084,6976
29085,7804
29086,4124
29087,57
29088,9970
29089,6148
29090,4871
29091,3269
29092,7852
29093,3425
29094,6460
29095,8769
29096,6174
29097,7797
29098,4075
29099,91
29100,3015
29101,8418
29102,344
29103,8760
29104,9075
29105,8954
29106,8795
29107,7078
29108,9880
29109,3907
29110,7968
29111,8111
29112,4658
29113,9684
29114,792
29115,3596
29116,3804
29117,9185
29118,5607
29119,7060
29120,5061
29121,752
29122,4554
29123,4365
29124,3618
29125,3281
29126,2520
29127,8295
29128,6065
29129,1385
29130,9333
29131,2526
29132,6248
29133,100
29134,1489
29135,964
29136,8224
29137,9927
29138,3315
29139,1731
29140,9642
29141,5462
29142,2557
29143,4933
29144,198
29145,469
29146,2246
29147,4456
29148,590
29149,2171
29150,4725
29151,9733
29152,9570
29153,5907
29154,2912
29155,8674
29156,868
29157,2450
29158,1722
29159,525
29160,7365
29161,1385
29162,6694
29163,3679
29164,2400
29165,3272
29166,4648
29167,2876
29168,7858
29169,9261
29170,8958
29171,3505
29172,6504
29173,197
29174,4588
29175,8103
29176,2724
29177,7418
29178,305
29179,3543
29180,4150
29181,4052
29182,4280
29183,3061
29184,5475
29185,7743
29186,6015
29187,5880
29188,3914
29189,2271
29190,9724
29191,1430
29192,6703
29193,8306
29194,488
29195,5528
29196,6587
29197,6795
29198,8894
29199,3048
29200,203
29201,9691
29202,68
29203,1896
29204,4583
29205,5232
29206,2590
29207,4654
29208,7633
29209,230
29210,885
29211,1206
29212,2719
29213,2741
29214,345
29215,8426
29216,7024
29217,1257
29218,8190
29219,3967
29220,7121
29221,4599
29222,1896
29223,320
29224,1614
29225,5669
29226,3992
29227,8570
29228,3556
29229,4851
29230,6184
29231,5361
29232,8027
29233,1007
29234,506
29235,5695
29236,973
29237,1208
29238,5920
29239,5494
29240,586
29241,3170
29242,63
29243,238
29244,8980
29245,994
29246,8670
29247,2477
29248,541
29249,8038
29250,571
29251,99
29252,5745
29253,9608
29254,3155
29255,1302
29256,4120
29257,7506
29258,7569
29259,3791
29260,4077
29261,3515
29262,2401
29263,1228
29264,5165
29265,2262
29266,3901
29267,9876
29268,785
29269,5239
29270,8426
29271,7563
29272,73
29273,1797
29274,7101
29275,5066
29276,8079
29277,9577
29278,3925
29279,102
29280,1687
29281,5518
29282,5740
29283,3874
29284,4946
29285,1411
29286,1616
29287,907
29288,4597
29289,3723
29290,3141
29291,1542
29292,6545
29293,7296
29294,1808
29295,8172
29296,1361
29297,7061
29298,6868
29299,9865
29300,608
29301,2054
29302,268
29303,4581
29304,8013
29305,6978
29306,6186
29307,7052
29308,8589
29309,807
29310,5723
29311,7321
29312,4030
29313,5921
29314,3964
29315,9829
29316,4322
29317,8990
29318,5649
29319,6189
29320,6789
29321,2066
29322,9265
29323,7112
29324,6654
29325,5795
29326,1457
29327,524
29328,1923
29329,1961
29330,5580
29331,8975
29332,338
29333,8995
29334,9163
29335,6523
29336,5983
29337,1420
29338,7724
29339,1147
29340,4676
29341,5167
29342,1578
29343,4482
29344,7576
29345,3284
29346,3283
29347,6253
29348,3479
29349,5942
29350,6574
29351,5372
29352,4646
29353,5356
29354,1246
29355,4218
29356,4478
29357,2356
29358,1052
29359,4776
29360,4116
29361,8209
29362,7330
29363,3741
29364,9775
29365,7312
29366,5502
29367,470
29368,2312
29369,2643
29370,9553
29371,371
29372,5503
29373,7156
29374,797
29375,218
29376,8468
29377,5102
29378,563
29379,8035
29380,9789
29381,4526
29382,6461
29383,9320
29384,1523
29385,7435
29386,5361
29387,6759
29388,7015
29389,8422
29390,2354
29391,7164
29392,1981
29393,4448
29394,5334
29395,9093
29396,5679
29397,5171
29398,1215
29399,9420
29400,1865
29401,2009
29402,2445
29403,6790
29404,3108
29405,3396
29406,5450
29407,6446
29408,1787
29409,7413
29410,6868
29411,2949
29412,848
29413,5735
29414,4769
29415,4870
29416,3148
29417,185
29418,4615
29419,3172
29420,2762
29421,9391
29422,847
29423,7855
29424,2743
29425,7698
29426,5216
29427,2663
29428,6150
29429,7229
29430,3359
29431,3320
29432,4690
29433,2396
29434,5201
29435,383
29436,4685
29437,1271
29438,7643
29439,8322
29440,5542
29441,5852
29442,3855
29443,2894
29444,4148
29445,5633
29446,2129
29447,7726
29448,500
29449,3055
29450,392
29451,814
29452,5595
29453,9379
29454,2227
29455,9497
29456,9119
29457,7287
29458,6604
29459,6796
29460,6176
29461,2424
29462,660
29463,8179
29464,4925
29465,3208
29466,951
29467,8742
29468,5815
29469,3737
29470,2539
29471,1212
29472,4974
29473,660
29474,3016
29475,2914
29476,8515
29477,4124
29478,9385
29479,131
29480,6613
29481,8370
29482,3692
29483,4734
29484,4131
29485,6874
29486,7404
29487,1739
29488,5962
29489,5139
29490,1128
29491,2178
29492,7678
29493,1060
29494,8906
29495,6650
29496,2909
29497,3217
29498,8908
29499,7684
29500,3842
29501,2018
29502,4731
29503,9799
29504,1076
29505,8297
29506,1928
29507,9467
29508,8441
29509,1337
29510,6220
29511,7458
29512,7369
29513,1152
29514,3233
29515,3858
29516,1425
29517,6384
29518,770
29519,3652
29520,1562
29521,872
29522,9357
29523,8558
29524,9873
29525,7219
29526,1338
29527,1039
29528,2386
29529,3251
29530,3150
29531,891
29532,8740
29533,3567
29534,7073
29535,2206
29536,1960
29537,9812
29538,5947
29539,3173
29540,4473
29541,4017
29542,4685
29543,4761
29544,6229
29545,8428
29546,7540
29547,7745
29548,8793
29549,2085
29550,7782
29551,9570
29552,2032
29553,2088
29554,7404
29555,7023
29556,3331
29557,6021
29558,2446
29559,7097
29560,3369
29561,1740
29562,3672
29563,5120
29564,6628
29565,6909
29566,1039
29567,421
29568,1991
29569,8863
29570,9549
29571,3480
29572,1315
29573,4690
29574,4605
29575,825
29576,9678
29577,5622
29578,2047
29579,9532
29580,4885
29581,7096
29582,1159
29583,6418
29584,16
29585,1446
29586,3260
29587,7673
29588,704
29589,5097
29590,3309
29591,4853
29592,7747
29593,4962
29594,5057
29595,7852
29596,35
29597,4557
29598,2163
29599,8029
29600,3499
29601,8533
29602,5171
29603,654
29604,1862
29605,7733
29606,4140
29607,3594
29608,3819
29609,9012
29610,1321
29611,1904
29612,6248
29613,4310
29614,7798
29615,6987
29616,6183
29617,6419
29618,2080
29619,2666
29620,4144
29621,4278
29622,6020
29623,3494
29624,423
29625,7851
29626,8893
29627,6158
29628,4319
29629,5801
29630,929
29631,916
29632,3220
29633,2729
29634,4905
29635,802
29636,8777
29637,9929
29638,5553
29639,3735
29640,8201
29641,5171
29642,1370
29643,2058
29644,6262
29645,6108
29646,3206
29647,9289
29648,215
29649,3325
29650,6743
29651,8824
29652,1687
29653,3022
29654,7557
29655,1881
29656,8280
29657,6568
29658,9678
29659,4744
29660,5799
29661,6944
29662,3238
29663,2345
29664,1735
29665,5747
29666,9316
29667,5995
29668,7226
29669,170
29670,1435
29671,1743
29672,2532
29673,7176
29674,611
29675,9757
29676,4694
29677,1530
29678,2400
29679,9107
29680,9852
29681,1127
29682,7310
29683,9726
29684,4731
29685,6151
29686,3090
29687,7949
29688,4787
29689,7275
29690,3811
29691,7067
29692,7520
29693,8109
29694,6091
29695,3637
29696,4390
29697,5389
29698,2552
29699,4460
29700,6970
29701,209
29702,7006
29703,2193
29704,5053
29705,4046
29706,5022
29707,7844
29708,3503
29709,3982
29710,9566
29711,1862
29712,8589
29713,1672
29714,7599
29715,222
29716,4665
29717,8759
29718,3129
29719,6655
29720,2701
29721,2004
29722,5058
29723,484
29724,9969
29725,8243
29726,4002
29727,4833
29728,3527
29729,2278
29730,9846
29731,949
29732,4448
29733,6308
29734,2995
29735,4999
29736,6038
29737,9566
29738,9052
29739,8432
29740,2509
29741,7630
29742,4314
29743,2913
29744,7773
29745,7974
29746,9440
29747,2084
29748,7835
29749,2075
29750,8831
29751,3218
29752,4684
29753,9104
29754,9255
29755,132
29756,966
29757,5106
29758,996
29759,9453
29760,4443
29761,1000
29762,7935
29763,5566
29764,9103
29765,6835
29766,4719
29767,7983
29768,3590
29769,2812
29770,2214
29771,881
29772,2834
29773,6105
29774,3413
29775,6163
29776,5560
29777,3892
29778,3217
29779,3107
29780,3088
29781,2648
29782,5561
29783,2956
29784,3481
29785,4312
29786,1634
29787,9727
29788,1492
29789,268
29790,463
29791,9000
29792,4480
29793,2521
29794,4180
29795,8443
29796,5146
29797,1722
29798,7436
29799,2012
29800,8161
29801,6264
29802,3337
29803,8698
29804,8045
29805,3121
29806,5251
29807,8928
29808,1841
29809,1831
29810,1826
29811,101
29812,3442
29813,1979
29814,2394
29815,3689
29816,612
29817,437
29818,9658
29819,8208
29820,6273
29821,2444
29822,1383
29823,8842
29824,5172
29825,6850
29826,3821
29827,3316
29828,8647
29829,8714
29830,9191
29831,6366
29832,1411
29833,555
29834,2543
29835,2019
29836,5911
29837,4095
29838,2225
29839,4995
29840,9029
29841,2194
29842,1285
29843,9718
29844,9514
29845,5178
29846,3533
29847,8717
29848,4793
29849,1029
29850,9497
29851,7608
29852,1059
29853,2350
29854,7583
29855,9459
29856,2288
29857,2995
29858,5715
29859,1154
29860,7640
29861,715
29862,2434
29863,1944
29864,2494
29865,7006
29866,1755
29867,5774
29868,9171
29869,2556
29870,5638
29871,787
29872,9535
29873,3124
29874,2946
29875,4120
29876,1355
29877,2051
29878,2684
29879,7514
29880,9757
29881,699
29882,9736
29883,7066
29884,129
29885,6179
29886,5842
29887,1623
29888,7633
29889,3043
29890,2946
29891,5669
29892,9351
29893,5077
29894,4812
29895,9911
29896,3168
29897,9568
29898,4500
29899,465
29900,7653
29901,4630
29902,8877
29903,9203
29904,9097
29905,5109
29906,69
29907,6209
29908,6321
29909,5541
29910,2774
29911,7018
29912,1804
29913,5696
29914,3497
29915,4997
29916,3431
29917,6590
29918,5542
29919,1383
29920,3563
29921,3682
29922,8154
29923,9284
29924,9135
29925,5447
29926,8173
29927,7456
29928,8759
29929,5975
29930,5925
29931,9744
29932,6125
29933,5104
29934,2392
29935,4108
29936,9209
29937,9483
29938,4368
29939,8322
29940,9106
29941,149
29942,7654
29943,1825
29944,5418
29945,4311
29946,7295
29947,9230
29948,6788
29949,8546
29950,2429
29951,3245
29952,2604
29953,1397
29954,993
29955,2132
29956,5429
29957,3004
29958,7066
29959,7558
29960,6863
29961,2910
29962,785
29963,4991
29964,745
29965,6787
29966,7763
29967,5157
29968,1496
29969,405
29970,2011
29971,8565
29972,8072
29973,7278
29974,5887
29975,4198
29976,4371
29977,6359
29978,6190
29979,7804
29980,753
29981,6172
29982,383
29983,5915
29984,4137
29985,8341
29986,5699
29987,3030
29988,3302
29989,6886
29990,6907
29991,5348
29992,1574
29993,67
29994,3506
29995,5404
29996,5152
29997,2958
29998,4483
29999,8574
30000,3144
30001,1597
30002,8979
30003,4272
30004,6676
30005,3688
30006,1008
30007,8761
30008,3353
30009,3511
30010,4024
30011,5117
30012,4338
30013,4665
30014,5337
30015,7630
30016,5868
30017,5630
30018,9122
30019,7014
30020,1252
30021,7025
30022,90
30023,2671
30024,4808
30025,550
30026,5955
30027,6918
30028,9476
30029,2795
30030,3496
30031,3167
30032,4727
30033,5346
30034,7175
30035,2253
30036,9522
30037,3003
30038,2101
30039,5219
30040,7655
30041,5750
30042,4164
30043,8680
30044,2675
30045,6028
30046,1766
30047,5723
30048,3130
30049,5161
30050,5615
30051,2588
30052,1036
30053,4483
30054,4677
30055,1964
30056,9766
30057,596
30058,694
30059,6052
30060,3278
30061,668
30062,1306
30063,1535
30064,7160
30065,7802
30066,6614
30067,5799
30068,7430
30069,5763
30070,9273
30071,6644
30072,5118
30073,5257
30074,8411
30075,633
30076,5271
30077,4278
30078,5994
30079,3759
30080,4552
30081,20
30082,770
30083,9529
30084,1187
30085,9178
30086,2502
30087,2399
30088,6374
30089,2562
30090,1492
30091,2320
30092,3751
30093,7295
30094,7627
30095,3849
30096,7591
30097,2765
30098,9024
30099,3607
30100,8662
30101,5247
30102,1750
30103,2134
30104,9646
30105,5301
30106,3107
30107,5257
30108,4479
30109,8855
30110,5009
30111,8945
30112,6576
30113,7354
30114,862
30115,4936
30116,9763
30117,5078
30118,5399
30119,1328
30120,131
30121,4264
30122,8508
30123,9314
30124,1906
30125,5986
30126,8016
30127,8547
30128,3921
30129,8350
30130,1049
30131,9592
30132,3914
30133,4886
30134,8319
30135,713
30136,2965
30137,5480
30138,6450
30139,2034
30140,5006
30141,6579
30142,4355
30143,5872
30144,5644
30145,1007
30146,415
30147,253
30148,7977
30149,2424
30150,3866
30151,6273
30152,7948
30153,9807
30154,8634
30155,1151
30156,4136
30157,3034
30158,9374
30159,7017
30160,3466
30161,6009
30162,4207
30163,9297
30164,5834
30165,6776
30166,2862
30167,2465
30168,7524
30169,1400
30170,4935
30171,2846
30172,627
30173,2479
30174,2712
30175,6267
30176,8115
30177,3175
30178,8461
30179,4440
30180,9248
30181,6002
30182,6607
30183,1417
30184,9602
30185,9211
30186,5567
30187,7009
30188,7599
30189,3416
30190,5710
30191,8137
30192,4237
30193,9946
30194,1555
30195,7317
30196,8142
30197,144
30198,2869
30199,6013
30200,1274
30201,1782
30202,174
30203,8821
30204,8432
30205,6735
30206,2790
30207,7763
30208,5308
30209,9579
30210,6824
30211,3762
30212,3982
30213,3242
30214,7604
30215,412
30216,7209
30217,6274
30218,4490
30219,6629
30220,2617
30221,9392
30222,8590
30223,3414
30224,5652
30225,9975
30226,799
30227,6906
30228,1504
30229,2761
30230,9749
30231,6720
30232,830
30233,5150
30234,5148
30235,9681
30236,2379
30237,4075
30238,1473
30239,1917
30240,6211
30241,7905
30242,7835
30243,3975
30244,9518
30245,191
30246,6010
30247,7255
30248,9162
30249,999
30250,9927
30251,6282
30252,716
30253,6662
30254,4857
30255,4340
30256,1630
30257,4659
30258,6606
30259,4691
30260,8054
30261,3590
30262,8624
30263,4025
30264,3206
30265,6159
30266,4563
30267,4020
30268,6675
30269,4656
30270,6100
30271,3760
30272,9847
30273,2546
30274,3269
30275,6889
30276,7448
30277,2521
30278,2100
30279,4644
30280,577
30281,130
30282,6778
30283,8517
30284,630
30285,4073
30286,463
30287,2744
30288,968
30289,772
30290,9562
30291,4345
30292,6530
30293,2061
30294,6999
30295,8398
30296,7817
30297,270
30298,6756
30299,5900
30300,6063
30301,1290
30302,145
30303,6109
30304,7887
30305,2555
30306,8570
30307,3672
30308,6739
30309,3464
30310,4818
30311,8058
30312,6530
30313,554
30314,6226
30315,7127
30316,4609
30317,3433
30318,4815
30319,4493
30320,6981
30321,7129
30322,1107
30323,6870
30324,5445
30325,1953
30326,1729
30327,5778
30328,8492
30329,9176
30330,424
30331,9052
30332,7115
30333,2738
30334,7213
30335,4651
30336,751
30337,601
30338,759
30339,2229
30340,9039
30341,8735
30342,4470
30343,7521
30344,9975
30345,7518
30346,2663
30347,2580
30348,5758
30349,274
30350,3605
30351,2044
30352,3212
30353,8583
30354,9368
30355,398
30356,6207
30357,2081
30358,8596
30359,7850
30360,3266
30361,4029
30362,6068
30363,6640
30364,2869
30365,2403
30366,6829
30367,6081
30368,2060
30369,3131
30370,9126
30371,4981
30372,7705
30373,3364
30374,4484
30375,3407
30376,5427
30377,3778
30378,6291
30379,2991
30380,5531
30381,3482
30382,2627
30383,5491
30384,6219
30385,3509
30386,7005
30387,7891
30388,3602
30389,8633
30390,6064
30391,7282
30392,9314
30393,4706
30394,7556
30395,6483
30396,5232
30397,2459
30398,5812
30399,554
30400,6662
30401,6337
30402,7068
30403,2638
30404,3461
30405,8739
30406,1446
30407,8097
30408,6671
30409,3072
30410,269
30411,7561
30412,4421
30413,4851
30414,7971
30415,728
30416,5206
30417,2737
30418,7556
30419,8662
30420,2864
30421,5210
30422,4077
30423,9904
30424,2987
30425,3490
30426,9943
30427,8231
30428,3503
30429,9183
30430,240
30431,7536
30432,5291
30433,1261
30434,5350
30435,6899
30436,1973
30437,3176
30438,1788
30439,8062
30440,4880
30441,1157
30442,2857
30443,3860
30444,3080
30445,630
30446,973
30447,7225
30448,2152
30449,9702
30450,7428
30451,1336
30452,131
30453,4323
30454,1086
30455,1192
30456,804
30457,9826
30458,4281
30459,8493
30460,7336
30461,8692
30462,2818
30463,3438
30464,8835
30465,3509
30466,2182
30467,5996
30468,3917
30469,4709
30470,7091
30471,5234
30472,3478
30473,5770
30474,500
30475,4273
30476,7779
30477,8960
30478,1207
30479,1914
30480,5279
30481,1660
30482,3201
30483,37
30484,6270
30485,2760
30486,2889
30487,4367
30488,2842
30489,3119
30490,9662
30491,5768
30492,2931
30493,1443
30494,4438
30495,7708
30496,8121
30497,3546
30498,6873
30499,1191
30500,3415
30501,3924
30502,9985
30503,3732
30504,2652
30505,7587
30506,3721
30507,2970
30508,4840
30509,5468
30510,9781
30511,1629
30512,6148
30513,6690
30514,2350
30515,9429
30516,1738
30517,3595
30518,211
30519,5995
30520,6185
30521,3170
30522,1723
30523,7882
30524,7849
30525,6869
30526,762
30527,124
30528,5351
30529,3990
30530,6335
30531,2828
30532,478
30533,435
30534,8151
30535,1585
30536,843
30537,4116
30538,3713
30539,1418
30540,3491
30541,6195
30542,5831
30543,6854
30544,6405
30545,8805
30546,222
30547,6421
30548,4811
30549,1768
30550,5790
30551,8983
30552,1536
30553,850
30554,1351
30555,1510
30556,8131
30557,5569
30558,5936
30559,8717
30560,7685
30561,9349
30562,6467
30563,3266
30564,2604
30565,3666
30566,9750
30567,2096
30568,3165
30569,7198
30570,6406
30571,988
30572,3057
30573,2599
30574,2016
30575,6793
30576,5952
30577,2609
30578,2518
30579,8481
30580,1203
30581,5925
30582,9959
30583,2055
30584,7806
30585,8449
30586,9586
30587,9574
30588,7612
30589,3682
30590,7191
30591,54
30592,2095
30593,4521
30594,6398
30595,7785
30596,5381
30597,7958
30598,6233
30599,4333
30600,6636
30601,8824
30602,8059
30603,7101
30604,8686
30605,8226
30606,1235
30607,1258
30608,8980
30609,5036
30610,2852
30611,5708
30612,1592
30613,4858
30614,9915
30615,3148
30616,4765
30617,1527
30618,4652
30619,5206
30620,3778
30621,6208
30622,8082
30623,9698
30624,5568
30625,9937
30626,1353
30627,5500
30628,5345
30629,58
30630,5926
30631,2520
30632,6235
30633,3670
30634,1756
30635,8697
30636,8180
30637,643
30638,6990
30639,2730
30640,185
30641,8840
30642,8162
30643,3367
30644,4402
30645,5389
30646,5980
30647,8676
30648,9848
30649,1968
30650,6689
30651,7358
30652,5894
30653,8550
30654,8838
30655,3624
30656,3830
30657,4332
30658,5477
30659,5512
30660,6389
30661,1214
30662,6459
30663,8549
30664,1213
30665,6568
30666,992
30667,8933
30668,6538
30669,6665
30670,5609
30671,5700
30672,5915
30673,6341
30674,8654
30675,4083
30676,2904
30677,2244
30678,7641
30679,5869
30680,8365
30681,1457
30682,111
30683,7444
30684,7330
30685,9654
30686,545
30687,7510
30688,1710
30689,7049
30690,9665
30691,7124
30692,7479
30693,6502
30694,4354
30695,1981
30696,9654
30697,9795
30698,722
30699,3665
30700,6251
30701,6482
30702,7770
30703,9650
30704,3658
30705,5134
30706,8660
30707,2853
30708,7983
30709,602
30710,507
30711,2144
30712,2459
30713,5422
30714,7458
30715,4302
30716,36
30717,9919
30718,2263
30719,3652
30720,3665
30721,9485
30722,1096
30723,8032
30724,2025
30725,5077
30726,9917
30727,7133
30728,9928
30729,7094
30730,9109
30731,3473
30732,4351
30733,6431
30734,4477
30735,9010
30736,2906
30737,3138
30738,4265
30739,9352
30740,6890
30741,1344
30742,8719
30743,7088
30744,1298
30745,8947
30746,5657
30747,5938
30748,4812
30749,707
30750,484
30751,7706
30752,6542
30753,8712
30754,8739
30755,2954
30756,5642
30757,5394
30758,1376
30759,1071
30760,2317
30761,317
30762,9198
30763,9486
30764,9331
30765,313
30766,6496
30767,5576
30768,5167
30769,3901
30770,9056
30771,9947
30772,5734
30773,6290
30774,5360
30775,9019
30776,9174
30777,4143
30778,9380
30779,114
30780,8456
30781,7581
30782,6611
30783,6681
30784,8792
30785,8726
30786,8571
30787,2973
30788,8865
30789,699
30790,6753
30791,2598
30792,1545
30793,2038
30794,1866
30795,3196
30796,2779
30797,6095
30798,6496
30799,7251
30800,2997
30801,8145
30802,6100
30803,9350
30804,790
30805,4415
30806,2163
30807,8757
30808,3306
30809,3323
30810,4502
30811,6306
30812,2593
30813,3053
30814,7579
30815,5989
30816,1179
30817,3272
30818,7046
30819,6736
30820,4032
30821,8402
30822,1900
30823,8213
30824,5181
30825,9527
30826,6674
30827,7317
30828,6253
30829,3566
30830,7314
30831,4976
30832,375
30833,8061
30834,666
30835,8362
30836,8376
30837,3480
30838,4070
30839,5609
30840,554
30841,6436
30842,1771
30843,966
30844,8653
30845,8186
30846,7801
30847,8283
30848,1246
30849,4921
30850,6287
30851,456
30852,2175
30853,1629
30854,1803
30855,9375
30856,6015
30857,655
30858,388
30859,2665
30860,7119
30861,3594
30862,1150
30863,3745
30864,671
30865,5446
30866,8213
30867,5219
30868,397
30869,3033
30870,4745
30871,8301
30872,6481
30873,2781
30874,4179
30875,7273
30876,6245
30877,4029
30878,4280
30879,5866
30880,44
30881,7628
30882,3390
30883,5486
30884,7553
30885,3186
30886,8377
30887,2163
30888,4697
30889,1596
30890,8066
30891,5432
30892,3668
30893,962
30894,6280
30895,5375
30896,2881
30897,2988
30898,2980
30899,4918
30900,1969
30901,5192
30902,815
30903,3110
30904,1585
30905,8801
30906,2625
30907,8813
30908,5636
30909,8762
30910,636
30911,6894
30912,2821
30913,1620
30914,8876
30915,58
30916,1396
30917,1912
30918,4732
30919,4382
30920,3852
30921,7079
30922,4321
30923,8431
30924,7816
30925,6476
30926,8007
30927,6378
30928,1695
30929,9512
30930,8149
30931,5143
30932,8834
30933,2432
30934,2760
30935,8534
30936,6319
30937,8708
30938,4222
30939,952
30940,8837
30941,9791
30942,1472
30943,7481
30944,2001
30945,5400
30946,9936
30947,122
30948,7193
30949,2273
30950,8628
30951,5264
30952,9268
30953,2821
30954,843
30955,7237
30956,8431
30957,4264
30958,9025
30959,2528
30960,3677
30961,9306
30962,1051
30963,5122
30964,717
30965,7468
30966,1393
30967,1312
30968,7128
30969,8878
30970,2574
30971,9765
30972,1270
30973,3213
30974,367
30975,5414
30976,5422
30977,3244
30978,8093
30979,428
30980,7916
30981,5597
30982,3965
30983,1603
30984,4612
30985,9587
30986,254
30987,4582
30988,624
30989,259
30990,6630
30991,9797
30992,5879
30993,5981
30994,520
30995,5978
30996,4879
30997,9567
30998,7515
30999,7657
31000,9125
31001,83
31002,9010
31003,2888
31004,5151
31005,2136
31006,2214
31007,6480
31008,3689
31009,8099
31010,994
31011,1308
31012,7558
31013,7197
31014,3965
31015,5723
31016,3697
31017,3055
31018,9061
31019,6726
31020,2095
31021,6543
31022,2737
31023,386
31024,7002
31025,5710
31026,4700
31027,2804
31028,1075
31029,3692
31030,7647
31031,1061
31032,8830
31033,8090
31034,2383
31035,6772
31036,8068
31037,6478
31038,3984
31039,9385
31040,6669
31041,7838
31042,4851
31043,9479
31044,1961
31045,3931
31046,3434
31047,6735
31048,9527
31049,1181
31050,3779
31051,3641
31052,2320
31053,2353
31054,3396
31055,3077
31056,2349
31057,693
31058,9077
31059,1064
31060,7221
31061,2612
31062,4024
31063,7311
31064,358
31065,1032
31066,8651
31067,513
31068,8287
31069,532
31070,2518
31071,8831
31072,27
31073,7433
31074,1278
31075,1186
31076,1642
31077,3623
31078,124
31079,8954
31080,6600
31081,2410
31082,6778
31083,2598
31084,331
31085,7636
31086,843
31087,8413
31088,9458
31089,168
31090,2629
31091,1357
31092,3174
31093,6823
31094,920
31095,7176
31096,2461
31097,413
31098,1700
31099,3495
31100,9458
31101,4298
31102,9844
31103,8126
31104,532
31105,4455
31106,6469
31107,7096
31108,1954
31109,3581
31110,1570
31111,4757
31112,7164
31113,602
31114,5337
31115,765
31116,9501
31117,506
31118,2431
31119,1608
31120,4137
31121,7026
31122,5561
31123,3600
31124,471
31125,4976
31126,8569
31127,175
31128,1738
31129,7706
31130,4707
31131,2183
31132,47
31133,4453
31134,7496
31135,2031
31136,6890
31137,8935
31138,4531
31139,8849
31140,3312
31141,8521
31142,4617
31143,6378
31144,9924
31145,9958
31146,5883
31147,7508
31148,7182
31149,5645
31150,3857
31151,9139
31152,774
31153,6316
31154,662
31155,7054
31156,3974
31157,4621
31158,5769
31159,8388
31160,155
31161,5111
31162,4257
31163,9588
31164,4198
31165,2706
31166,8250
31167,3339
31168,3491
31169,8976
31170,4651
31171,5569
31172,1270
31173,659
31174,3058
31175,2033
31176,9282
31177,4280
31178,5343
31179,2084
31180,6047
31181,2322
31182,3484
31183,3270
31184,4848
31185,5628
31186,1360
31187,9295
31188,6058
31189,7941
31190,8151
31191,7333
31192,5787
31193,1864
31194,2276
31195,570
31196,7556
31197,4997
31198,7217
31199,6496
31200,2393
31201,6157
31202,7674
31203,1693
31204,9400
31205,1019
31206,9973
31207,9909
31208,2282
31209,2622
31210,7434
31211,7236
31212,6073
31213,4351
31214,1552
31215,1247
31216,5719
31217,9926
31218,2273
31219,292
31220,8008
31221,7750
31222,3296
31223,8373
31224,1892
31225,6197
31226,2285
31227,6884
31228,7512
31229,8802
31230,3800
31231,2033
31232,476
31233,3960
31234,3899
31235,2602
31236,6642
31237,9221
31238,6368
31239,1557
31240,7179
31241,4759
31242,4446
31243,713
31244,6560
31245,9054
31246,8507
31247,7646
31248,9989
31249,9075
31250,1591
31251,3967
31252,4600
31253,3342
31254,1695
31255,9807
31256,7541
31257,6921
31258,5741
31259,905
31260,8042
31261,2356
31262,3541
31263,1871
31264,4862
31265,40
31266,252
31267,6928
31268,9700
31269,5521
31270,5518
31271,4678
31272,6097
31273,7025
31274,7646
31275,6672
31276,4013
31277,9861
31278,608
31279,2205
31280,79
31281,8149
31282,9595
31283,3669
31284,9851
31285,5644
31286,2291
31287,6832
31288,3692
31289,2693
31290,4572
31291,4662
31292,4941
31293,9512
31294,4723
31295,5423
31296,5610
31297,4113
31298,2085
31299,792
31300,3816
31301,9535
31302,1067
31303,2064
31304,2119
31305,7293
31306,1330
31307,7859
31308,4427
31309,3709
31310,742
31311,6572
31312,3559
31313,6173
31314,6565
31315,5388
31316,8806
31317,1732
31318,2822
31319,9783
31320,7547
31321,2288
31322,2360
31323,3633
31324,6540
31325,724
31326,934
31327,3172
31328,4163
31329,4539
31330,2579
31331,2825
31332,6982
31333,4588
31334,4472
31335,898
31336,5958
31337,3488
31338,3599
31339,1733
31340,1268
31341,7036
31342,8612
31343,2240
31344,7464
31345,2070
31346,3908
31347,2623
31348,7025
31349,6708
31350,1812
31351,687
31352,8097
31353,4723
31354,7740
31355,3014
31356,8996
31357,738
31358,9895
31359,4744
31360,200
31361,5004
31362,3876
31363,9691
31364,6049
31365,6455
31366,8839
31367,4055
31368,6325
31369,5634
31370,4168
31371,4121
31372,6844
31373,9043
31374,3961
31375,5230
31376,4068
31377,3257
31378,1226
31379,6102
31380,7990
31381,9100
31382,5596
31383,7086
31384,7950
31385,2232
31386,9459
31387,7989
31388,1524
31389,8618
31390,2893
31391,3836
31392,4349
31393,684
31394,6299
31395,112
31396,4003
31397,3718
31398,1505
31399,3402
31400,7547
31401,2795
31402,5829
31403,3669
31404,4890
31405,5598
31406,4812
31407,4901
31408,3535
31409,3527
31410,4787
31411,4199
31412,6943
31413,6147
31414,6264
31415,1923
31416,7345
31417,1160
31418,4147
31419,4146
31420,7739
31421,1520
31422,3925
31423,6335
31424,3262
31425,8945
31426,3948
31427,2521
31428,1083
31429,2202
31430,8217
31431,7393
31432,5181
31433,8308
31434,4324
31435,6490
31436,2867
31437,4359
31438,1438
31439,6733
31440,6789
31441,7866
31442,7310
31443,6655
31444,7680
31445,2931
31446,8176
31447,7254
31448,888
31449,8512
31450,9316
31451,1331
31452,4385
31453,9168
31454,8896
31455,5015
31456,8472
31457,5646
31458,5230
31459,9613
31460,3037
31461,3134
31462,1763
31463,8196
31464,5109
31465,4345
31466,3295
31467,8562
31468,8935
31469,861
31470,869
31471,1360
31472,4928
31473,5740
31474,336
31475,2130
31476,1003
31477,5385
31478,1776
31479,9382
31480,1974
31481,6611
31482,2791
31483,7029
31484,2915
31485,8300
31486,253
31487,4047
31488,7948
31489,9702
31490,5504
31491,2719
31492,7711
31493,7805
31494,7098
31495,1057
31496,4388
31497,9517
31498,9588
31499,6554
31500,6721
31501,7231
31502,9939
31503,8623
31504,7002
31505,8072
31506,3811
31507,5372
31508,5483
31509,9613
31510,4580
31511,2462
31512,2093
31513,9552
31514,5173
31515,4843
31516,6811
31517,3350
31518,3854
31519,649
31520,9776
31521,8106
31522,8161
31523,8387
31524,5410
31525,1328
31526,8729
31527,3269
31528,3493
31529,3029
31530,4789
31531,9769
31532,8776
31533,1334
31534,4414
31535,9414
31536,5947
31537,1444
31538,8739
31539,7564
31540,4963
31541,9776
31542,8394
31543,9388
31544,8676
31545,4279
31546,7388
31547,2447
31548,4562
31549,1364
31550,3410
31551,7206
31552,3764
31553,6275
31554,168
31555,6751
31556,1847
31557,4621
31558,1035
31559,7822
31560,7256
31561,668
31562,687
31563,4056
31564,3831
31565,2385
31566,285
31567,6869
31568,1598
31569,4591
31570,255
31571,9090
31572,6680
31573,8202
31574,2194
31575,3261
31576,5873
31577,3061
31578,9712
31579,3781
31580,9330
31581,8899
31582,9290
31583,2429
31584,7406
31585,2638
31586,7319
31587,695
31588,2766
31589,5033
31590,9934
31591,4845
31592,1982
31593,720
31594,8526
31595,5095
31596,5656
31597,4903
31598,2604
31599,1102
31600,2965
31601,8413
31602,9783
31603,9645
31604,4153
31605,8780
31606,7654
31607,3007
31608,5218
31609,9956
31610,2989
31611,3615
31612,431
31613,620
31614,8647
31615,9162
31616,140
31617,2657
31618,6683
31619,3739
31620,4441
31621,1034
31622,9854
31623,7049
31624,547
31625,4601
31626,3093
31627,517
31628,3934
31629,8882
31630,2622
31631,4886
31632,8961
31633,4233
31634,3157
31635,2203
31636,8092
31637,2556
31638,5071
31639,4665
31640,1232
31641,7760
31642,5029
31643,3584
31644,5733
31645,6556
31646,3033
31647,3290
31648,9273
31649,550
31650,520
31651,6172
31652,6712
31653,354
31654,5189
31655,8093
31656,6382
31657,2490
31658,8600
31659,5829
31660,6752
31661,9496
31662,6910
31663,5648
31664,5910
31665,5533
31666,3859
31667,1787
31668,8581
31669,3773
31670,9863
31671,3068
31672,9508
31673,2475
31674,4461
31675,25
31676,4420
31677,2590
31678,5145
31679,7958
31680,2602
31681,4799
31682,8270
31683,8612
31684,7242
31685,8103
31686,928
31687,4845
31688,9692
31689,3353
31690,2496
31691,6883
31692,282
31693,4564
31694,829
31695,5302
31696,2625
31697,6079
31698,5650
31699,3994
31700,4900
31701,7711
31702,5201
31703,2991
31704,3049
31705,4945
31706,612
31707,7469
31708,7429
31709,9634
31710,8457
31711,7702
31712,2497
31713,1368
31714,699
31715,8509
31716,6141
31717,9898
31718,3176
31719,8610
31720,835
31721,1201
31722,5657
31723,6795
31724,6823
31725,9976
31726,5651
31727,543
31728,6520
31729,1217
31730,8618
31731,1247
31732,4953
31733,4775
31734,4846
31735,469
31736,8851
31737,129
31738,4778
31739,5990
31740,8519
31741,6491
31742,6308
31743,9069
31744,3236
31745,8595
31746,2562
31747,5388
31748,3238
31749,86
31750,3420
31751,418
31752,4102
31753,2277
31754,8945
31755,4538
31756,5584
31757,5783
31758,3844
31759,4007
31760,7317
31761,9189
31762,5627
31763,2711
31764,3722
31765,3917
31766,8956
31767,685
31768,4937
31769,5359
31770,6178
31771,9912
31772,3485
31773,6826
31774,551
31775,174
31776,7102
31777,994
31778,2671
31779,4478
31780,627
31781,8270
31782,5649
31783,4206
31784,10
31785,8387
31786,4448
31787,4818
31788,3089
31789,6729
31790,8337
31791,6028
31792,392
31793,937
31794,5069
31795,570
31796,1199
31797,907
31798,2378
31799,9940
31800,4963
31801,7908
31802,4390
31803,2408
31804,6236
31805,5753
31806,9595
31807,2598
31808,6366
31809,3695
31810,9131
31811,4319
31812,4409
31813,3236
31814,1413
31815,8401
31816,2295
31817,8872
31818,1738
31819,1259
31820,888
31821,2533
31822,507
31823,9179
31824,7712
31825,7588
31826,4889
31827,548
31828,9102
31829,1476
31830,7724
31831,1743
31832,500
31833,1719
31834,9955
31835,6721
31836,1928
31837,8176
31838,6035
31839,9688
31840,6109
31841,9702
31842,207
31843,9736
31844,1723
31845,9550
31846,4793
31847,8112
31848,3854
31849,605
31850,8340
31851,1024
31852,251
31853,2373
31854,742
31855,144
31856,3771
31857,2636
31858,7189
31859,1520
31860,2806
31861,6917
31862,4522
31863,4312
31864,1653
31865,4416
31866,3374
31867,6778
31868,9601
31869,9752
31870,3421
31871,92
31872,5706
31873,9681
31874,2450
31875,5770
31876,1792
31877,8806
31878,6436
31879,7916
31880,8932
31881,1370
31882,2088
31883,987
31884,7803
31885,1647
31886,3310
31887,4014
31888,592
31889,8661
31890,8337
31891,9179
31892,8485
31893,2408
31894,4122
31895,1248
31896,3476
31897,5528
31898,5373
31899,3176
31900,789
31901,2144
31902,2246
31903,1649
31904,8621
31905,3699
31906,4965
31907,8408
31908,7382
31909,3400
31910,7260
31911,7259
31912,3806
31913,2544
31914,2190
31915,4316
31916,4237
31917,9599
31918,1456
31919,961
31920,4031
31921,5495
31922,1727
31923,4252
31924,3815
31925,5923
31926,7485
31927,4820
31928,1606
31929,6604
31930,3226
31931,9108
31932,5765
31933,6293
31934,1347
31935,2984
31936,4483
31937,8562
31938,6836
31939,5677
31940,8774
31941,8023
31942,3054
31943,9786
31944,5028
31945,2243
31946,5647
31947,7477
31948,3256
31949,4051
31950,1899
31951,7686
31952,2665
31953,3728
31954,5545
31955,9258
31956,2139
31957,9708
31958,1640
31959,5070
31960,1001
31961,4600
31962,9395
31963,6876
31964,8904
31965,9232
31966,4931
31967,8031
31968,2491
31969,8764
31970,6291
31971,8568
31972,6259
31973,803
31974,4741
31975,996
31976,9159
31977,3605
31978,864
31979,1579
31980,2266
31981,4113
31982,4186
31983,7971
31984,5264
31985,8439
31986,7916
31987,6011
31988,1742
31989,824
31990,7045
31991,1196
31992,7591
31993,2235
31994,9186
31995,6433
31996,8999
31997,5183
31998,8745
31999,5892
32000,529
32001,5051
32002,1464
32003,6880
32004,7223
32005,7769
32006,9260
32007,9314
32008,3416
32009,956
32010,4040
32011,8337
32012,802
32013,1146
32014,9564
32015,564
32016,7047
32017,3413
32018,2264
32019,1376
32020,958
32021,8305
32022,7819
32023,7217
32024,9248
32025,7429
32026,4036
32027,5966
32028,7379
32029,7332
32030,2624
32031,9165
32032,3281
32033,9039
32034,7394
32035,5688
32036,891
32037,3198
32038,3344
32039,2208
32040,8413
32041,9417
32042,9082
32043,764
32044,5227
32045,8902
32046,380
32047,1742
32048,5269
32049,811
32050,6409
32051,9191
32052,4781
32053,7017
32054,425
32055,3347
32056,5268
32057,8037
32058,5067
32059,6977
32060,1630
32061,9737
32062,5992
32063,8003
32064,2802
32065,8774
32066,7396
32067,4903
32068,5106
32069,4866
32070,3665
32071,8494
32072,4303
32073,89
32074,4318
32075,1872
32076,628
32077,969
32078,3745
32079,8124
32080,2178
32081,3255
32082,7245
32083,9924
32084,1171
32085,2050
32086,8170
32087,5659
32088,9301
32089,7328
32090,9890
32091,7493
32092,4142
32093,854
32094,5787
32095,1653
32096,1273
32097,2944
32098,6149
32099,7184
32100,225
32101,4786
32102,2350
32103,7716
32104,9709
32105,2100
32106,1126
32107,7760
32108,5344
32109,2171
32110,3266
32111,9350
32112,3186
32113,6390
32114,3355
32115,7006
32116,9342
32117,2943
32118,7751
32119,5665
32120,2458
32121,837
32122,5906
32123,1213
32124,6629
32125,6808
32126,854
32127,2981
32128,1278
32129,4754
32130,7745
32131,9831
32132,3540
32133,5095
32134,9005
32135,8329
32136,9153
32137,2274
32138,29
32139,1791
32140,6867
32141,4844
32142,7306
32143,8758
32144,2254
32145,2993
32146,2735
32147,4609
32148,5376
32149,4897
32150,206
32151,5236
32152,2838
32153,3998
32154,5742
32155,5289
32156,2479
32157,1640
32158,3288
32159,2048
32160,5442
32161,5031
32162,4340
32163,6480
32164,7087
32165,4771
32166,5229
32167,7011
32168,1397
32169,651
32170,5622
32171,7220
32172,584
32173,9923
32174,9220
32175,7806
32176,8601
32177,4700
32178,1466
32179,1605
32180,8318
32181,7996
32182,8584
32183,2139
32184,841
32185,4978
32186,3491
32187,2127
32188,4492
32189,2016
32190,8498
32191,6770
32192,8920
32193,5704
32194,6072
32195,3089
32196,5288
32197,20
32198,4890
32199,420
32200,608
32201,833
32202,7886
32203,5227
32204,7096
32205,322
32206,6681
32207,6710
32208,2502
32209,240
32210,3750
32211,53
32212,7542
32213,8102
32214,7288
32215,3467
32216,5394
32217,5625
32218,5516
32219,3005
32220,3648
32221,7527
32222,3294
32223,8372
32224,4351
32225,9841
32226,626
32227,249
32228,6062
32229,6464
32230,9124
32231,4897
32232,1914
32233,6175
32234,822
32235,5009
32236,7652
32237,1740
32238,9033
32239,3434
32240,6072
32241,2217
32242,3378
32243,5481
32244,2237
32245,7649
32246,4390
32247,1830
32248,8850
32249,198
32250,9424
32251,5231
32252,8680
32253,6756
32254,4622
32255,1898
32256,1560
32257,7069
32258,5243
32259,5645
32260,43
32261,8497
32262,1439
32263,5256
32264,1997
32265,6281
32266,2892
32267,9911
32268,1557
32269,472
32270,6717
32271,5315
32272,523
32273,5184
32274,3576
32275,3813
32276,3948
32277,1481
32278,8013
32279,347
32280,7061
32281,7454
32282,3422
32283,2402
32284,986
32285,4988
32286,4078
32287,9905
32288,881
32289,3419
32290,2599
32291,1559
32292,4471
32293,2631
32294,2539
32295,7172
32296,8361
32297,6409
32298,2591
32299,6575
32300,7115
32301,6966
32302,2944
32303,2321
32304,2805
32305,4338
32306,6833
32307,4338
32308,3598
32309,3126
32310,4663
32311,3757
32312,6834
32313,1469
32314,4440
32315,2461
32316,7341
32317,4100
32318,8973
32319,5051
32320,1121
32321,9796
32322,9483
32323,3595
32324,7611
32325,2383
32326,6852
32327,8543
32328,5108
32329,4733
32330,2828
32331,2935
32332,9474
32333,719
32334,7002
32335,748
32336,9980
32337,4600
32338,6097
32339,3728
32340,8211
32341,5091
32342,9939
32343,2588
32344,1568
32345,4010
32346,4555
32347,5349
32348,9066
32349,2726
32350,4312
32351,1819
32352,5840
32353,2007
32354,2941
32355,2140
32356,4422
32357,6523
32358,2806
32359,7758
32360,6333
32361,6755
32362,5212
32363,1565
32364,8191
32365,4453
32366,8532
32367,4715
32368,4849
32369,3968
32370,4674
32371,9886
32372,9172
32373,756
32374,2194
32375,7956
32376,9586
32377,5331
32378,9220
32379,7158
32380,2034
32381,6183
32382,9744
32383,2721
32384,7028
32385,9656
32386,7207
32387,1712
32388,5539
32389,7226
32390,7665
32391,5427
32392,6334
32393,3883
32394,8323
32395,9678
32396,275
32397,8229
32398,5388
32399,2134
32400,441
32401,4984
32402,3787
32403,7047
32404,1095
32405,6205
32406,6269
32407,2495
32408,8302
32409,5408
32410,5088
32411,7212
32412,3058
32413,6512
32414,809
32415,3832
32416,5621
32417,6019
32418,9497
32419,5273
32420,8636
32421,5580
32422,9117
32423,4650
32424,5343
32425,8849
32426,2305
32427,1441
32428,5182
32429,2371
32430,7551
32431,733
32432,1557
32433,9181
32434,8285
32435,1375
32436,8751
32437,3863
32438,4692
32439,5970
32440,8353
32441,7699
32442,5167
32443,3508
32444,2995
32445,1577
32446,8413
32447,6679
32448,4201
32449,9728
32450,7166
32451,8723
32452,6527
32453,5145
32454,9904
32455,6761
32456,8219
32457,7184
32458,1729
32459,8071
32460,4024
32461,888
32462,8795
32463,6282
32464,1619
32465,9077
32466,6724
32467,5119
32468,2458
32469,2146
32470,6976
32471,2063
32472,7773
32473,93
32474,9641
32475,2678
32476,5241
32477,8900
32478,1830
32479,4424
32480,7259
32481,9300
32482,6582
32483,7637
32484,2904
32485,3427
32486,258
32487,7820
32488,1900
32489,7890
32490,2125
32491,6591
32492,3073
32493,5661
32494,1816
32495,7310
32496,8497
32497,2704
32498,5503
32499,8233
32500,4660
32501,8136
32502,802
32503,4201
32504,1099
32505,8431
32506,2790
32507,4507
32508,799
32509,4204
32510,4467
32511,6681
32512,4645
32513,5971
32514,6748
32515,5165
32516,323
32517,6643
32518,242
32519,5745
32520,9231
32521,7859
32522,2721
32523,7950
32524,3354
32525,2132
32526,3789
32527,5664
32528,9082
32529,1182
32530,7327
32531,7754
32532,169
32533,7973
32534,2139
32535,3088
32536,2239
32537,2927
32538,3023
32539,9751
32540,6336
32541,1589
32542,1970
32543,7912
32544,6667
32545,3854
32546,4707
32547,2400
32548,1429
32549,3927
32550,4952
32551,8364
32552,8317
32553,7580
32554,5208
32555,9672
32556,6012
32557,5152
32558,3862
32559,552
32560,8615
32561,8883
32562,8843
32563,3988
32564,1442
32565,8870
32566,7815
32567,978
32568,5810
32569,7855
32570,9382
32571,5601
32572,5393
32573,7480
32574,4829
32575,7642
32576,3245
32577,5265
32578,261
32579,4310
32580,7419
32581,4008
32582,8992
32583,5190
32584,5431
32585,1505
32586,7988
32587,8151
32588,5388
32589,2587
32590,5316
32591,8143
32592,1245
32593,1068
32594,9372
32595,3669
32596,5378
32597,66
32598,7482
32599,2579
32600,4090
32601,6387
32602,1958
32603,232
32604,9841
32605,5227
32606,9959
32607,9037
32608,2546
32609,2535
32610,9186
32611,1367
32612,4897
32613,7732
32614,5992
32615,4487
32616,9648
32617,1381
32618,3234
32619,1884
32620,3371
32621,6114
32622,1152
32623,4319
32624,8766
32625,6908
32626,1598
32627,5008
32628,9672
32629,4352
32630,3372
32631,1646
32632,9674
32633,6237
32634,1254
32635,6924
32636,5316
32637,4524
32638,8460
32639,2368
32640,5625
32641,1278
32642,9141
32643,2386
32644,8397
32645,3106
32646,3645
32647,571
32648,8241
32649,9969
32650,7749
32651,6881
32652,2514
32653,7031
32654,5981
32655,7886
32656,8989
32657,4107
32658,9694
32659,9331
32660,6832
32661,5888
32662,4519
32663,6196
32664,9846
32665,3570
32666,5689
32667,2695
32668,6622
32669,4831
32670,7817
32671,1422
32672,1231
32673,2259
32674,2249
32675,4212
32676,7883
32677,6903
32678,8845
32679,5413
32680,5195
32681,4300
32682,4152
32683,9587
32684,7162
32685,2594
32686,1611
32687,4952
32688,5708
32689,817
32690,7355
32691,8316
32692,2737
32693,8175
32694,4181
32695,9651
32696,1578
32697,9524
32698,9062
32699,751
32700,9932
32701,6447
32702,4914
32703,2943
32704,4519
32705,4536
32706,5919
32707,5359
32708,3177
32709,7616
32710,2228
32711,1350
32712,8019
32713,4649
32714,1524
32715,1421
32716,7734
32717,4177
32718,1032
32719,2768
32720,9314
32721,4818
32722,9760
32723,8843
32724,6743
32725,4917
32726,3235
32727,1024
32728,6778
32729,5468
32730,2031
32731,2686
32732,9742
32733,3116
32734,8985
32735,8872
32736,2594
32737,4952
32738,1287
32739,3053
32740,7380
32741,5870
32742,3792
32743,7067
32744,8379
32745,8477
32746,3491
32747,5782
32748,9626
32749,5346
32750,4132
32751,2970
32752,7907
32753,2479
32754,7061
32755,4078
32756,5453
32757,9792
32758,4390
32759,9314
32760,9270
32761,2555
32762,7675
32763,3659
32764,1824
32765,3917
32766,3741
32767,7695
32768,8283
32769,5879
32770,8283
32771,103
32772,8196
32773,352
32774,6950
32775,2418
32776,9291
32777,633
32778,877
32779,3482
32780,180
32781,9984
32782,8779
32783,8269
32784,1525
32785,8202
32786,2208
32787,911
32788,5913
32789,7765
32790,8996
32791,2076
32792,8572
32793,2548
32794,3917
32795,6970
32796,2606
32797,9890
32798,3331
32799,9340
32800,7730
32801,2631
32802,9367
32803,9710
32804,3851
32805,4568
32806,4928
32807,8725
32808,4349
32809,248
32810,1230
32811,778
32812,8436
32813,6340
32814,7398
32815,4602
32816,9721
32817,7627
32818,8092
32819,7589
32820,9137
32821,9470
32822,6466
32823,9020
32824,4127
32825,2449
32826,9290
32827,6096
32828,4834
32829,9975
32830,8401
32831,8379
32832,5552
32833,9132
32834,2046
32835,9687
32836,2101
32837,5560
32838,4273
32839,6440
32840,2394
32841,6336
32842,8217
32843,7673
32844,9038
32845,7731
32846,2167
32847,9778
32848,315
32849,7133
32850,2063
32851,5822
32852,3354
32853,4466
32854,1218
32855,1868
32856,2713
32857,1981
32858,1123
32859,993
32860,2137
32861,3649
32862,7486
32863,570
32864,6662
32865,4397
32866,2942
32867,8492
32868,1919
32869,7240
32870,1438
32871,957
32872,1358
32873,8582
32874,9906
32875,319
32876,3424
32877,5799
32878,9700
32879,6578
32880,8862
32881,3457
32882,2283
32883,9699
32884,2152
32885,9807
32886,4749
32887,9633
32888,468
32889,7590
32890,347
32891,5460
32892,7390
32893,4030
32894,8546
32895,5653
32896,952
32897,355
32898,3904
32899,8526
32900,6620
32901,2148
32902,4399
32903,8725
32904,7836
32905,7826
32906,268
32907,1120
32908,7335
32909,6497
32910,830
32911,5998
32912,5645
32913,4674
32914,7103
32915,4614
32916,1573
32917,6353
32918,9409
32919,8510
32920,1849
32921,7685
32922,8011
32923,9585
32924,2316
32925,9382
32926,5150
32927,2696
32928,970
32929,8639
32930,465
32931,6777
32932,3827
32933,9771
32934,9305
32935,9820
32936,1522
32937,4748
32938,401
32939,2631
32940,6186
32941,9122
32942,5729
32943,6051
32944,3610
32945,5220
32946,4518
32947,6452
32948,7664
32949,9990
32950,6226
32951,7895
32952,270
32953,6843
32954,9537
32955,5954
32956,6144
32957,6885
32958,6838
32959,344
32960,7679
32961,2789
32962,9005
32963,7338
32964,2447
32965,2817
32966,5200
32967,9142
32968,3173
32969,9104
32970,7498
32971,9470
32972,33
32973,4662
32974,2758
32975,2460
32976,9598
32977,8105
32978,3367
32979,8105
32980,8093
32981,5982
32982,9959
32983,8165
32984,7079
32985,5348
32986,2542
32987,5347
32988,3783
32989,6475
32990,4671
32991,2067
32992,687
32993,2984
32994,8486
32995,5658
32996,6454
32997,1850
32998,1888
32999,6299
33000,9812
33001,7229
33002,3324
33003,1388
33004,5350
33005,9917
33006,462
33007,8543
33008,402
33009,5481
33010,1279
33011,8147
33012,3060
33013,7290
33014,9172
33015,4804
33016,7420
33017,175
33018,8456
33019,8503
33020,6373
33021,8089
33022,5040
33023,1515
33024,9458
33025,7419
33026,4350
33027,219
33028,3803
33029,4531
33030,3057
33031,990
33032,2129
33033,3755
33034,187
33035,1556
33036,8500
33037,3576
33038,284
33039,3005
33040,62
33041,7785
33042,9625
33043,1637
33044,6053
33045,7833
33046,8690
33047,8618
33048,9122
33049,1563
33050,8867
33051,2479
33052,1484
33053,6487
33054,347
33055,7001
33056,8470
33057,1097
33058,1303
33059,8858
33060,5974
33061,2838
33062,6482
33063,3983
33064,6671
33065,4967
33066,6574
33067,1346
33068,1677
33069,1835
33070,1222
33071,2778
33072,5786
33073,454
33074,9599
33075,4391
33076,3686
33077,2320
33078,4050
33079,7095
33080,1837
33081,6295
33082,3229
33083,5569
33084,6781
33085,4698
33086,4521
33087,2082
33088,6780
33089,6338
33090,2340
33091,695
33092,4968
33093,694
33094,8542
33095,743
33096,1506
33097,9333
33098,5460
33099,4645
33100,1742
33101,6537
33102,6735
33103,6313
33104,8041
33105,1429
33106,4720
33107,8689
33108,1451
33109,2400
33110,1394
33111,2166
33112,4406
33113,1401
33114,7432
33115,5445
33116,4810
33117,3152
33118,278
33119,3927
33120,9726
33121,8679
33122,4281
33123,248
33124,8811
33125,7012
33126,7778
33127,5893
33128,5795
33129,5103
33130,6448
33131,6184
33132,9356
33133,9953
33134,5455
33135,3348
33136,2343
33137,4396
33138,4591
33139,6708
33140,8369
33141,3552
33142,5896
33143,8064
33144,6924
33145,7523
33146,8279
33147,1118
33148,9093
33149,4766
33150,1234
33151,7538
33152,8766
33153,2869
33154,8503
33155,8310
33156,2422
33157,2657
33158,3348
33159,5814
33160,7241
33161,4533
33162,3823
33163,3655
33164,3427
33165,21
33166,6619
33167,3155
33168,884
33169,7313
33170,893
33171,4660
33172,7720
33173,6807
33174,5449
33175,7018
33176,9781
33177,8554
33178,8172
33179,9708
33180,3497
33181,7547
33182,2400
33183,4040
33184,7502
33185,3448
33186,2393
33187,3377
33188,6177
33189,1475
33190,2161
33191,3493
33192,583
33193,784
33194,7040
33195,4348
33196,8031
33197,3940
33198,4970
33199,2230
33200,1449
33201,6256
33202,7434
33203,8915
33204,6710
33205,8777
33206,6349
33207,5094
33208,5520
33209,79
33210,9119
33211,8944
33212,6738
33213,4160
33214,2543
33215,7420
33216,9578
33217,8611
33218,3017
33219,8153
33220,6880
33221,5144
33222,4252
33223,5619
33224,9881
33225,7788
33226,9916
33227,1207
33228,2347
33229,8096
33230,3203
33231,8228
33232,5230
33233,2983
33234,6541
33235,3175
33236,1100
33237,8451
33238,151
33239,276
33240,7729
33241,4320
33242,8690
33243,8697
33244,489
33245,2700
33246,6009
33247,4946
33248,2437
33249,9045
33250,8074
33251,3225
33252,5991
33253,3921
33254,4087
33255,2359
33256,659
33257,5546
33258,2866
33259,5588
33260,1735
33261,8126
33262,1364
33263,1303
33264,3268
33265,2723
33266,8605
33267,4042
33268,1556
33269,2616
33270,2835
33271,4216
33272,9014
33273,3384
33274,9131
33275,7650
33276,6944
33277,6088
33278,3333
33279,8376
33280,7115
33281,1373
33282,9239
33283,7499
33284,7961
33285,3021
33286,2100
33287,8662
33288,158
33289,4443
33290,5108
33291,1143
33292,363
33293,9309
33294,2123
33295,7565
33296,6020
33297,3695
33298,3216
33299,1119
33300,8428
33301,9214
33302,3116
33303,3946
33304,9668
33305,8471
33306,3816
33307,6559
33308,9733
33309,8505
33310,5158
33311,1942
33312,2050
33313,7944
33314,8343
33315,6799
33316,5785
33317,9010
33318,957
33319,775
33320,7182
33321,5025
33322,9140
33323,2506
33324,3572
33325,1272
33326,6403
33327,5060
33328,5420
33329,552
33330,6674
33331,7733
33332,2791
33333,2622
33334,1209
33335,7042
33336,6333
33337,4698
33338,4796
33339,3691
33340,5239
33341,3505
33342,8866
33343,6088
33344,3172
33345,1426
33346,3118
33347,8718
33348,9051
33349,7839
33350,917
33351,8517
33352,7583
33353,9709
33354,9720
33355,1944
33356,5961
33357,4354
33358,7436
33359,6344
33360,2632
33361,9058
33362,5575
33363,1535
33364,1426
33365,1804
33366,2730
33367,6836
33368,6805
33369,3686
33370,5086
33371,6379
33372,8554
33373,9629
33374,5836
33375,2202
33376,9979
33377,3546
33378,7309
33379,9318
33380,2330
33381,7881
33382,543
33383,9419
33384,5361
33385,1989
33386,2086
33387,8733
33388,4245
33389,6251
33390,4124
33391,2594
33392,9750
33393,1498
33394,3669
33395,6412
33396,8057
33397,237
33398,4481
33399,5252
33400,7633
33401,4362
33402,4938
33403,7325
33404,708
33405,447
33406,5829
33407,6190
33408,9886
33409,2163
33410,6048
33411,6018
33412,6385
33413,5146
33414,5288
33415,969
33416,8479
33417,4230
33418,3766
33419,7597
33420,9545
33421,4780
33422,8916
33423,9707
33424,3931
33425,2724
33426,1357
33427,5018
33428,6095
33429,8179
33430,4878
33431,3970
33432,9954
33433,2515
33434,5106
33435,7385
33436,1747
33437,1118
33438,2689
33439,1047
33440,5770
33441,9113
33442,2106
33443,368
33444,5963
33445,1086
33446,7246
33447,5681
33448,5825
33449,5774
33450,4984
33451,3537
33452,2312
33453,9806
33454,1085
33455,4058
33456,338
33457,3487
33458,7134
33459,1012
33460,8778
33461,8528
33462,6396
33463,9729
33464,2831
33465,9667
33466,2390
33467,8696
33468,9340
33469,2426
33470,9558
33471,9355
33472,3259
33473,2152
33474,3398
33475,9326
33476,5325
33477,9003
33478,217
33479,8674
33480,1648
33481,5137
33482,8337
33483,4366
33484,9372
33485,8659
33486,6034
33487,7615
33488,1446
33489,6385
33490,8708
33491,6257
33492,8647
33493,2791
33494,453
33495,127
33496,9742
33497,576
33498,3612
33499,1946
33500,4193
33501,7936
33502,9854
33503,4581
33504,5811
33505,4400
33506,4825
33507,5510
33508,5412
33509,6997
33510,4791
33511,2696
33512,1213
33513,5066
33514,7067
33515,8607
33516,5723
33517,5193
33518,4224
33519,4089
33520,322
33521,8364
33522,1538
33523,5506
33524,9767
33525,4778
33526,7577
33527,408
33528,6640
33529,1057
33530,1952
33531,249
33532,6474
33533,681
33534,2629
33535,7929
33536,2471
33537,8603
33538,2116
33539,4158
33540,1097
33541,6786
33542,9344
33543,4391
33544,5134
33545,7569
33546,151
33547,406
33548,5147
33549,7291
33550,1565
33551,7064
33552,5904
33553,1038
33554,5061
33555,680
33556,4604
33557,1865
33558,3439
33559,5286
33560,6996
33561,9890
33562,4441
33563,579
33564,6466
33565,1156
33566,9066
33567,6524
33568,4910
33569,37
33570,5359
33571,1039
33572,6626
33573,2006
33574,1351
33575,9450
33576,2097
33577,8882
33578,384
33579,3055
33580,6285
33581,5959
33582,815
33583,6362
33584,6480
33585,6656
33586,288
33587,1415
33588,8989
33589,7160
33590,1342
33591,8075
33592,3157
33593,8002
33594,3459
33595,442
33596,8036
33597,1019
33598,7289
33599,5201
33600,8518
33601,5317
33602,4226
33603,1375
33604,6806
33605,9137
33606,3528
33607,2778
33608,505
33609,3602
33610,2242
33611,8058
33612,2945
33613,6729
33614,4455
33615,2377
33616,6565
33617,915
33618,8178
33619,7910
33620,4607
33621,7663
33622,5019
33623,7245
33624,9717
33625,7218
33626,7968
33627,5298
33628,7823
33629,6146
33630,8313
33631,6616
33632,9874
33633,2312
33634,9852
33635,7335
33636,4405
33637,4005
33638,8508
33639,8322
33640,7779
33641,9479
33642,1437
33643,5623
33644,3112
33645,9387
33646,1465
33647,9381
33648,1356
33649,8830
33650,1224
33651,1971
33652,3005
33653,4622
33654,9749
33655,5700
33656,2868
33657,771
33658,5468
33659,8057
33660,4912
33661,8115
33662,1506
33663,9445
33664,4592
33665,2053
33666,3386
33667,8718
33668,844
33669,633
33670,1057
33671,1574
33672,3992
33673,5450
33674,506
33675,552
33676,925
33677,1811
33678,91
33679,1189
33680,8367
33681,2081
33682,9008
33683,7040
33684,341
33685,7155
33686,9736
33687,6989
33688,8382
33689,9518
33690,6122
33691,9308
33692,1599
33693,2496
33694,5844
33695,2600
33696,8689
33697,8813
33698,3430
33699,5218
33700,9599
33701,7224
33702,1466
33703,9539
33704,4507
33705,2877
33706,4593
33707,5264
33708,6355
33709,6581
33710,7093
33711,5308
33712,88
33713,5662
33714,387
33715,174
33716,7977
33717,9922
33718,5951
33719,8356
33720,1156
33721,9265
33722,2226
33723,5459
33724,1473
33725,3480
33726,1526
33727,4433
33728,1536
33729,798
33730,6530
33731,7431
33732,6587
33733,2558
33734,7262
33735,4618
33736,8717
33737,6650
33738,6755
33739,3072
33740,5291
33741,4772
33742,9769
33743,9650
33744,976
33745,6086
33746,5704
33747,8565
33748,117
33749,7191
33750,8824
33751,4426
33752,519
33753,6825
33754,9266
33755,3875
33756,8505
33757,9170
33758,9640
33759,3881
33760,5523
33761,6518
33762,7174
33763,3510
33764,2209
33765,3911
33766,7768
33767,6080
33768,2280
33769,5395
33770,239
33771,2496
33772,8351
33773,919
33774,987
33775,644
33776,5999
33777,4727
33778,2200
33779,5199
33780,4949
33781,7091
33782,3484
33783,6705
33784,7204
33785,1875
33786,308
33787,2749
33788,6711
33789,3735
33790,4550
33791,8299
33792,4824
33793,6144
33794,3532
33795,4428
33796,6828
33797,8134
33798,8172
33799,5499
33800,6095
33801,9047
33802,4195
33803,4236
33804,8106
33805,3891
33806,7702
33807,9254
33808,3625
33809,6815
33810,3167
33811,2115
33812,5186
33813,1003
33814,3106
33815,199
33816,2908
33817,5866
33818,4259
33819,5398
33820,7056
33821,3421
33822,9248
33823,615
33824,1376
33825,6492
33826,9266
33827,5805
33828,527
33829,5228
33830,3817
33831,5445
33832,2282
33833,2318
33834,9304
33835,4802
33836,820
33837,8278
33838,2319
33839,7918
33840,9227
33841,4449
33842,6399
33843,3568
33844,8018
33845,855
33846,8894
33847,1342
33848,6310
33849,1284
33850,7176
33851,9446
33852,347
33853,3304
33854,346
33855,1877
33856,6924
33857,504
33858,4652
33859,3896
33860,8362
33861,2046
33862,9943
33863,9709
33864,5093
33865,3570
33866,9577
33867,9755
33868,2291
33869,1611
33870,1309
33871,8912
33872,4177
33873,2056
33874,2891
33875,5484
33876,1827
33877,2208
33878,3342
33879,1113
33880,3187
33881,4825
33882,2187
33883,1204
33884,4511
33885,6051
33886,8737
33887,7070
33888,9271
33889,8334
33890,273
33891,4472
33892,6978
33893,2062
33894,4956
33895,5835
33896,6054
33897,4099
33898,367
33899,5515
33900,4430
33901,8952
33902,3260
33903,6572
33904,2268
33905,9112
33906,3820
33907,593
33908,3448
33909,8778
33910,6367
33911,9354
33912,6156
33913,5000
33914,1793
33915,1103
33916,4542
33917,5127
33918,7948
33919,6756
33920,2143
33921,8719
33922,8943
33923,6130
33924,2487
33925,4968
33926,6147
33927,2886
33928,52
33929,5839
33930,3451
33931,8605
33932,9528
33933,6356
33934,6859
33935,6696
33936,2660
33937,4355
33938,887
33939,1896
33940,1313
33941,1750
33942,1122
33943,3886
33944,6050
33945,7462
33946,6128
33947,8449
33948,6805
33949,7054
33950,577
33951,5968
33952,9390
33953,1363
33954,5039
33955,9182
33956,4975
33957,178
33958,7722
33959,2681
33960,388
33961,1942
33962,203
33963,8465
33964,9673
33965,4626
33966,5024
33967,7888
33968,1310
33969,3210
33970,3383
33971,8775
33972,9739
33973,1393
33974,9582
33975,3547
33976,7934
33977,9725
33978,5001
33979,5212
33980,3942
33981,3632
33982,9097
33983,474
33984,7990
33985,1620
33986,8814
33987,614
33988,7977
33989,630
33990,2612
33991,6483
33992,3810
33993,7108
33994,6548
33995,165
33996,8170
33997,6691
33998,2725
33999,4349
34000,8080
34001,6700
34002,459
34003,1079
34004,4027
34005,2829
34006,2295
34007,9392
34008,1409
34009,2258
34010,6385
34011,733
34012,9643
34013,5283
34014,7545
34015,4830
34016,96
34017,7707
34018,6856
34019,4159
34020,1761
34021,5171
34022,3430
34023,4847
34024,2493
34025,3222
34026,3932
34027,6320
34028,6052
34029,8023
34030,9688
34031,3537
34032,8274
34033,8926
34034,3764
34035,8172
34036,4375
34037,8420
34038,556
34039,3739
34040,7360
34041,5894
34042,1978
34043,4526
34044,1269
34045,7002
34046,7766
34047,2943
34048,2519
34049,1572
34050,9991
34051,8085
34052,3679
34053,2491
34054,7208
34055,214
34056,751
34057,7059
34058,4273
34059,7847
34060,4747
34061,1115
34062,6840
34063,4207
34064,98
34065,6498
34066,3391
34067,3195
34068,6689
34069,6316
34070,874
34071,8256
34072,4681
34073,567
34074,9194
34075,4301
34076,457
34077,1831
34078,3829
34079,101
34080,617
34081,9453
34082,295
34083,2931
34084,111
34085,3845
34086,8179
34087,4245
34088,9880
34089,7519
34090,6726
34091,544
34092,6676
34093,8217
34094,8762
34095,2935
34096,919
34097,9615
34098,5018
34099,128
34100,3123
34101,6163
34102,1501
34103,2106
34104,7954
34105,2264
34106,8715
34107,6113
34108,1243
34109,5268
34110,9681
34111,5641
34112,3359
34113,9742
34114,139
34115,3726
34116,6764
34117,3753
34118,1781
34119,4464
34120,6780
34121,7260
34122,5283
34123,8707
34124,5638
34125,4923
34126,9040
34127,4728
34128,2686
34129,106
34130,1973
34131,5411
34132,7777
34133,608
34134,3973
34135,8630
34136,7303
34137,1334
34138,8121
34139,1777
34140,5174
34141,9718
34142,1349
34143,9178
34144,6476
34145,9816
34146,9786
34147,5473
34148,5500
34149,4071
34150,7614
34151,1280
34152,228
34153,543
34154,7961
34155,9697
34156,9575
34157,3833
34158,74
34159,4351
34160,5092
34161,9926
34162,2995
34163,5604
34164,3923
34165,9250
34166,8027
34167,4265
34168,1014
34169,2132
34170,6706
34171,3991
34172,481
34173,3415
34174,318
34175,7705
34176,7717
34177,3057
34178,2027
34179,4891
34180,1488
34181,4207
34182,7731
34183,4880
34184,3469
34185,9433
34186,5444
34187,581
34188,3599
34189,8349
34190,5928
34191,606
34192,5083
34193,1080
34194,4260
34195,4335
34196,3381
34197,167
34198,9124
34199,3328
34200,6721
34201,7231
34202,9448
34203,8967
34204,2622
34205,4572
34206,453
34207,5983
34208,914
34209,2920
34210,1811
34211,935
34212,7861
34213,5940
34214,8953
34215,9436
34216,2932
34217,8864
34218,7565
34219,9786
34220,929
34221,5014
34222,4229
34223,8269
34224,4580
34225,4463
34226,9968
34227,5585
34228,1963
34229,2578
34230,7955
34231,3718
34232,4938
34233,3409
34234,9555
34235,6580
34236,452
34237,610
34238,4592
34239,2796
34240,2705
34241,2062
34242,641
34243,3452
34244,1764
34245,7030
34246,9780
34247,35
34248,7956
34249,7307
34250,6563
34251,5769
34252,7765
34253,1139
34254,5006
34255,4155
34256,5651
34257,8643
34258,5907
34259,7379
34260,3905
34261,4807
34262,1838
34263,9737
34264,569
34265,9375
34266,9286
34267,3924
34268,8440
34269,8060
34270,9673
34271,6910
34272,5597
34273,5422
34274,4622
34275,3693
34276,8406
34277,7357
34278,3610
34279,6653
34280,1223
34281,7357
34282,3101
34283,1392
34284,3690
34285,9881
34286,8208
34287,3508
34288,8497
34289,5516
34290,8465
34291,2147
34292,7665
34293,8134
34294,4958
34295,3875
34296,5470
34297,5458
34298,4506
34299,4462
34300,6908
34301,2556
34302,4939
34303,8320
34304,7224
34305,2405
34306,7681
34307,5524
34308,1712
34309,8731
34310,3684
34311,8504
34312,4261
34313,23
34314,7197
34315,2813
34316,898
34317,9398
34318,4550
34319,8100
34320,2179
34321,3661
34322,8027
34323,8250
34324,190
34325,3888
34326,9619
34327,3474
34328,539
34329,5781
34330,4689
34331,7950
34332,1296
34333,2200
34334,8908
34335,8495
34336,1571
34337,5638
34338,2621
34339,6570
34340,670
34341,3188
34342,3399
34343,3073
34344,6411
34345,8137
34346,2850
34347,6319
34348,7202
34349,6064
34350,6156
34351,6571
34352,8570
34353,548
34354,2937
34355,2403
34356,8932
34357,906
34358,6877
34359,6355
34360,2378
34361,4569
34362,7757
34363,2390
34364,24
34365,9555
34366,3145
34367,2287
34368,8212
34369,1666
34370,9449
34371,1670
34372,1773
34373,8743
34374,1539
34375,7875
34376,5848
34377,6920
34378,9382
34379,2627
34380,2764
34381,9130
34382,8111
34383,1436
34384,8077
34385,5218
34386,6232
34387,7818
34388,2071
34389,2573
34390,2813
34391,6219
34392,2303
34393,1635
34394,5819
34395,581
34396,7409
34397,2410
34398,9913
34399,8584
34400,5839
34401,1093
34402,1959
34403,5540
34404,5212
34405,5440
34406,3507
34407,5506
34408,4940
34409,3404
34410,9405
34411,783
34412,7803
34413,2607
34414,9605
34415,7991
34416,3071
34417,3335
34418,1413
34419,3330
34420,7249
34421,6659
34422,7430
34423,7149
34424,879
34425,6452
34426,9285
34427,983
34428,9427
34429,1198
34430,5157
34431,3453
34432,5694
34433,1331
34434,2033
34435,6750
34436,5478
34437,448
34438,174
34439,5688
34440,7845
34441,3347
34442,3360
34443,997
34444,2539
34445,4622
34446,3855
34447,5766
34448,8115
34449,1336
34450,8229
34451,6934
34452,4603
34453,6672
34454,203
34455,8793
34456,2499
34457,6411
34458,8314
34459,9519
34460,1747
34461,2071
34462,9892
34463,6293
34464,9596
34465,6850
34466,3569
34467,5471
34468,7609
34469,3893
34470,3261
34471,5063
34472,3024
34473,1138
34474,6875
34475,6482
34476,7426
34477,1706
34478,8334
34479,7417
34480,7255
34481,4675
34482,4230
34483,7584
34484,6180
34485,321
34486,9987
34487,5444
34488,411
34489,5564
34490,1606
34491,131
34492,760
34493,115
34494,6944
34495,9261
34496,3248
34497,1254
34498,8277
34499,6875
34500,9211
34501,3292
34502,2285
34503,3818
34504,8654
34505,775
34506,4592
34507,2725
34508,1507
34509,2848
34510,6046
34511,5076
34512,499
34513,6384
34514,1945
34515,2759
34516,9305
34517,7822
34518,9801
34519,7474
34520,7787
34521,8427
34522,6296
34523,9916
34524,4159
34525,5858
34526,7666
34527,2355
34528,5559
34529,6690
34530,8780
34531,1708
34532,6994
34533,6047
34534,5266
34535,6561
34536,288
34537,1478
34538,9142
34539,2328
34540,4546
34541,5357
34542,5949
34543,1793
34544,6640
34545,3236
34546,9187
34547,2829
34548,3980
34549,434
34550,2115
34551,2480
34552,5904
34553,3804
34554,2901
34555,9885
34556,3157
34557,4061
34558,3661
34559,7911
34560,1184
34561,2959
34562,8638
34563,6126
34564,244
34565,7922
34566,4780
34567,5138
34568,4866
34569,8169
34570,2484
34571,236
34572,6170
34573,4811
34574,5367
34575,7558
34576,4005
34577,1420
34578,4774
34579,1347
34580,5430
34581,127
34582,1878
34583,2107
34584,1823
34585,9789
34586,8744
34587,2384
34588,1536
34589,7097
34590,9471
34591,8803
34592,3624
34593,2159
34594,3311
34595,8589
34596,3690
34597,9804
34598,3292
34599,2706
34600,4161
34601,1315
34602,726
34603,5855
34604,5768
34605,3665
34606,6369
34607,8515
34608,2290
34609,2632
34610,9089
34611,4352
34612,2499
34613,1932
34614,6288
34615,8125
34616,8059
34617,4039
34618,3073
34619,8362
34620,9685
34621,3902
34622,1747
34623,4230
34624,7090
34625,9572
34626,3405
34627,2464
34628,4967
34629,2297
34630,9438
34631,8160
34632,6302
34633,9408
34634,8706
34635,9605
34636,9969
34637,3743
34638,8902
34639,5123
34640,3015
34641,4800
34642,20
34643,5231
34644,3687
34645,9174
34646,7344
34647,5174
34648,9043
34649,6870
34650,8115
34651,294
34652,6553
34653,5580
34654,5741
34655,7621
34656,2445
34657,7533
34658,1039
34659,6594
34660,8101
34661,4461
34662,2976
34663,7765
34664,563
34665,277
34666,7145
34667,1250
34668,4169
34669,2499
34670,7868
34671,5404
34672,8671
34673,3297
34674,2029
34675,9791
34676,5323
34677,4327
34678,5834
34679,9621
34680,9082
34681,848
34682,8953
34683,8471
34684,4837
34685,6997
34686,3513
34687,7834
34688,2085
34689,1322
34690,2294
34691,8585
34692,2818
34693,9005
34694,9298
34695,6531
34696,6365
34697,3729
34698,4781
34699,2706
34700,5806
34701,818
34702,3303
34703,9507
34704,3469
34705,2429
34706,4234
34707,7581
34708,6373
34709,9398
34710,4577
34711,3534
34712,6761
34713,9727
34714,6247
34715,9801
34716,9246
34717,5329
34718,1877
34719,1385
34720,8140
34721,5411
34722,8813
34723,7002
34724,3326
34725,1608
34726,4959
34727,6582
34728,648
34729,4176
34730,655
34731,5894
34732,6678
34733,99
34734,9025
34735,560
34736,8261
34737,5234
34738,5591
34739,4188
34740,9445
34741,3489
34742,9147
34743,9842
34744,6101
34745,2643
34746,6800
34747,3511
34748,899
34749,8775
34750,8714
34751,7256
34752,4170
34753,4061
34754,2240
34755,5195
34756,7385
34757,6207
34758,2293
34759,4994
34760,621
34761,8639
34762,9661
34763,6847
34764,7116
34765,7285
34766,8725
34767,3587
34768,6496
34769,2271
34770,1033
34771,9781
34772,8523
34773,7245
34774,3767
34775,8078
34776,8651
34777,1294
34778,1670
34779,5363
34780,913
34781,9379
34782,8531
34783,8838
34784,6020
34785,422
34786,6649
34787,3843
34788,2425
34789,2596
34790,5581
34791,9766
34792,8682
34793,6567
34794,6290
34795,2892
34796,2529
34797,4410
34798,8856
34799,190
34800,4135
34801,3029
34802,774
34803,4145
34804,5048
34805,6809
34806,3400
34807,9984
34808,1074
34809,2466
34810,5691
34811,1356
34812,7007
34813,9384
34814,4142
34815,2463
34816,548
34817,2313
34818,6431
34819,258
34820,9242
34821,1401
34822,2182
34823,1345
34824,2269
34825,6625
34826,5544
34827,8701
34828,820
34829,4994
34830,7358
34831,7566
34832,3723
34833,3714
34834,1220
34835,3755
34836,7801
34837,1501
34838,7311
34839,6470
34840,3058
34841,4929
34842,2944
34843,6120
34844,1827
34845,6623
34846,4329
34847,1285
34848,7241
34849,2887
34850,4024
34851,4097
34852,1157
34853,247
34854,2132
34855,7619
34856,4605
34857,9747
34858,3993
34859,8144
34860,5616
34861,9188
34862,1633
34863,7236
34864,732
34865,1105
34866,3837
34867,4295
34868,1005
34869,5691
34870,4671
34871,1002
34872,2793
34873,8357
34874,5692
34875,9978
34876,5971
34877,4778
34878,5770
34879,5214
34880,7562
34881,8256
34882,94
34883,5986
34884,8157
34885,7094
34886,2789
34887,6065
34888,2679
34889,1018
34890,2374
34891,3696
34892,6778
34893,2209
34894,9561
34895,919
34896,3449
34897,5892
34898,2923
34899,4705
34900,1016
34901,7124
34902,1153
34903,7562
34904,1234
34905,4505
34906,8269
34907,9216
34908,191
34909,6342
34910,4956
34911,7460
34912,2955
34913,8856
34914,3696
34915,2298
34916,2841
34917,8923
34918,3258
34919,9402
34920,8511
34921,1035
34922,4422
34923,5912
34924,9734
34925,3653
34926,8569
34927,4660
34928,1259
34929,2993
34930,4585
34931,7457
34932,9141
34933,4119
34934,4033
34935,7979
34936,599
34937,1792
34938,4578
34939,9409
34940,4422
34941,9048
34942,4690
34943,9000
34944,480
34945,4837
34946,5077
34947,3004
34948,3139
34949,6177
34950,1323
34951,6556
34952,9249
34953,9289
34954,7944
34955,5368
34956,292
34957,7619
34958,1408
34959,2743
34960,4077
34961,2367
34962,3248
34963,9974
34964,7999
34965,7220
34966,797
34967,8244
34968,5794
34969,4653
34970,4331
34971,4738
34972,5650
34973,3420
34974,1368
34975,9406
34976,547
34977,3878
34978,4586
34979,4535
34980,3593
34981,7908
34982,1360
34983,9146
34984,3866
34985,2635
34986,4317
34987,9052
34988,2935
34989,9197
34990,6724
34991,7207
34992,6016
34993,8551
34994,1547
34995,2738
34996,7391
34997,4356
34998,2376
34999,7038
35000,6878
35001,3885
35002,6051
35003,3611
35004,4184
35005,933
35006,628
35007,4410
35008,6352
35009,3313
35010,9249
35011,9900
35012,5590
35013,7610
35014,8132
35015,92
35016,102
35017,6770
35018,7385
35019,7847
35020,6734
35021,3058
35022,1477
35023,5499
35024,2708
35025,8993
35026,485
35027,8705
35028,240
35029,7031
35030,9788
35031,9976
35032,6843
35033,2266
35034,3980
35035,4848
35036,393
35037,770
35038,5253
35039,3962
35040,952
35041,2705
35042,1306
35043,2157
35044,6884
35045,9841
35046,4406
35047,618
35048,891
35049,7326
35050,4901
35051,6490
35052,7515
35053,2004
35054,1333
35055,7778
35056,1021
35057,6913
35058,698
35059,4078
35060,9444
35061,3457
35062,7907
35063,7265
35064,8085
35065,8642
35066,9426
35067,2472
35068,5133
35069,4188
35070,6159
35071,1762
35072,4639
35073,5926
35074,4556
35075,3369
35076,5023
35077,7614
35078,4024
35079,909
35080,1199
35081,662
35082,8006
35083,992
35084,585
35085,8534
35086,4317
35087,8490
35088,6763
35089,7750
35090,1065
35091,6036
35092,4379
35093,1334
35094,3605
35095,3837
35096,2333
35097,1892
35098,1163
35099,3380
35100,8298
35101,286
35102,5414
35103,5302
35104,8533
35105,4208
35106,3706
35107,3212
35108,2096
35109,316
35110,893
35111,6673
35112,6199
35113,4299
35114,3599
35115,3651
35116,7346
35117,5118
35118,2172
35119,6719
35120,5177
35121,3151
35122,6141
35123,4613
35124,164
35125,3640
35126,8662
35127,1406
35128,8992
35129,6807
35130,6604
35131,3719
35132,1877
35133,9890
35134,586
35135,7273
35136,3774
35137,8563
35138,466
35139,3571
35140,3120
35141,3539
35142,4917
35143,4978
35144,8551
35145,4557
35146,4093
35147,118
35148,7761
35149,1241
35150,586
35151,250
35152,7576
35153,5819
35154,6731
35155,380
35156,6064
35157,107
35158,5616
35159,8166
35160,9697
35161,2465
35162,3456
35163,9607
35164,4821
35165,7837
35166,2701
35167,982
35168,9714
35169,7816
35170,2933
35171,5011
35172,818
35173,7486
35174,5973
35175,5945
35176,4240
35177,337
35178,692
35179,133
35180,763
35181,8124
35182,1616
35183,6535
35184,3588
35185,4676
35186,7218
35187,9670
35188,2855
35189,2948
35190,6329
35191,2437
35192,8366
35193,9711
35194,8166
35195,6917
35196,7742
35197,5896
35198,9402
35199,5178
35200,3291
35201,8820
35202,2722
35203,4964
35204,3733
35205,1696
35206,7450
35207,1616
35208,9555
35209,4249
35210,8820
35211,5113
35212,8555
35213,290
35214,4942
35215,3560
35216,1969
35217,399
35218,5193
35219,3877
35220,4370
35221,2063
35222,5018
35223,8369
35224,6326
35225,2176
35226,8116
35227,6282
35228,196
35229,5192
35230,9499
35231,2655
35232,1226
35233,4637
35234,1215
35235,6713
35236,237
35237,2623
35238,2146
35239,7321
35240,6968
35241,259
35242,2282
35243,6048
35244,3028
35245,2225
35246,2167
35247,1806
35248,3254
35249,8056
35250,306
35251,1937
35252,2266
35253,7431
35254,5211
35255,1467
35256,3556
35257,7371
35258,3674
35259,9791
35260,7664
35261,105
35262,3942
35263,9561
35264,6922
35265,6150
35266,1749
35267,1362
35268,4934
35269,5767
35270,1552
35271,5254
35272,840
35273,1615
35274,4655
35275,7947
35276,6862
35277,6526
35278,231
35279,3961
35280,8732
35281,6503
35282,9583
35283,4127
35284,5418
35285,763
35286,1198
35287,7118
35288,7497
35289,8610
35290,806
35291,5155
35292,6687
35293,870
35294,4181
35295,8185
35296,375
35297,1524
35298,4946
35299,2944
35300,9785
35301,508
35302,1379
35303,9453
35304,8900
35305,8126
35306,8333
35307,5374
35308,100
35309,481
35310,6094
35311,9467
35312,4492
35313,5136
35314,1121
35315,607
35316,9109
35317,7628
35318,1364
35319,7887
35320,2399
35321,4085
35322,473
35323,1082
35324,5456
35325,483
35326,4993
35327,948
35328,1320
35329,7201
35330,2350
35331,3530
35332,4066
35333,1096
35334,7707
35335,7114
35336,6742
35337,269
35338,1666
35339,6300
35340,5923
35341,7983
35342,601
35343,5877
35344,9634
35345,5587
35346,238
35347,9570
35348,1634
35349,7100
35350,3989
35351,749
35352,6531
35353,3184
35354,5059
35355,2657
35356,6446
35357,5396
35358,4581
35359,6604
35360,7490
35361,1195
35362,599
35363,4227
35364,7658
35365,1145
35366,3430
35367,11
35368,901
35369,7892
35370,8072
35371,3563
35372,6079
35373,9173
35374,6967
35375,4214
35376,8481
35377,5794
35378,1708
35379,2894
35380,3589
35381,7205
35382,2261
35383,4650
35384,2366
35385,3424
35386,9210
35387,5718
35388,2088
35389,4205
35390,2724
35391,6957
35392,1348
35393,3699
35394,6624
35395,751
35396,743
35397,7849
35398,1816
35399,1763
35400,7368
35401,5867
35402,1034
35403,9684
35404,5774
35405,5219
35406,3564
35407,9981
35408,6226
35409,4828
35410,4576
35411,5335
35412,6904
35413,7092
35414,3378
35415,2639
35416,6952
35417,8730
35418,4242
35419,6671
35420,7887
35421,9673
35422,6285
35423,9569
35424,1729
35425,9243
35426,3497
35427,8185
35428,5854
35429,8761
35430,9766
35431,6485
35432,5879
35433,6472
35434,1810
35435,5085
35436,4272
35437,156
35438,3838
35439,2127
35440,5457
35441,5024
35442,5957
35443,328
35444,5759
35445,264
35446,9538
35447,5067
35448,8536
35449,4403
35450,1054
35451,1801
35452,2529
35453,971
35454,3759
35455,4575
35456,7526
35457,2824
35458,599
35459,1998
35460,3875
35461,2999
35462,5675
35463,4551
35464,1970
35465,8856
35466,1088
35467,3084
35468,9557
35469,5039
35470,9660
35471,7396
35472,4766
35473,6385
35474,4705
35475,929
35476,9948
35477,1768
35478,1841
35479,9373
35480,3288
35481,369
35482,7596
35483,3820
35484,1450
35485,1729
35486,5682
35487,565
35488,9435
35489,2307
35490,1545
35491,6292
35492,5095
35493,9111
35494,1971
35495,8152
35496,8213
35497,989
35498,282
35499,7267
35500,5154
35501,4643
35502,8120
35503,1698
35504,1605
35505,3252
35506,4693
35507,7624
35508,5849
35509,5796
35510,9917
35511,5139
35512,9403
35513,2855
35514,8458
35515,6148
35516,319
35517,5344
35518,7207
35519,9290
35520,1186
35521,6193
35522,3107
35523,1734
35524,2638
35525,6154
35526,1360
35527,7735
35528,629
35529,2558
35530,9580
35531,5253
35532,987
35533,5553
35534,9739
35535,5863
35536,3782
35537,2543
35538,8679
35539,1904
35540,9834
35541,5361
35542,2050
35543,1575
35544,4135
35545,4278
35546,2849
35547,477
35548,3398
35549,8186
35550,6550
35551,7257
35552,2753
35553,5652
35554,9621
35555,1036
35556,4641
35557,8802
35558,3602
35559,997
35560,8807
35561,7248
35562,2757
35563,8340
35564,5660
35565,4235
35566,4506
35567,9446
35568,8843
35569,446
35570,1433
35571,9338
35572,3731
35573,5684
35574,8259
35575,1146
35576,8901
35577,1155
35578,5589
35579,9310
35580,4505
35581,6509
35582,6252
35583,8309
35584,9107
35585,4955
35586,2002
35587,4132
35588,815
35589,2002
35590,7506
35591,3610
35592,4020
35593,8285
35594,4368
35595,5325
35596,3330
35597,7559
35598,2515
35599,7838
35600,7895
35601,2466
35602,7258
35603,7878
35604,6359
35605,6973
35606,3072
35607,3862
35608,5000
35609,397
35610,7047
35611,6920
35612,2013
35613,9233
35614,5755
35615,1550
35616,8651
35617,3557
35618,9298
35619,9061
35620,311
35621,7114
35622,2029
35623,9082
35624,4171
35625,239
35626,9123
35627,7720
35628,1842
35629,8252
35630,3688
35631,7506
35632,4492
35633,8954
35634,5897
35635,1488
35636,2098
35637,6050
35638,8162
35639,3003
35640,3350
35641,2353
35642,7198
35643,1248
35644,6866
35645,5670
35646,4349
35647,8384
35648,8745
35649,2836
35650,7101
35651,102
35652,2425
35653,4264
35654,8136
35655,4543
35656,6526
35657,4411
35658,3042
35659,3299
35660,4448
35661,6877
35662,3244
35663,6007
35664,6311
35665,1143
35666,2072
35667,4637
35668,3481
35669,478
35670,1354
35671,9080
35672,6108
35673,3817
35674,4746
35675,4967
35676,3355
35677,598
35678,3893
35679,9531
35680,101
35681,467
35682,1894
35683,3131
35684,7652
35685,5621
35686,7962
35687,9605
35688,3713
35689,4492
35690,1991
35691,9994
35692,4476
35693,2241
35694,8973
35695,5791
35696,8406
35697,8423
35698,9393
35699,3325
35700,5185
35701,1608
35702,4272
35703,1552
35704,8343
35705,99
35706,4416
35707,5500
35708,3716
35709,1219
35710,4988
35711,3234
35712,4866
35713,7803
35714,6249
35715,6863
35716,9561
35717,1548
35718,158
35719,8075
35720,7709
35721,1435
35722,1727
35723,9556
35724,2645
35725,2373
35726,3117
35727,5638
35728,1511
35729,1461
35730,8651
35731,1845
35732,9645
35733,5861
35734,2958
35735,3945
35736,6840
35737,3719
35738,1299
35739,513
35740,7961
35741,5061
35742,3107
35743,2157
35744,9667
35745,4530
35746,1907
35747,3726
35748,8852
35749,1220
35750,2197
35751,8068
35752,3830
35753,378
35754,2853
35755,3460
35756,3528
35757,6654
35758,9838
35759,3870
35760,1154
35761,3136
35762,7670
35763,27
35764,6009
35765,1666
35766,1606
35767,9147
35768,1297
35769,277
35770,444
35771,2045
35772,2507
35773,6450
35774,6047
35775,7816
35776,3218
35777,1623
35778,8920
35779,7174
35780,2241
35781,6473
35782,8942
35783,5705
35784,9006
35785,4522
35786,7970
35787,4896
35788,3781
35789,9928
35790,6033
35791,5914
35792,3522
35793,9300
35794,8113
35795,1854
35796,3934
35797,4891
35798,544
35799,7587
35800,5740
35801,8486
35802,7997
35803,9331
35804,8705
35805,4151
35806,7946
35807,8738
35808,8263
35809,5871
35810,5211
35811,2393
35812,8412
35813,2457
35814,4814
35815,3279
35816,8578
35817,9387
35818,6974
35819,7072
35820,3508
35821,2857
35822,7668
35823,7456
35824,8093
35825,8988
35826,742
35827,5073
35828,7323
35829,7246
35830,2709
35831,2168
35832,3674
35833,9280
35834,7821
35835,8163
35836,4629
35837,2203
35838,4573
35839,9786
35840,3016
35841,4054
35842,1220
35843,1996
35844,3180
35845,7483
35846,1758
35847,767
35848,9379
35849,928
35850,9321
35851,8907
35852,6064
35853,4939
35854,2871
35855,4504
35856,1817
35857,9601
35858,2659
35859,4433
35860,1305
35861,9822
35862,2452
35863,7649
35864,2605
35865,5147
35866,1082
35867,4085
35868,9651
35869,3952
35870,1781
35871,5685
35872,1027
35873,3702
35874,8720
35875,2361
35876,9337
35877,2782
35878,921
35879,9017
35880,983
35881,3112
35882,7472
35883,1810
35884,818
35885,5448
35886,5143
35887,8771
35888,979
35889,4089
35890,1889
35891,3329
35892,4715
35893,6621
35894,397
35895,8077
35896,5967
35897,2499
35898,7519
35899,8717
35900,5947
35901,3854
35902,2900
35903,1452
35904,732
35905,8957
35906,2260
35907,1918
35908,2596
35909,8587
35910,6136
35911,6783
35912,8200
35913,4097
35914,9693
35915,5088
35916,8152
35917,3328
35918,3048
35919,9274
35920,778
35921,9188
35922,5567
35923,5272
35924,206
35925,2317
35926,1399
35927,6749
35928,5321
35929,3568
35930,3000
35931,6007
35932,9871
35933,9619
35934,6263
35935,6243
35936,9788
35937,4677
35938,4412
35939,6215
35940,9133
35941,6998
35942,9744
35943,2002
35944,4069
35945,7213
35946,6903
35947,3154
35948,6892
35949,7480
35950,9736
35951,2684
35952,4558
35953,9062
35954,1562
35955,6024
35956,1402
35957,8582
35958,5348
35959,658
35960,6404
35961,4670
35962,830
35963,481
35964,8064
35965,131
35966,5455
35967,7705
35968,4886
35969,2805
35970,4226
35971,2196
35972,2144
35973,2187
35974,2309
35975,5991
35976,1393
35977,4152
35978,1978
35979,6654
35980,2482
35981,5504
35982,9452
35983,5916
35984,3120
35985,8336
35986,8811
35987,9259
35988,6581
35989,3784
35990,4665
35991,268
35992,6878
35993,6827
35994,5754
35995,9117
35996,3952
35997,247
35998,3365
35999,8889
36000,7914
36001,6611
36002,5716
36003,1168
36004,604
36005,1760
36006,412
36007,9023
36008,3848
36009,2550
36010,5888
36011,7500
36012,9899
36013,5544
36014,5296
36015,1623
36016,6589
36017,5661
36018,3689
36019,3562
36020,7248
36021,5006
36022,1474
36023,6292
36024,4892
36025,6255
36026,6621
36027,3110
36028,4123
36029,4103
36030,8134
36031,4861
36032,8888
36033,3589
36034,8802
36035,9245
36036,5455
36037,9581
36038,4538
36039,7576
36040,9243
36041,1583
36042,5730
36043,9565
36044,9212
36045,1266
36046,1137
36047,9225
36048,2794
36049,6091
36050,1059
36051,5193
36052,2311
36053,9356
36054,39
36055,8988
36056,9372
36057,3208
36058,1374
36059,9743
36060,4503
36061,8515
36062,2705
36063,6655
36064,8731
36065,5890
36066,8159
36067,5869
36068,8513
36069,1005
36070,6875
36071,7506
36072,2641
36073,273
36074,7694
36075,8222
36076,9398
36077,5053
36078,5126
36079,3143
36080,8407
36081,1646
36082,8832
36083,7821
36084,4545
36085,1108
36086,299
36087,2614
36088,217
36089,8473
36090,3688
36091,8616
36092,3478
36093,9486
36094,4996
36095,9864
36096,9243
36097,4100
36098,6813
36099,2304
36100,2471
36101,7955
36102,9545
36103,5683
36104,3377
36105,953
36106,4166
36107,175
36108,1915
36109,3066
36110,9525
36111,360
36112,3319
36113,5671
36114,941
36115,3848
36116,9315
36117,8068
36118,1999
36119,9587
36120,3494
36121,7896
36122,1126
36123,8335
36124,9429
36125,6972
36126,5977
36127,7914
36128,4543
36129,8881
36130,2679
36131,9449
36132,1201
36133,1140
36134,1413
36135,5640
36136,9532
36137,5040
36138,1391
36139,379
36140,5102
36141,3804
36142,6324
36143,5710
36144,9378
36145,8577
36146,2770
36147,1953
36148,967
36149,9012
36150,4932
36151,6639
36152,1543
36153,6895
36154,8611
36155,63
36156,4806
36157,9300
36158,2406
36159,9176
36160,7861
36161,4931
36162,7263
36163,4849
36164,2568
36165,8340
36166,2530
36167,4647
36168,3837
36169,6639
36170,1347
36171,2304
36172,2687
36173,6591
36174,82
36175,7246
36176,7329
36177,2151
36178,4540
36179,4562
36180,3511
36181,2087
36182,9850
36183,8536
36184,4765
36185,2625
36186,5366
36187,4182
36188,942
36189,645
36190,6693
36191,5783
36192,3239
36193,1200
36194,5518
36195,21
36196,9651
36197,8070
36198,458
36199,7671
36200,2506
36201,5895
36202,436
36203,7109
36204,9117
36205,3179
36206,456
36207,2260
36208,7121
36209,2691
36210,1411
36211,3417
36212,6771
36213,1053
36214,5373
36215,401
36216,4829
36217,6889
36218,5994
36219,1295
36220,6373
36221,5137
36222,6599
36223,8843
36224,9247
36225,4047
36226,6864
36227,9359
36228,3259
36229,1553
36230,801
36231,8638
36232,5180
36233,6053
36234,6108
36235,7458
36236,7221
36237,4792
36238,7808
36239,3969
36240,4374
36241,1726
36242,3646
36243,7880
36244,7371
36245,5681
36246,8390
36247,5736
36248,7567
36249,7792
36250,2728
36251,2415
36252,7897
36253,8013
36254,7728
36255,9104
36256,8542
36257,2891
36258,6720
36259,653
36260,30
36261,687
36262,9301
36263,2660
36264,3479
36265,7896
36266,4193
36267,7096
36268,7387
36269,5694
36270,2697
36271,6606
36272,1426
36273,4415
36274,7084
36275,501
36276,769
36277,3511
36278,8202
36279,2098
36280,3666
36281,4777
36282,221
36283,7985
36284,3732
36285,313
36286,4796
36287,3782
36288,1791
36289,3235
36290,9009
36291,6749
36292,7283
36293,9978
36294,4213
36295,1363
36296,8381
36297,9082
36298,6284
36299,1840
36300,4708
36301,4012
36302,2810
36303,6912
36304,4273
36305,232
36306,2247
36307,2588
36308,1788
36309,630
36310,9415
36311,4064
36312,7476
36313,5440
36314,6389
36315,4273
36316,2250
36317,8053
36318,1372
36319,2250
36320,5531
36321,6545
36322,6754
36323,8294
36324,1248
36325,6502
36326,4618
36327,7512
36328,3480
36329,4211
36330,5361
36331,5423
36332,7442
36333,5981
36334,7447
36335,3911
36336,3638
36337,1778
36338,5362
36339,2911
36340,1551
36341,2101
36342,9933
36343,7752
36344,8293
36345,4864
36346,8932
36347,5059
36348,5567
36349,4442
36350,8901
36351,7997
36352,5030
36353,3024
36354,6258
36355,2026
36356,987
36357,4220
36358,7044
36359,1268
36360,1307
36361,7407
36362,6882
36363,4139
36364,1742
36365,2952
36366,458
36367,9439
36368,4510
36369,8534
36370,6143
36371,175
36372,4842
36373,2784
36374,9901
36375,9615
36376,9648
36377,5030
36378,7758
36379,4754
36380,9889
36381,456
36382,106
36383,2436
36384,3267
36385,4736
36386,6861
36387,8704
36388,8199
36389,8266
36390,6750
36391,6724
36392,671
36393,8682
36394,6889
36395,4672
36396,7825
36397,3271
36398,415
36399,4870
36400,3570
36401,7866
36402,9319
36403,6700
36404,5341
36405,3450
36406,751
36407,7191
36408,7741
36409,2931
36410,7384
36411,7033
36412,5571
36413,5644
36414,920
36415,4712
36416,1428
36417,5808
36418,7708
36419,4048
36420,3455
36421,141
36422,5872
36423,162
36424,2488
36425,8684
36426,6126
36427,314
36428,2529
36429,6122
36430,1002
36431,5657
36432,7607
36433,8916
36434,1719
36435,8028
36436,9259
36437,480
36438,3475
36439,8942
36440,3576
36441,8714
36442,5244
36443,3295
36444,8561
36445,294
36446,3287
36447,2641
36448,1767
36449,5489
36450,9724
36451,5797
36452,9447
36453,9614
36454,5459
36455,4848
36456,9618
36457,8559
36458,3475
36459,6058
36460,6740
36461,4145
36462,3151
36463,4563
36464,206
36465,1884
36466,5840
36467,6689
36468,7996
36469,947
36470,2204
36471,4135
36472,6260
36473,8591
36474,8172
36475,6559
36476,7188
36477,8548
36478,8320
36479,8064
36480,4625
36481,9440
36482,2476
36483,8785
36484,2769
36485,1718
36486,5418
36487,6387
36488,6414
36489,7086
36490,6231
36491,4847
36492,8873
36493,9973
36494,1695
36495,2495
36496,9898
36497,7950
36498,3611
36499,1463
36500,3216
36501,6722
36502,3000
36503,7556
36504,1360
36505,6352
36506,7348
36507,5444
36508,3959
36509,1289
36510,6008
36511,830
36512,9545
36513,6129
36514,2305
36515,13
36516,2570
36517,6991
36518,40
36519,5962
36520,9854
36521,8142
36522,9500
36523,895
36524,7502
36525,9402
36526,4853
36527,4048
36528,2300
36529,3904
36530,4606
36531,214
36532,9685
36533,5512
36534,8207
36535,7830
36536,8150
36537,541
36538,8026
36539,236
36540,6152
36541,7492
36542,2109
36543,7323
36544,7300
36545,4576
36546,9098
36547,9522
36548,2671
36549,1674
36550,1535
36551,3760
36552,6767
36553,3664
36554,2577
36555,1106
36556,3108
36557,3250
36558,7977
36559,6738
36560,5338
36561,7788
36562,8089
36563,3624
36564,857
36565,3626
36566,2714
36567,6764
36568,3903
36569,3004
36570,4543
36571,1510
36572,2452
36573,1735
36574,9767
36575,7351
36576,9945
36577,335
36578,4427
36579,2676
36580,9411
36581,4371
36582,7162
36583,851
36584,4788
36585,2081
36586,1294
36587,1388
36588,6349
36589,2668
36590,3571
36591,6017
36592,5462
36593,4022
36594,1988
36595,4426
36596,5506
36597,7884
36598,2234
36599,7099
36600,963
36601,6944
36602,5927
36603,8271
36604,9296
36605,5752
36606,4263
36607,558
36608,1849
36609,1961
36610,9260
36611,2517
36612,9084
36613,6360
36614,7613
36615,2635
36616,5903
36617,7410
36618,2163
36619,4771
36620,7195
36621,3576
36622,269
36623,9710
36624,8514
36625,1854
36626,7279
36627,1543
36628,5606
36629,4779
36630,9625
36631,2030
36632,6368
36633,5512
36634,5253
36635,1701
36636,9930
36637,8529
36638,1598
36639,3763
36640,107
36641,4764
36642,6183
36643,9299
36644,8062
36645,5028
36646,5714
36647,7921
36648,8286
36649,1287
36650,528
36651,5436
36652,7825
36653,193
36654,9174
36655,2398
36656,4332
36657,4942
36658,3837
36659,2507
36660,3489
36661,8767
36662,1945
36663,6285
36664,9028
36665,359
36666,108
36667,1779
36668,1814
36669,9262
36670,8122
36671,4180
36672,411
36673,8389
36674,8340
36675,152
36676,230
36677,4250
36678,7011
36679,397
36680,6001
36681,569
36682,1849
36683,1781
36684,8566
36685,8618
36686,7686
36687,9837
36688,2078
36689,6767
36690,526
36691,9422
36692,670
36693,3426
36694,8531
36695,387
36696,169
36697,9465
36698,4184
36699,2209
36700,9426
36701,6286
36702,1998
36703,6787
36704,6322
36705,8178
36706,875
36707,8592
36708,9610
36709,4925
36710,6251
36711,7145
36712,1564
36713,4057
36714,141
36715,3689
36716,6363
36717,3086
36718,1531
36719,3279
36720,450
36721,9943
36722,1213
36723,8442
36724,3401
36725,3731
36726,6785
36727,7170
36728,7885
36729,9405
36730,1897
36731,4280
36732,8399
36733,7715
36734,4204
36735,754
36736,5556
36737,462
36738,3272
36739,7755
36740,508
36741,150
36742,1724
36743,685
36744,3515
36745,3612
36746,6685
36747,9119
36748,6514
36749,4813
36750,1740
36751,5986
36752,7821
36753,7038
36754,3728
36755,7098
36756,1634
36757,1816
36758,9656
36759,8555
36760,2943
36761,950
36762,7797
36763,3955
36764,7068
36765,4858
36766,8431
36767,4862
36768,6469
36769,4867
36770,7748
36771,247
36772,3782
36773,7745
36774,2791
36775,7097
36776,1994
36777,1062
36778,7668
36779,5264
36780,360
36781,922
36782,4455
36783,9506
36784,301
36785,9414
36786,7760
36787,477
36788,3287
36789,5371
36790,5313
36791,3585
36792,6602
36793,4335
36794,1074
36795,4898
36796,9895
36797,2404
36798,8288
36799,2930
36800,6868
36801,13
36802,5950
36803,8058
36804,9723
36805,1987
36806,9676
36807,9332
36808,9082
36809,9603
36810,1760
36811,11
36812,9346
36813,9840
36814,8350
36815,4257
36816,7742
36817,6045
36818,2053
36819,1712
36820,5957
36821,1397
36822,9865
36823,5836
36824,9452
36825,4472
36826,2046
36827,6415
36828,6799
36829,6129
36830,547
36831,9756
36832,8992
36833,6873
36834,1958
36835,5188
36836,5114
36837,4153
36838,9637
36839,2858
36840,8315
36841,2353
36842,4543
36843,171
36844,8705
36845,2644
36846,5111
36847,5776
36848,9596
36849,1519
36850,2329
36851,6115
36852,8681
36853,8956
36854,4009
36855,8405
36856,3359
36857,4221
36858,401
36859,7961
36860,6841
36861,2783
36862,2426
36863,1248
36864,6722
36865,750
36866,6480
36867,9737
36868,7501
36869,378
36870,4919
36871,5229
36872,9300
36873,7614
36874,9593
36875,6216
36876,1657
36877,9880
36878,2834
36879,4180
36880,5919
36881,3791
36882,3138
36883,9474
36884,1989
36885,6622
36886,6032
36887,6091
36888,9778
36889,7842
36890,9671
36891,9181
36892,1265
36893,9843
36894,309
36895,7819
36896,4531
36897,3052
36898,8602
36899,1290
36900,9063
36901,4599
36902,8143
36903,6642
36904,2794
36905,7408
36906,6718
36907,7183
36908,4169
36909,9313
36910,9258
36911,9297
36912,2310
36913,6260
36914,7979
36915,4001
36916,523
36917,4241
36918,6562
36919,8322
36920,9703
36921,2857
36922,1127
36923,8706
36924,9825
36925,7871
36926,2248
36927,6610
36928,2443
36929,9004
36930,7019
36931,7176
36932,4383
36933,8156
36934,1481
36935,9028
36936,1438
36937,4884
36938,7933
36939,4316
36940,3791
36941,2327
36942,6698
36943,1016
36944,1647
36945,9046
36946,5121
36947,7459
36948,3297
36949,5450
36950,2871
36951,648
36952,8694
36953,5735
36954,2185
36955,5605
36956,1495
36957,6591
36958,4553
36959,5231
36960,8760
36961,3758
36962,9171
36963,5042
36964,6436
36965,4019
36966,5333
36967,8287
36968,5453
36969,6317
36970,3138
36971,4311
36972,6037
36973,5419
36974,956
36975,3218
36976,3450
36977,1555
36978,3517
36979,39
36980,9673
36981,1419
36982,3689
36983,8730
36984,5157
36985,135
36986,4918
36987,6652
36988,3268
36989,8855
36990,8151
36991,8942
36992,2271
36993,7963
36994,8492
36995,1703
36996,5897
36997,4654
36998,9521
36999,2831
37000,3672
37001,5204
37002,1405
37003,2977
37004,3971
37005,2624
37006,6880
37007,1554
37008,5235
37009,9982
37010,7996
37011,4892
37012,4443
37013,7044
37014,9258
37015,9647
37016,1106
37017,1214
37018,7957
37019,7329
37020,3593
37021,7549
37022,7150
37023,2048
37024,8189
37025,9934
37026,5936
37027,8233
37028,2984
37029,3578
37030,8216
37031,8308
37032,3803
37033,211
37034,7966
37035,7395
37036,6017
37037,1804
37038,1418
37039,926
37040,4441
37041,7788
37042,9886
37043,6356
37044,3176
37045,7354
37046,74
37047,4658
37048,4329
37049,3660
37050,6408
37051,2025
37052,9523
37053,4034
37054,6324
37055,8814
37056,8853
37057,1397
37058,5189
37059,6608
37060,6489
37061,4773
37062,4119
37063,5545
37064,3138
37065,4876
37066,5095
37067,547
37068,7939
37069,5041
37070,6008
37071,7689
37072,2047
37073,9164
37074,1253
37075,7127
37076,8734
37077,3140
37078,5489
37079,1663
37080,8314
37081,7984
37082,9501
37083,2314
37084,6930
37085,9903
37086,3824
37087,8422
37088,5048
37089,3791
37090,1968
37091,1306
37092,6351
37093,5733
37094,9234
37095,5092
37096,4332
37097,7311
37098,3238
37099,6578
37100,1485
37101,2417
37102,7553
37103,945
37104,5425
37105,2255
37106,5699
37107,4347
37108,6582
37109,3960
37110,2668
37111,6159
37112,7495
37113,3293
37114,1306
37115,1657
37116,8561
37117,3462
37118,9366
37119,8102
37120,5639
37121,3254
37122,7197
37123,4035
37124,8704
37125,6380
37126,4214
37127,9545
37128,3822
37129,9012
37130,7264
37131,795
37132,237
37133,4957
37134,7487
37135,837
37136,388
37137,6266
37138,9330
37139,6092
37140,8492
37141,3558
37142,7698
37143,69
37144,5441
37145,2680
37146,3349
37147,2799
37148,3664
37149,5558
37150,5112
37151,7528
37152,2672
37153,211
37154,7097
37155,8672
37156,7953
37157,3036
37158,3366
37159,3983
37160,4481
37161,4247
37162,3133
37163,2317
37164,6013
37165,3800
37166,5945
37167,6531
37168,3120
37169,8549
37170,1611
37171,3787
37172,4933
37173,5929
37174,3788
37175,8523
37176,5873
37177,189
37178,3975
37179,9914
37180,8230
37181,8939
37182,3729
37183,6340
37184,64
37185,6667
37186,9635
37187,8008
37188,2074
37189,4193
37190,3304
37191,3865
37192,2761
37193,734
37194,9455
37195,9379
37196,9498
37197,8059
37198,9096
37199,2509
37200,1339
37201,5127
37202,2637
37203,2460
37204,9371
37205,7067
37206,7875
37207,4304
37208,9666
37209,1740
37210,8159
37211,1133
37212,7203
37213,4631
37214,1498
37215,274
37216,2039
37217,6884
37218,9445
37219,3776
37220,8597
37221,7066
37222,9682
37223,8309
37224,3573
37225,8081
37226,7859
37227,6045
37228,7969
37229,3206
37230,1195
37231,4141
37232,3085
37233,422
37234,8684
37235,3857
37236,8804
37237,7984
37238,1091
37239,4365
37240,7672
37241,8226
37242,8399
37243,2636
37244,8624
37245,1151
37246,6945
37247,1130
37248,4537
37249,7116
37250,9995
37251,6703
37252,4913
37253,65
37254,6768
37255,2273
37256,8222
37257,6363
37258,8492
37259,2004
37260,844
37261,4293
37262,5280
37263,4319
37264,1511
37265,4698
37266,4146
37267,29
37268,1042
37269,9026
37270,3284
37271,757
37272,7014
37273,977
37274,3557
37275,2808
37276,3025
37277,6615
37278,1814
37279,2033
37280,8602
37281,4442
37282,9570
37283,3334
37284,7173
37285,1887
37286,9599
37287,3685
37288,6971
37289,15
37290,5543
37291,8787
37292,9723
37293,5185
37294,3888
37295,3479
37296,9023
37297,4343
37298,6643
37299,3103
37300,867
37301,7628
37302,7987
37303,2560
37304,1235
37305,8855
37306,7463
37307,7410
37308,9541
37309,4566
37310,2727
37311,3402
37312,8164
37313,9264
37314,6132
37315,4538
37316,9810
37317,1091
37318,6649
37319,7028
37320,6115
37321,4760
37322,2664
37323,165
37324,4306
37325,3079
37326,1973
37327,4604
37328,7673
37329,6313
37330,9436
37331,6152
37332,9678
37333,3765
37334,840
37335,6584
37336,6131
37337,6084
37338,1352
37339,7689
37340,7339
37341,1854
37342,471
37343,3001
37344,6853
37345,9780
37346,210
37347,525
37348,5881
37349,5460
37350,4849
37351,6500
37352,3241
37353,3706
37354,9477
37355,3303
37356,7011
37357,1639
37358,4028
37359,4499
37360,7573
37361,2026
37362,8368
37363,985
37364,4557
37365,7315
37366,869
37367,3954
37368,219
37369,9810
37370,223
37371,5907
37372,5792
37373,7412
37374,9174
37375,313
37376,7286
37377,7010
37378,8184
37379,870
37380,4057
37381,1865
37382,6961
37383,2177
37384,5969
37385,1643
37386,2484
37387,5050
37388,2387
37389,9952
37390,3421
37391,4669
37392,4285
37393,4395
37394,8687
37395,9562
37396,7285
37397,782
37398,1842
37399,7615
37400,1309
37401,8383
37402,9464
37403,8347
37404,5173
37405,1849
37406,4604
37407,812
37408,3960
37409,1328
37410,6128
37411,4636
37412,2950
37413,7579
37414,7408
37415,5468
37416,2062
37417,6464
37418,6315
37419,8417
37420,795
37421,6989
37422,1645
37423,7348
37424,3119
37425,6063
37426,5014
37427,5766
37428,7455
37429,294
37430,2423
37431,1653
37432,7245
37433,9329
37434,9471
37435,6345
37436,653
37437,7321
37438,8227
37439,3947
37440,4817
37441,6346
37442,6534
37443,1035
37444,5732
37445,1078
37446,9140
37447,4108
37448,8025
37449,9674
37450,185
37451,8105
37452,1153
37453,5903
37454,7351
37455,3520
37456,4072
37457,7807
37458,960
37459,4446
37460,2754
37461,8322
37462,4680
37463,1930
37464,9886
37465,5622
37466,6429
37467,9170
37468,6182
37469,5940
37470,3818
37471,4748
37472,6505
37473,1114
37474,4399
37475,3894
37476,742
37477,1591
37478,3689
37479,3862
37480,2437
37481,333
37482,3709
37483,5191
37484,7323
37485,8563
37486,2110
37487,2764
37488,1482
37489,1116
37490,1813
37491,8282
37492,6667
37493,6916
37494,5365
37495,2998
37496,7214
37497,5786
37498,8526
37499,2371
37500,1244
37501,112
37502,4922
37503,756
37504,4918
37505,3701
37506,9449
37507,3074
37508,5422
37509,1729
37510,2212
37511,5161
37512,6036
37513,7747
37514,5462
37515,7194
37516,1799
37517,9966
37518,269
37519,1928
37520,6514
37521,5528
37522,6613
37523,8185
37524,9988
37525,7262
37526,7240
37527,109
37528,3915
37529,2352
37530,8101
37531,3243
37532,5034
37533,337
37534,9553
37535,2299
37536,1375
37537,1418
37538,9712
37539,229
37540,6417
37541,3249
37542,1279
37543,7552
37544,3827
37545,7199
37546,6867
37547,77
37548,9873
37549,8944
37550,7235
37551,5393
37552,2022
37553,9907
37554,9648
37555,3079
37556,7676
37557,300
37558,6322
37559,7737
37560,3689
37561,3920
37562,4661
37563,362
37564,1273
37565,1836
37566,4388
37567,1615
37568,3408
37569,4561
37570,3016
37571,1014
37572,5977
37573,6438
37574,2088
37575,2505
37576,2271
37577,1747
37578,3106
37579,7937
37580,2454
37581,346
37582,2993
37583,9169
37584,7008
37585,5008
37586,8873
37587,9505
37588,8197
37589,9916
37590,2605
37591,2980
37592,3279
37593,488
37594,853
37595,1635
37596,1890
37597,8706
37598,8311
37599,9607
37600,4502
37601,3490
37602,8552
37603,9759
37604,3052
37605,2846
37606,8088
37607,7884
37608,6574
37609,3638
37610,5027
37611,8312
37612,9967
37613,7616
37614,1211
37615,6013
37616,20
37617,9791
37618,1511
37619,8330
37620,7915
37621,3613
37622,4205
37623,299
37624,5698
37625,7403
37626,9878
37627,7615
37628,2703
37629,9572
37630,8384
37631,360
37632,3596
37633,5925
37634,9603
37635,5594
37636,2859
37637,4445
37638,6414
37639,3937
37640,6524
37641,7450
37642,5826
37643,6602
37644,5835
37645,3498
37646,1905
37647,2918
37648,1421
37649,5467
37650,4009
37651,5458
37652,8857
37653,6302
37654,8551
37655,7018
37656,1153
37657,407
37658,655
37659,7616
37660,4142
37661,2244
37662,9685
37663,1972
37664,819
37665,6483
37666,7493
37667,4425
37668,6628
37669,8715
37670,8535
37671,4829
37672,17
37673,5825
37674,8142
37675,5424
37676,9500
37677,2956
37678,5746
37679,1854
37680,3621
37681,7569
37682,8194
37683,5696
37684,3075
37685,9304
37686,689
37687,7200
37688,5357
37689,4057
37690,19
37691,6473
37692,5331
37693,4226
37694,8875
37695,7744
37696,7516
37697,1466
37698,53
37699,7336
37700,7786
37701,4580
37702,2581
37703,9617
37704,8210
37705,5642
37706,1872
37707,1243
37708,3135
37709,4721
37710,2467
37711,8211
37712,6709
37713,8469
37714,7167
37715,2724
37716,4556
37717,7374
37718,7229
37719,7646
37720,9593
37721,7551
37722,9284
37723,8495
37724,2845
37725,8023
37726,7965
37727,4215
37728,2164
37729,5118
37730,3933
37731,6094
37732,7272
37733,3878
37734,3800
37735,9046
37736,9909
37737,2017
37738,1283
37739,6883
37740,6862
37741,9414
37742,7821
37743,2274
37744,1620
37745,9620
37746,1796
37747,4409
37748,3492
37749,6556
37750,8581
37751,6605
37752,703
37753,9649
37754,7035
37755,1765
37756,7043
37757,7703
37758,857
37759,4071
37760,1205
37761,9714
37762,5488
37763,6342
37764,8164
37765,5658
37766,3330
37767,2467
37768,3460
37769,8428
37770,1817
37771,428
37772,3165
37773,9120
37774,7374
37775,3828
37776,2641
37777,3684
37778,9547
37779,4640
37780,6878
37781,5523
37782,1839
37783,9865
37784,8286
37785,3822
37786,896
37787,7604
37788,2807
37789,4157
37790,2141
37791,2769
37792,8942
37793,2886
37794,9913
37795,65
37796,3372
37797,9008
37798,3066
37799,4760
37800,9208
37801,5013
37802,7915
37803,4113
37804,6277
37805,1791
37806,999
37807,7562
37808,5209
37809,3379
37810,387
37811,2387
37812,6055
37813,291
37814,2929
37815,6994
37816,3604
37817,1848
37818,6580
37819,8416
37820,4740
37821,2130
37822,2880
37823,795
37824,7783
37825,947
37826,9891
37827,9458
37828,3122
37829,6442
37830,6708
37831,7447
37832,4544
37833,9539
37834,5639
37835,6181
37836,8471
37837,1500
37838,6051
37839,9882
37840,4779
37841,6399
37842,8611
37843,6651
37844,9643
37845,7165
37846,8993
37847,5352
37848,369
37849,4687
37850,5149
37851,8624
37852,8322
37853,2230
37854,4139
37855,8272
37856,3702
37857,4640
37858,8215
37859,5435
37860,3910
37861,8472
37862,5902
37863,5623
37864,9785
37865,532
37866,2827
37867,4960
37868,2849
37869,7899
37870,7501
37871,8024
37872,7701
37873,452
37874,6404
37875,8012
37876,9423
37877,904
37878,2263
37879,2020
37880,6867
37881,5003
37882,4645
37883,7818
37884,7007
37885,9247
37886,4843
37887,2944
37888,8672
37889,381
37890,7008
37891,1413
37892,4612
37893,3956
37894,4683
37895,1017
37896,677
37897,1456
37898,3976
37899,4378
37900,5327
37901,7256
37902,3039
37903,8242
37904,5902
37905,7200
37906,4814
37907,6389
37908,8327
37909,787
37910,9037
37911,9080
37912,4499
37913,6280
37914,7291
37915,9038
37916,8726
37917,9453
37918,7698
37919,4251
37920,7340
37921,8936
37922,6881
37923,178
37924,9350
37925,8501
37926,5043
37927,531
37928,8819
37929,9919
37930,8503
37931,8854
37932,3311
37933,4169
37934,2289
37935,9824
37936,1691
37937,101
37938,3716
37939,970
37940,4169
37941,853
37942,228
37943,8905
37944,6038
37945,256
37946,5119
37947,8258
37948,6134
37949,6335
37950,6317
37951,1922
37952,4231
37953,7384
37954,276
37955,3492
37956,9882
37957,1541
37958,4574
37959,4238
37960,7165
37961,9221
37962,327
37963,9802
37964,720
37965,8652
37966,1753
37967,1333
37968,2690
37969,4247
37970,3061
37971,4674
37972,2714
37973,5685
37974,6797
37975,2650
37976,7386
37977,8148
37978,5372
37979,704
37980,4263
37981,8541
37982,1778
37983,8293
37984,181
37985,2759
37986,3112
37987,630
37988,5224
37989,9190
37990,86
37991,2208
37992,4247
37993,8432
37994,6037
37995,5865
37996,2554
37997,2867
37998,1563
37999,6284
38000,3750
38001,9163
38002,1637
38003,1084
38004,3214
38005,1038
38006,657
38007,5313
38008,3172
38009,912
38010,4077
38011,9705
38012,5086
38013,2907
38014,9547
38015,5572
38016,8183
38017,8691
38018,5262
38019,7861
38020,8627
38021,7238
38022,5691
38023,5605
38024,7400
38025,4001
38026,9609
38027,6472
38028,6378
38029,8624
38030,9416
38031,3952
38032,1810
38033,2387
38034,7333
38035,2113
38036,1281
38037,5030
38038,444
38039,3608
38040,3781
38041,8736
38042,8582
38043,2160
38044,4134
38045,5612
38046,5177
38047,5496
38048,4059
38049,556
38050,4432
38051,9953
38052,4834
38053,3125
38054,228
38055,135
38056,9530
38057,9425
38058,4190
38059,5170
38060,2780
38061,9776
38062,1952
38063,4467
38064,1264
38065,997
38066,7247
38067,8121
38068,7965
38069,5363
38070,9519
38071,1381
38072,370
38073,8114
38074,8559
38075,7794
38076,8098
38077,7739
38078,2793
38079,73
38080,2238
38081,3859
38082,6342
38083,3948
38084,1525
38085,8781
38086,6323
38087,7796
38088,2168
38089,2135
38090,6406
38091,2293
38092,6246
38093,7819
38094,3115
38095,3562
38096,3485
38097,1848
38098,8423
38099,8063
38100,905
38101,5619
38102,5923
38103,3421
38104,3018
38105,9186
38106,9834
38107,3680
38108,2900
38109,6295
38110,1418
38111,3882
38112,4687
38113,9537
38114,7456
38115,6499
38116,3468
38117,4407
38118,5893
38119,8098
38120,7416
38121,3610
38122,7081
38123,5478
38124,5017
38125,9577
38126,6307
38127,9735
38128,4700
38129,5696
38130,3506
38131,3482
38132,7236
38133,9367
38134,4571
38135,7624
38136,2368
38137,8260
38138,7267
38139,6223
38140,8386
38141,7615
38142,2629
38143,9882
38144,587
38145,5253
38146,8272
38147,565
38148,861
38149,9420
38150,3650
38151,1922
38152,2740
38153,5429
38154,2375
38155,7548
38156,276
38157,3926
38158,7338
38159,9602
38160,2336
38161,2811
38162,5562
38163,2044
38164,7463
38165,994
38166,4109
38167,6473
38168,1085
38169,1033
38170,3907
38171,6980
38172,8481
38173,1121
38174,9385
38175,5090
38176,7991
38177,2085
38178,3952
38179,281
38180,9325
38181,9429
38182,199
38183,8747
38184,4024
38185,8152
38186,4953
38187,4876
38188,778
38189,5176
38190,9212
38191,7599
38192,4808
38193,474
38194,2610
38195,926
38196,9654
38197,6136
38198,7161
38199,75
38200,9927
38201,9701
38202,1914
38203,7203
38204,4581
38205,6726
38206,9088
38207,6983
38208,3818
38209,7575
38210,7871
38211,1970
38212,2757
38213,53
38214,3852
38215,4715
38216,1898
38217,3908
38218,5893
38219,8921
38220,700
38221,6852
38222,8311
38223,4568
38224,8716
38225,7730
38226,8838
38227,3338
38228,5322
38229,636
38230,79
38231,7559
38232,5623
38233,4329
38234,5971
38235,3987
38236,7510
38237,8069
38238,6794
38239,1644
38240,2553
38241,7363
38242,778
38243,5774
38244,2613
38245,1001
38246,9930
38247,9731
38248,498
38249,8189
38250,4162
38251,521
38252,5707
38253,744
38254,5688
38255,3319
38256,8572
38257,4711
38258,1869
38259,7729
38260,926
38261,6919
38262,7274
38263,6691
38264,2672
38265,4702
38266,9439
38267,1345
38268,5060
38269,771
38270,2141
38271,4824
38272,9150
38273,311
38274,7750
38275,3704
38276,2711
38277,9677
38278,8815
38279,6224
38280,5654
38281,5530
38282,678
38283,2138
38284,6748
38285,227
38286,8950
38287,4230
38288,8402
38289,2631
38290,5149
38291,731
38292,9153
38293,1891
38294,1442
38295,5191
38296,2330
38297,6960
38298,9978
38299,7187
38300,8900
38301,631
38302,469
38303,9286
38304,7235
38305,8501
38306,9477
38307,9632
38308,8151
38309,5385
38310,3462
38311,7322
38312,5935
38313,1831
38314,6441
38315,998
38316,8415
38317,541
38318,2927
38319,6895
38320,3629
38321,6574
38322,3070
38323,9810
38324,2534
38325,699
38326,1110
38327,8320
38328,5311
38329,8707
38330,7827
38331,2210
38332,9243
38333,506
38334,4184
38335,8260
38336,5540
38337,6979
38338,1663
38339,7256
38340,9908
38341,253
38342,2265
38343,7009
38344,9876
38345,6753
38346,2702
38347,6083
38348,8240
38349,3257
38350,6631
38351,1625
38352,29
38353,230
38354,3781
38355,7331
38356,6616
38357,7586
38358,8452
38359,7838
38360,516
38361,4751
38362,9070
38363,4597
38364,6448
38365,6610
38366,9371
38367,5367
38368,749
38369,9992
38370,8625
38371,3065
38372,4397
38373,2213
38374,3932
38375,1967
38376,5336
38377,1799
38378,6411
38379,594
38380,6188
38381,3210
38382,1352
38383,4200
38384,9410
38385,4795
38386,9367
38387,4766
38388,6035
38389,7465
38390,1072
38391,8727
38392,4512
38393,9584
38394,4991
38395,6622
38396,4978
38397,6076
38398,5410
38399,5694
38400,6848
38401,7363
38402,1997
38403,4077
38404,5078
38405,4114
38406,8887
38407,7816
38408,6664
38409,3744
38410,6814
38411,1251
38412,3510
38413,9863
38414,5740
38415,5540
38416,3271
38417,7274
38418,3853
38419,4835
38420,1991
38421,657
38422,3933
38423,1992
38424,5265
38425,2029
38426,9024
38427,4684
38428,8081
38429,6990
38430,2842
38431,9222
38432,9283
38433,7112
38434,6001
38435,4218
38436,3685
38437,1789
38438,4706
38439,4547
38440,8429
38441,883
38442,4776
38443,3438
38444,9493
38445,5614
38446,9229
38447,3559
38448,8322
38449,8943
38450,3891
38451,9711
38452,9444
38453,4799
38454,7455
38455,4362
38456,7481
38457,7069
38458,5659
38459,9914
38460,5018
38461,7327
38462,8795
38463,1043
38464,221
38465,6067
38466,9607
38467,5518
38468,5027
38469,8132
38470,8135
38471,6489
38472,9123
38473,4072
38474,7358
38475,7952
38476,7955
38477,3248
38478,1503
38479,1587
38480,1607
38481,2438
38482,322
38483,6696
38484,4085
38485,13
38486,7071
38487,9087
38488,5228
38489,201
38490,2390
38491,1245
38492,7772
38493,7941
38494,2413
38495,6031
38496,7430
38497,6744
38498,8463
38499,2379
38500,2477
38501,4437
38502,1269
38503,2064
38504,543
38505,2129
38506,1533
38507,3467
38508,2599
38509,4429
38510,7102
38511,6754
38512,1950
38513,3746
38514,82
38515,2897
38516,5367
38517,9189
38518,1355
38519,9988
38520,9233
38521,2016
38522,9432
38523,8612
38524,1829
38525,6804
38526,7223
38527,3102
38528,5299
38529,2601
38530,7593
38531,2512
38532,8863
38533,9431
38534,9558
38535,3102
38536,7071
38537,1683
38538,9290
38539,6012
38540,7318
38541,6669
38542,509
38543,335
38544,6043
38545,897
38546,9197
38547,3683
38548,7945
38549,938
38550,4413
38551,5436
38552,8000
38553,9856
38554,634
38555,4354
38556,2381
38557,4709
38558,8260
38559,5126
38560,6247
38561,9479
38562,8888
38563,7637
38564,4620
38565,542
38566,4507
38567,3862
38568,3414
38569,2778
38570,2665
38571,2150
38572,7734
38573,583
38574,1575
38575,446
38576,3599
38577,1408
38578,9756
38579,7701
38580,3276
38581,6418
38582,3507
38583,4966
38584,1984
38585,9068
38586,9255
38587,5420
38588,7752
38589,2544
38590,7583
38591,8229
38592,3227
38593,2345
38594,4686
38595,6405
38596,7339
38597,2167
38598,2701
38599,6551
38600,3352
38601,1565
38602,285
38603,2746
38604,9549
38605,3099
38606,7588
38607,7978
38608,2182
38609,162
38610,1614
38611,6811
38612,7734
38613,1836
38614,8448
38615,5519
38616,1380
38617,5332
38618,5138
38619,5821
38620,1701
38621,6684
38622,3400
38623,2408
38624,9872
38625,46
38626,1637
38627,2349
38628,6170
38629,1381
38630,686
38631,5082
38632,262
38633,2874
38634,1626
38635,2241
38636,6443
38637,770
38638,3296
38639,6311
38640,7076
38641,6844
38642,402
38643,8632
38644,1006
38645,7158
38646,9293
38647,1110
38648,8303
38649,9094
38650,2270
38651,9990
38652,2190
38653,5326
38654,1790
38655,6443
38656,9481
38657,4018
38658,7383
38659,3296
38660,4527
38661,2638
38662,548
38663,1790
38664,6615
38665,2358
38666,5417
38667,7179
38668,1970
38669,3101
38670,7107
38671,3572
38672,5091
38673,4911
38674,2314
38675,2495
38676,7938
38677,8185
38678,658
38679,7900
38680,3825
38681,6289
38682,9753
38683,9504
38684,2642
38685,7913
38686,1278
38687,1783
38688,7030
38689,3637
38690,1176
38691,2558
38692,1560
38693,2150
38694,5512
38695,6018
38696,6432
38697,5856
38698,3530
38699,7938
38700,7135
38701,8822
38702,5417
38703,2533
38704,4777
38705,8372
38706,5654
38707,2429
38708,9618
38709,6087
38710,7687
38711,948
38712,4940
38713,6362
38714,6953
38715,7621
38716,8074
38717,3187
38718,5361
38719,5110
38720,3806
38721,2894
38722,9933
38723,1282
38724,6417
38725,1762
38726,7680
38727,7440
38728,1701
38729,9459
38730,8633
38731,5183
38732,3915
38733,6056
38734,6090
38735,6166
38736,6824
38737,6694
38738,2114
38739,5109
38740,9386
38741,446
38742,4335
38743,7018
38744,8823
38745,8836
38746,2003
38747,2685
38748,5871
38749,2350
38750,9611
38751,3826
38752,9030
38753,2291
38754,7473
38755,5832
38756,8738
38757,9604
38758,9006
38759,6692
38760,9053
38761,8107
38762,565
38763,8077
38764,5351
38765,5053
38766,7410
38767,6039
38768,6828
38769,2104
38770,3488
38771,2940
38772,8455
38773,3530
38774,68
38775,3712
38776,9923
38777,2617
38778,5120
38779,8466
38780,1717
38781,2303
38782,2494
38783,2745
38784,3465
38785,947
38786,887
38787,8748
38788,2472
38789,4503
38790,6145
38791,7991
38792,2225
38793,5736
38794,5957
38795,8431
38796,1437
38797,6297
38798,1709
38799,2155
38800,8208
38801,6968
38802,4282
38803,9431
38804,1833
38805,3994
38806,8832
38807,8471
38808,3781
38809,510
38810,5616
38811,7949
38812,5617
38813,2760
38814,1322
38815,2163
38816,4746
38817,618
38818,5114
38819,1673
38820,3304
38821,5934
38822,2007
38823,6032
38824,3195
38825,1541
38826,4226
38827,7394
38828,3716
38829,7269
38830,4512
38831,8877
38832,9856
38833,5014
38834,3554
38835,3828
38836,8097
38837,7092
38838,3453
38839,5719
38840,1057
38841,9533
38842,2670
38843,7940
38844,7068
38845,6276
38846,8965
38847,8087
38848,3418
38849,6311
38850,7504
38851,1694
38852,879
38853,5133
38854,9115
38855,5885
38856,7222
38857,6737
38858,9832
38859,552
38860,2213
38861,2945
38862,761
38863,2121
38864,8622
38865,7286
38866,9688
38867,5709
38868,556
38869,4971
38870,2567
38871,1581
38872,6594
38873,8655
38874,2701
38875,6970
38876,9959
38877,4784
38878,69
38879,9619
38880,6221
38881,1348
38882,8668
38883,7011
38884,7958
38885,2481
38886,8921
38887,9437
38888,8764
38889,9184
38890,4530
38891,8111
38892,1740
38893,4349
38894,7889
38895,8047
38896,7810
38897,3057
38898,9559
38899,5235
38900,1795
38901,1972
38902,7256
38903,9390
38904,5975
38905,2688
38906,6115
38907,5317
38908,3133
38909,3153
38910,2810
38911,333
38912,2212
38913,6212
38914,7452
38915,1804
38916,2352
38917,3055
38918,1317
38919,1465
38920,9164
38921,9919
38922,5401
38923,2549
38924,3628
38925,2388
38926,9076
38927,2215
38928,1149
38929,3601
38930,4724
38931,4724
38932,9747
38933,4677
38934,8467
38935,8303
38936,7864
38937,7168
38938,3983
38939,9736
38940,2279
38941,2493
38942,1223
38943,4745
38944,4439
38945,9108
38946,9783
38947,9806
38948,6005
38949,579
38950,8105
38951,1555
38952,918
38953,4472
38954,4093
38955,3350
38956,6957
38957,7049
38958,7122
38959,2435
38960,7165
38961,9215
38962,6680
38963,1882
38964,4919
38965,8407
38966,825
38967,75
38968,2061
38969,12
38970,7436
38971,334
38972,6144
38973,614
38974,4901
38975,2592
38976,3132
38977,7986
38978,3124
38979,356
38980,3453
38981,2264
38982,8312
38983,32
38984,3826
38985,1717
38986,6725
38987,6063
38988,3825
38989,8948
38990,524
38991,6297
38992,3049
38993,5871
38994,2866
38995,2351
38996,8526
38997,6346
38998,3372
38999,7816
39000,3500
39001,2517
39002,8158
39003,5177
39004,3188
39005,7441
39006,3334
39007,9764
39008,1554
39009,5861
39010,8727
39011,6182
39012,4643
39013,9951
39014,6296
39015,9042
39016,2275
39017,8914
39018,8268
39019,8962
39020,6297
39021,5270
39022,8666
39023,4201
39024,4909
39025,1477
39026,4862
39027,6111
39028,7557
39029,2770
39030,6431
39031,1403
39032,3703
39033,5388
39034,1709
39035,1130
39036,5339
39037,1581
39038,738
39039,625
39040,380
39041,6777
39042,5348
39043,4952
39044,9149
39045,1129
39046,9657
39047,6341
39048,7029
39049,2432
39050,7600
39051,9542
39052,9720
39053,5835
39054,6770
39055,8912
39056,4580
39057,583
39058,517
39059,6745
39060,2232
39061,7698
39062,1304
39063,9899
39064,797
39065,4677
39066,2243
39067,8788
39068,3660
39069,3259
39070,6081
39071,4046
39072,8757
39073,1719
39074,5222
39075,1520
39076,5913
39077,8177
39078,7562
39079,3516
39080,6088
39081,6442
39082,3643
39083,1471
39084,5924
39085,6362
39086,2181
39087,7938
39088,8604
39089,8485
39090,6816
39091,6125
39092,8442
39093,4666
39094,8902
39095,2680
39096,4370
39097,2558
39098,2336
39099,2806
39100,7056
39101,2216
39102,5189
39103,1620
39104,8689
39105,474
39106,4333
39107,8867
39108,5485
39109,9691
39110,6975
39111,808
39112,2810
39113,3250
39114,3365
39115,3939
39116,869
39117,8565
39118,7698
39119,5032
39120,7594
39121,6412
39122,9117
39123,1784
39124,3375
39125,8024
39126,8352
39127,7435
39128,3031
39129,4247
39130,6404
39131,3827
39132,9272
39133,770
39134,4461
39135,4637
39136,2749
39137,7449
39138,5558
39139,6801
39140,7926
39141,6855
39142,6877
39143,9118
39144,3953
39145,3470
39146,1502
39147,3631
39148,8928
39149,9811
39150,5028
39151,8172
39152,6760
39153,4851
39154,9141
39155,7478
39156,97
39157,572
39158,1278
39159,9692
39160,5571
39161,6055
39162,9774
39163,4664
39164,3181
39165,7522
39166,7862
39167,2810
39168,6856
39169,5048
39170,9459
39171,4898
39172,4790
39173,1153
39174,6713
39175,757
39176,7104
39177,6455
39178,3498
39179,9347
39180,2114
39181,3866
39182,5129
39183,5268
39184,2778
39185,4069
39186,1818
39187,5490
39188,419
39189,655
39190,1561
39191,5372
39192,1123
39193,3597
39194,71
39195,9437
39196,1737
39197,4602
39198,8178
39199,2976
39200,3370
39201,5672
39202,8080
39203,9614
39204,9935
39205,6710
39206,3640
39207,3879
39208,5210
39209,2049
39210,7464
39211,1317
39212,6644
39213,1734
39214,5680
39215,4700
39216,2465
39217,951
39218,7102
39219,5305
39220,7698
39221,3071
39222,9486
39223,8597
39224,3773
39225,7704
39226,9292
39227,2898
39228,9924
39229,4453
39230,4016
39231,1096
39232,6509
39233,1314
39234,6520
39235,1024
39236,8422
39237,5858
39238,9328
39239,8674
39240,5130
39241,425
39242,1878
39243,4122
39244,1543
39245,7932
39246,1472
39247,7708
39248,1875
39249,4019
39250,9938
39251,7983
39252,7720
39253,8673
39254,3187
39255,2875
39256,3207
39257,2471
39258,7792
39259,3591
39260,8702
39261,8004
39262,130
39263,1785
39264,616
39265,8139
39266,7385
39267,829
39268,793
39269,1856
39270,7570
39271,401
39272,7890
39273,1142
39274,4455
39275,5328
39276,5572
39277,4449
39278,686
39279,6261
39280,604
39281,3334
39282,6178
39283,6436
39284,7740
39285,2944
39286,5043
39287,6773
39288,6096
39289,4343
39290,849
39291,2520
39292,4697
39293,2897
39294,3053
39295,1641
39296,1415
39297,7642
39298,6125
39299,6505
39300,2499
39301,4500
39302,15
39303,2591
39304,8421
39305,8213
39306,2852
39307,5514
39308,6857
39309,8659
39310,8368
39311,7293
39312,1983
39313,2205
39314,7584
39315,8153
39316,7562
39317,3838
39318,5095
39319,4747
39320,249
39321,9118
39322,2962
39323,865
39324,3248
39325,563
39326,8144
39327,9430
39328,8396
39329,7348
39330,6004
39331,9627
39332,2703
39333,1981
39334,5412
39335,8701
39336,4124
39337,3783
39338,3657
39339,7919
39340,2876
39341,696
39342,2077
39343,5917
39344,457
39345,9968
39346,9326
39347,303
39348,4170
39349,2556
39350,8277
39351,7054
39352,3785
39353,9501
39354,4188
39355,3544
39356,2063
39357,7122
39358,1709
39359,2528
39360,9939
39361,5578
39362,6842
39363,8571
39364,3749
39365,4383
39366,349
39367,2872
39368,623
39369,1113
39370,8994
39371,6756
39372,8268
39373,4521
39374,7322
39375,5415
39376,580
39377,8741
39378,5366
39379,126
39380,7234
39381,3041
39382,3466
39383,3061
39384,9836
39385,8443
39386,8666
39387,7817
39388,7312
39389,1888
39390,4891
39391,4646
39392,2544
39393,3819
39394,8773
39395,5615
39396,7743
39397,3651
39398,666
39399,3161
39400,9150
39401,4120
39402,7217
39403,316
39404,8906
39405,4502
39406,8879
39407,8412
39408,4504
39409,1406
39410,3470
39411,4363
39412,2172
39413,7686
39414,4554
39415,3158
39416,837
39417,2665
39418,6721
39419,8701
39420,9263
39421,7874
39422,7535
39423,5180
39424,3506
39425,6104
39426,4232
39427,9328
39428,1999
39429,6589
39430,5514
39431,4190
39432,1392
39433,4177
39434,3176
39435,2645
39436,5555
39437,9231
39438,5219
39439,9820
39440,9437
39441,5392
39442,3993
39443,1415
39444,7747
39445,6210
39446,5752
39447,6721
39448,9749
39449,1894
39450,5182
39451,2194
39452,6327
39453,7013
39454,8420
39455,7440
39456,4360
39457,9013
39458,8471
39459,6377
39460,4709
39461,9388
39462,1743
39463,2977
39464,82
39465,5003
39466,6127
39467,7895
39468,5052
39469,8071
39470,640
39471,5613
39472,887
39473,8958
39474,4303
39475,9652
39476,2550
39477,91
39478,1341
39479,9924
39480,7965
39481,366
39482,9521
39483,589
39484,655
39485,6273
39486,8509
39487,243
39488,1044
39489,6027
39490,5131
39491,1745
39492,4287
39493,951
39494,359
39495,1415
39496,7474
39497,1555
39498,4330
39499,9953
39500,1756
39501,7906
39502,1364
39503,7340
39504,4298
39505,9370
39506,4776
39507,5967
39508,6845
39509,2595
39510,4717
39511,910
39512,3351
39513,7704
39514,137
39515,1685
39516,1787
39517,5175
39518,8435
39519,593
39520,1476
39521,8704
39522,6760
39523,1165
39524,9701
39525,7970
39526,945
39527,365
39528,2004
39529,5166
39530,6291
39531,9647
39532,7419
39533,5374
39534,3984
39535,2514
39536,2156
39537,7679
39538,7314
39539,1220
39540,6189
39541,8831
39542,4892
39543,6834
39544,6208
39545,9696
39546,1117
39547,4996
39548,3444
39549,8033
39550,2825
39551,7071
39552,2045
39553,6817
39554,6983
39555,179
39556,8833
39557,9006
39558,5025
39559,6907
39560,3044
39561,4490
39562,3422
39563,4998
39564,7140
39565,3879
39566,6109
39567,801
39568,3851
39569,3366
39570,7532
39571,4935
39572,5084
39573,6710
39574,2104
39575,6260
39576,8817
39577,5262
39578,7013
39579,4306
39580,2311
39581,5279
39582,9774
39583,514
39584,1955
39585,1871
39586,3732
39587,3693
39588,413
39589,4341
39590,9821
39591,2916
39592,4738
39593,7719
39594,1579
39595,149
39596,4693
39597,6740
39598,5072
39599,4675
39600,2182
39601,6089
39602,3430
39603,6287
39604,1259
39605,6074
39606,2707
39607,2763
39608,4944
39609,6475
39610,3894
39611,7264
39612,104
39613,4301
39614,5790
39615,5093
39616,9877
39617,8214
39618,2311
39619,4093
39620,6129
39621,6234
39622,382
39623,4499
39624,5861
39625,6038
39626,8619
39627,826
39628,3622
39629,7757
39630,6360
39631,7449
39632,1342
39633,6371
39634,765
39635,3535
39636,1806
39637,3069
39638,2187
39639,2060
39640,1999
39641,7528
39642,8756
39643,5819
39644,5623
39645,8467
39646,9124
39647,8735
39648,5986
39649,1703
39650,2061
39651,2930
39652,4855
39653,4177
39654,6241
39655,4633
39656,9087
39657,6756
39658,6149
39659,1468
39660,3805
39661,3420
39662,4034
39663,6279
39664,572
39665,6102
39666,7002
39667,7018
39668,7806
39669,5669
39670,6094
39671,2981
39672,354
39673,6621
39674,7134
39675,6294
39676,2726
39677,9874
39678,5670
39679,7242
39680,4903
39681,1129
39682,2272
39683,752
39684,5011
39685,5313
39686,7340
39687,792
39688,106
39689,8788
39690,6671
39691,4921
39692,2248
39693,9118
39694,3359
39695,2498
39696,3803
39697,7827
39698,2847
39699,2396
39700,7406
39701,1851
39702,9404
39703,5376
39704,8074
39705,4779
39706,8931
39707,326
39708,7463
39709,85
39710,5079
39711,213
39712,7905
39713,6577
39714,7470
39715,3785
39716,8088
39717,6934
39718,7590
39719,5568
39720,4365
39721,3061
39722,2673
39723,8633
39724,7394
39725,3172
39726,8399
39727,5088
39728,48
39729,8930
39730,3175
39731,4789
39732,6196
39733,2134
39734,7409
39735,4144
39736,6304
39737,3781
39738,5548
39739,3267
39740,6471
39741,5398
39742,7910
39743,1254
39744,667
39745,1709
39746,4466
39747,6078
39748,8057
39749,5973
39750,6245
39751,4545
39752,7283
39753,1986
39754,7947
39755,3679
39756,4202
39757,947
39758,5606
39759,1299
39760,4680
39761,2160
39762,7431
39763,8714
39764,1526
39765,1414
39766,4502
39767,6180
39768,2363
39769,590
39770,3339
39771,8303
39772,4560
39773,2973
39774,308
39775,4126
39776,54
39777,7657
39778,2553
39779,3869
39780,4788
39781,4404
39782,3562
39783,3165
39784,297
39785,3715
39786,526
39787,2211
39788,6587
39789,8112
39790,3668
39791,6932
39792,4296
39793,3946
39794,9371
39795,1000
39796,4981
39797,7731
39798,1861
39799,8199
39800,2719
39801,4017
39802,2631
39803,2188
39804,848
39805,9757
39806,9424
39807,4944
39808,9635
39809,8114
39810,7348
39811,1178
39812,7358
39813,957
39814,170
39815,2637
39816,2545
39817,2282
39818,3473
39819,4814
39820,170
39821,1794
39822,6608
39823,3192
39824,3634
39825,8968
39826,2037
39827,8386
39828,1906
39829,2414
39830,2549
39831,742
39832,9823
39833,587
39834,2171
39835,8579
39836,3858
39837,1318
39838,851
39839,2181
39840,8357
39841,6263
39842,9904
39843,3395
39844,4831
39845,5823
39846,1423
39847,54
39848,1696
39849,5246
39850,6635
39851,2735
39852,9625
39853,8019
39854,4024
39855,5790
39856,4605
39857,8275
39858,3028
39859,6302
39860,1570
39861,9093
39862,9448
39863,482
39864,5445
39865,2227
39866,8902
39867,62
39868,2997
39869,8340
39870,9599
39871,2147
39872,837
39873,8174
39874,1258
39875,4845
39876,8387
39877,3452
39878,7412
39879,3203
39880,4938
39881,9614
39882,7606
39883,2926
39884,9217
39885,4547
39886,7061
39887,5655
39888,4271
39889,1945
39890,8051
39891,9670
39892,4548
39893,4436
39894,1368
39895,1779
39896,9391
39897,1202
39898,2826
39899,6277
39900,7035
39901,4866
39902,5227
39903,1052
39904,5253
39905,8427
39906,6765
39907,6477
39908,3987
39909,1893
39910,550
39911,8847
39912,5095
39913,4811
39914,4736
39915,7032
39916,1698
39917,9056
39918,6644
39919,414
39920,3353
39921,7821
39922,7028
39923,8721
39924,1417
39925,9022
39926,7040
39927,7369
39928,4540
39929,7938
39930,4077
39931,6216
39932,2191
39933,3242
39934,8626
39935,1561
39936,367
39937,1604
39938,5138
39939,9212
39940,8398
39941,9235
39942,9063
39943,358
39944,1668
39945,8776
39946,1829
39947,6481
39948,5891
39949,6665
39950,9132
39951,4018
39952,6053
39953,493
39954,3922
39955,367
39956,8455
39957,9036
39958,1200
39959,9905
39960,4574
39961,5989
39962,8694
39963,3419
39964,8253
39965,8463
39966,1918
39967,3656
39968,7725
39969,2387
39970,4346
39971,5414
39972,5968
39973,1635
39974,5428
39975,9430
39976,4396
39977,6364
39978,1399
39979,5919
39980,1497
39981,6511
39982,9118
39983,720
39984,1896
39985,2226
39986,1330
39987,7916
39988,4455
39989,4841
39990,7827
39991,6994
39992,8602
39993,760
39994,5604
39995,7181
39996,7501
39997,1897
39998,3695
39999,1428
40000,2613
40001,3781
40002,5110
40003,9847
40004,3497
40005,9015
40006,5920
40007,6318
40008,4743
40009,3179
40010,1033
40011,9711
40012,1403
40013,5249
40014,2356
40015,865
40016,9368
40017,2764
40018,1675
40019,4048
40020,3697
40021,1126
40022,4552
40023,743
40024,2931
40025,9908
40026,3508
40027,9326
40028,4727
40029,4864
40030,1868
40031,5483
40032,2523
40033,4970
40034,3525
40035,9999
40036,2326
40037,2024
40038,2177
40039,3038
40040,9345
40041,4241
40042,3158
40043,7531
40044,9137
40045,10
40046,8278
40047,7621
40048,2638
40049,6144
40050,583
40051,1558
40052,8387
40053,6055
40054,3502
40055,8235
40056,7849
40057,9822
40058,5699
40059,1906
40060,2465
40061,5426
40062,5393
40063,1415
40064,4548
40065,1196
40066,2149
40067,2688
40068,3804
40069,2729
40070,8058
40071,4612
40072,4460
40073,3967
40074,6079
40075,8689
40076,288
40077,2601
40078,8851
40079,364
40080,2252
40081,4909
40082,6246
40083,2490
40084,567
40085,3496
40086,171
40087,6254
40088,708
40089,3554
40090,3787
40091,2215
40092,501
40093,2002
40094,1042
40095,3293
40096,6026
40097,4929
40098,5984
40099,8987
40100,1843
40101,1001
40102,6994
40103,6356
40104,1793
40105,5194
40106,1194
40107,1678
40108,6843
40109,5834
40110,581
40111,4310
40112,3748
40113,593
40114,7333
40115,8509
40116,8263
40117,7550
40118,5589
40119,4580
40120,5701
40121,1969
40122,8040
40123,5136
40124,3772
40125,2796
40126,1552
40127,1685
40128,43
40129,2809
40130,7506
40131,1865
40132,6933
40133,2695
40134,1067
40135,6948
40136,4511
40137,7607
40138,6581
40139,4398
40140,6032
40141,2637
40142,3830
40143,7257
40144,3653
40145,6201
40146,3772
40147,5997
40148,8808
40149,2365
40150,1343
40151,4018
40152,2483
40153,6153
40154,3743
40155,2096
40156,3360
40157,8577
40158,1962
40159,3720
40160,1703
40161,8273
40162,1784
40163,583
40164,6495
40165,4674
40166,5069
40167,5372
40168,4076
40169,6481
40170,6123
40171,8354
40172,5384
40173,8930
40174,9754
40175,3673
40176,6704
40177,6151
40178,6296
40179,6170
40180,9201
40181,7152
40182,5031
40183,6880
40184,6318
40185,9336
40186,4752
40187,3155
40188,8153
40189,2725
40190,8555
40191,5403
40192,9504
40193,4092
40194,3741
40195,8711
40196,1547
40197,8102
40198,187
40199,2386
40200,7748
40201,9002
40202,6841
40203,3253
40204,3676
40205,947
40206,3037
40207,2030
40208,7212
40209,1984
40210,9720
40211,1268
40212,7062
40213,3120
40214,9444
40215,2763
40216,5804
40217,2685
40218,429
40219,8854
40220,2881
40221,877
40222,8375
40223,8014
40224,4742
40225,9761
40226,4137
40227,4602
40228,2252
40229,2498
40230,1522
40231,5626
40232,2781
40233,1653
40234,33
40235,2347
40236,2953
40237,8032
40238,4736
40239,1726
40240,7104
40241,4143
40242,6539
40243,754
40244,4187
40245,8195
40246,5950
40247,59
40248,6822
40249,6227
40250,3059
40251,5235
40252,7878
40253,3899
40254,7961
40255,9824
40256,9989
40257,7645
40258,5785
40259,3365
40260,9215
40261,8355
40262,6271
40263,2324
40264,3466
40265,7418
40266,4276
40267,8818
40268,3059
40269,4653
40270,5314
40271,1935
40272,6855
40273,6820
40274,2467
40275,6892
40276,7830
40277,9813
40278,4251
40279,3119
40280,5255
40281,9829
40282,7973
40283,4450
40284,7620
40285,2008
40286,1141
40287,2002
40288,8057
40289,8715
40290,5050
40291,722
40292,224
40293,5756
40294,8805
40295,6991
40296,3779
40297,4877
40298,8871
40299,1090
40300,9627
40301,484
40302,9333
40303,872
40304,9013
40305,4282
40306,8688
40307,8893
40308,3118
40309,277
40310,8986
40311,3883
40312,6541
40313,2411
40314,4919
40315,2326
40316,8186
40317,7619
40318,1211
40319,5196
40320,286
40321,5337
40322,8508
40323,640
40324,2595
40325,6671
40326,7451
40327,7410
40328,1147
40329,6978
40330,1723
40331,9250
40332,9785
40333,3361
40334,8103
40335,6225
40336,9153
40337,1234
40338,5455
40339,8234
40340,106
40341,4368
40342,3151
40343,7990
40344,181
40345,4863
40346,9102
40347,8943
40348,5441
40349,7547
40350,8592
40351,968
40352,4680
40353,8545
40354,3491
40355,1579
40356,7941
40357,8657
40358,5552
40359,8645
40360,3491
40361,7941
40362,5703
40363,1427
40364,5866
40365,7686
40366,7021
40367,6719
40368,680
40369,5423
40370,6011
40371,2294
40372,5450
40373,8301
40374,2797
40375,7867
40376,417
40377,987
40378,5563
40379,8344
40380,7462
40381,8921
40382,9661
40383,8619
40384,9306
40385,554
40386,7163
40387,6970
40388,7554
40389,6312
40390,5915
40391,8974
40392,9895
40393,9270
40394,4233
40395,1583
40396,4982
40397,3803
40398,7529
40399,2663
40400,550
40401,2221
40402,9760
40403,8332
40404,5553
40405,3830
40406,2241
40407,9027
40408,2728
40409,7700
40410,1032
40411,5364
40412,4236
40413,8898
40414,9239
40415,823
40416,3847
40417,8860
40418,1093
40419,2984
40420,9385
40421,5576
40422,6691
40423,2634
40424,5515
40425,7559
40426,2742
40427,2007
40428,9450
40429,7685
40430,7787
40431,4353
40432,8213
40433,3617
40434,8938
40435,519
40436,9470
40437,6104
40438,5755
40439,4826
40440,3052
40441,4920
40442,6582
40443,1068
40444,4310
40445,9091
40446,5513
40447,2962
40448,5706
40449,7620
40450,2754
40451,9710
40452,7647
40453,3043
40454,6044
40455,9969
40456,9334
40457,1211
40458,258
40459,8013
40460,5286
40461,8431
40462,2685
40463,9486
40464,2885
40465,8522
40466,7304
40467,37
40468,519
40469,650
40470,3260
40471,3757
40472,2729
40473,3913
40474,5015
40475,9513
40476,3346
40477,9692
40478,1428
40479,7609
40480,9660
40481,3469
40482,4914
40483,7322
40484,7352
40485,9539
40486,5258
40487,3091
40488,356
40489,126
40490,9622
40491,3092
40492,1641
40493,2009
40494,8069
40495,7279
40496,8142
40497,6108
40498,9008
40499,7013
40500,1701
40501,2714
40502,5550
40503,3445
40504,8412
40505,9892
40506,1787
40507,3157
40508,8067
40509,2509
40510,696
40511,5076
40512,9131
40513,9516
40514,2843
40515,9975
40516,2255
40517,1195
40518,2474
40519,8585
40520,1531
40521,989
40522,4187
40523,3620
40524,7481
40525,5710
40526,7583
40527,1963
40528,5556
40529,9686
40530,893
40531,4833
40532,133
40533,535
40534,2096
40535,6421
40536,6109
40537,9578
40538,4416
40539,4145
40540,8036
40541,4886
40542,8782
40543,2003
40544,4535
40545,8658
40546,9653
40547,213
40548,4223
40549,5933
40550,6375
40551,5002
40552,6216
40553,7511
40554,7469
40555,2202
40556,5059
40557,2719
40558,9384
40559,2838
40560,9160
40561,4084
40562,5960
40563,78
40564,1647
40565,5673
40566,8403
40567,8467
40568,6261
40569,3135
40570,7104
40571,7515
40572,6343
40573,248
40574,5056
40575,8027
40576,300
40577,6474
40578,1818
40579,964
40580,7042
40581,1940
40582,6999
40583,8485
40584,9008
40585,7789
40586,5140
40587,6595
40588,2686
40589,3581
40590,3769
40591,9820
40592,5131
40593,9010
40594,3796
40595,951
40596,8241
40597,1348
40598,4662
40599,1331
40600,1664
40601,3078
40602,4748
40603,6603
40604,8596
40605,801
40606,6686
40607,753
40608,6534
40609,6584
40610,203
40611,7904
40612,4284
40613,3907
40614,8419
40615,3592
40616,5093
40617,8139
40618,5353
40619,7527
40620,7799
40621,3913
40622,1795
40623,7972
40624,9384
40625,533
40626,3306
40627,6966
40628,4489
40629,7721
40630,5695
40631,6657
40632,8570
40633,7804
40634,5600
40635,4393
40636,408
40637,2161
40638,5440
40639,3890
40640,136
40641,2097
40642,1780
40643,7035
40644,8448
40645,5935
40646,3328
40647,2091
40648,2067
40649,5297
40650,5913
40651,5345
40652,2999
40653,7585
40654,5731
40655,7088
40656,349
40657,2738
40658,1601
40659,7853
40660,5793
40661,3171
40662,9510
40663,8185
40664,4639
40665,6911
40666,2307
40667,5460
40668,7300
40669,4954
40670,9711
40671,5328
40672,3817
40673,22
40674,4044
40675,5540
40676,9782
40677,3443
40678,4643
40679,2061
40680,3886
40681,5918
40682,6140
40683,6437
40684,1833
40685,3440
40686,2750
40687,1798
40688,1962
40689,9153
40690,3430
40691,3037
40692,3111
40693,5883
40694,3598
40695,3855
40696,5747
40697,9349
40698,1427
40699,3919
40700,4755
40701,2782
40702,5185
40703,6285
40704,2259
40705,3868
40706,1635
40707,2759
40708,2615
40709,1857
40710,7217
40711,8780
40712,1146
40713,3143
40714,1167
40715,7462
40716,9851
40717,7285
40718,5423
40719,4382
40720,5621
40721,1596
40722,2333
40723,243
40724,9467
40725,7926
40726,41
40727,9573
40728,8961
40729,3213
40730,5904
40731,1804
40732,771
40733,4090
40734,291
40735,4081
40736,4635
40737,5988
40738,9017
40739,4569
40740,1480
40741,3297
40742,4269
40743,5716
40744,520
40745,7971
40746,8756
40747,6794
40748,9508
40749,5503
40750,268
40751,6598
40752,9426
40753,1675
40754,9605
40755,1875
40756,775
40757,8266
40758,3459
40759,2715
40760,5775
40761,4984
40762,205
40763,1393
40764,2445
40765,1460
40766,8424
40767,7934
40768,7068
40769,7326
40770,5638
40771,451
40772,9639
40773,2377
40774,4875
40775,9084
40776,7169
40777,460
40778,7049
40779,5208
40780,8944
40781,7296
40782,9746
40783,3360
40784,2839
40785,2623
40786,1925
40787,7222
40788,9450
40789,537
40790,4829
40791,7889
40792,8442
40793,8566
40794,1218
40795,4130
40796,6486
40797,2971
40798,4786
40799,2427
40800,1626
40801,9237
40802,8921
40803,4692
40804,9175
40805,6835
40806,1856
40807,1381
40808,1476
40809,8892
40810,97
40811,2522
40812,8695
40813,1255
40814,6126
40815,9343
40816,4241
40817,987
40818,8743
40819,6732
40820,9604
40821,9012
40822,4517
40823,3502
40824,4935
40825,1143
40826,4875
40827,7779
40828,8770
40829,3010
40830,9523
40831,7676
40832,6714
40833,7375
40834,6642
40835,1777
40836,2084
40837,1151
40838,1087
40839,4609
40840,6130
40841,8353
40842,4842
40843,8680
40844,1695
40845,3501
40846,1381
40847,5469
40848,3433
40849,9898
40850,3986
40851,1408
40852,5371
40853,1411
40854,9910
40855,1422
40856,6440
40857,3240
40858,7531
40859,5859
40860,6066
40861,4732
40862,8119
40863,1274
40864,2269
40865,372
40866,6286
40867,9734
40868,6430
40869,5394
40870,6758
40871,9585
40872,7841
40873,676
40874,2822
40875,2485
40876,6983
40877,3110
40878,3411
40879,5025
40880,2561
40881,2161
40882,6647
40883,397
40884,5874
40885,3171
40886,2390
40887,8578
40888,4345
40889,1290
40890,753
40891,7366
40892,3496
40893,8033
40894,1078
40895,9210
40896,6981
40897,7536
40898,8544
40899,640
40900,307
40901,8158
40902,8899
40903,5326
40904,1515
40905,2835
40906,8580
40907,8907
40908,2424
40909,5666
40910,8972
40911,9296
40912,5157
40913,4454
40914,7557
40915,9433
40916,1456
40917,2412
40918,5652
40919,1836
40920,7928
40921,3857
40922,1102
40923,4687
40924,1730
40925,892
40926,133
40927,3500
40928,5807
40929,612
40930,3841
40931,5470
40932,8506
40933,6956
40934,3238
40935,9453
40936,9138
40937,6518
40938,2323
40939,3299
40940,7006
40941,4854
40942,2208
40943,8887
40944,4245
40945,8256
40946,3222
40947,4179
40948,3216
40949,651
40950,4849
40951,6179
40952,7665
40953,71
40954,1233
40955,502
40956,6832
40957,6621
40958,1149
40959,5500
40960,6804
40961,1265
40962,2505
40963,3295
40964,2265
40965,9203
40966,1135
40967,3891
40968,4115
40969,1156
40970,796
40971,268
40972,3859
40973,6440
40974,6184
40975,4626
40976,8190
40977,725
40978,1653
40979,133
40980,1783
40981,9123
40982,2187
40983,6899
40984,1513
40985,5671
40986,7104
40987,2134
40988,3264
40989,2423
40990,4397
40991,6099
40992,5843
40993,166
40994,9325
40995,5013
40996,5763
40997,927
40998,6263
40999,1712
41000,1675
41001,5399
41002,7173
41003,5817
41004,2121
41005,3724
41006,6993
41007,5120
41008,2407
41009,5464
41010,1565
41011,4512
41012,353
41013,1554
41014,4006
41015,6858
41016,8240
41017,4392
41018,8056
41019,4996
41020,3433
41021,9230
41022,245
41023,8003
41024,9170
41025,5234
41026,1240
41027,248
41028,4934
41029,61
41030,9582
41031,1066
41032,8223
41033,8508
41034,7619
41035,2619
41036,3610
41037,1975
41038,6542
41039,3588
41040,5571
41041,2553
41042,514
41043,8338
41044,5094
41045,9504
41046,4024
41047,6317
41048,3624
41049,5152
41050,6081
41051,4816
41052,516
41053,9735
41054,4013
41055,8909
41056,9825
41057,7621
41058,1717
41059,8503
41060,2454
41061,8519
41062,5916
41063,2965
41064,2937
41065,867
41066,2730
41067,3032
41068,8878
41069,388
41070,8418
41071,6068
41072,7428
41073,4973
41074,4861
41075,2999
41076,3840
41077,5413
41078,9708
41079,6860
41080,9492
41081,1949
41082,4704
41083,7335
41084,7725
41085,8437
41086,9985
41087,7637
41088,4205
